:020000040800F2
:100000007885012041030008DF360008BD2B000879
:10001000DD360008A10A0008D13E000800000000FB
:100020000000000000000000000000008102000845
:10003000C10B000800000000DD020008CD390008F7
:100040005B0300085B0300085B0300085B03000818
:100050005B0300085B0300085B0300085B03000808
:100060005B0300085B0300085B0300085B030008F8
:100070005B0300085B0300085B0300085B030008E8
:100080005B0300085B0300085B030008000000003E
:100090000000000000000000000000005B030008FA
:1000A0005B0300088D3A00085B0300085B0300084F
:1000B0005B0300085B0300085B0300085B030008A8
:1000C0005B0300085B0300085B0300085B03000898
:1000D0005B030008C53E00085B0300080000000049
:1000E0005B0300085B0300085B03000800000000DE
:1000F0000000000000000000000000005B0300089A
:10010000000000005B0300085B0300085B030008BD
:1001100000000000000000000000000000000000DF
:100120005B0300085B030008F90A00085B03000892
:100130005B03000800000000000000000000000059
:100140000000000000000000000000005B03000849
:10015000050B00085B030008110B00085B03000897
:100160005B0300085B0300080000000000000000C3
:10017000000000000000000000000000000000007F
:10018000000000005B030008000000000000000009
:100190005B0300085B03000800F002F800F061F860
:1001A0000AA090E8000C82448344AAF10107DA45D2
:1001B00001D100F056F8AFF2090EBAE80F0013F0C3
:1001C000010F18BFFB1A43F001031847809C02007F
:1001D000A09C02000A444FF0000C10F8013B13F001
:1001E000070408BF10F8014B1D1108BF10F8015B90
:1001F000641E05D010F8016B641E01F8016BF9D183
:1002000013F0080F1EBF10F8014BAD1C0C1B09D1D9
:100210006D1E58BF01F801CBFAD505E014F8016B4B
:1002200001F8016B6D1EF9D59142D6D370470000DD
:100230000023002400250026103A28BF78C1FBD8EF
:10024000520728BF30C148BF0B607047642900F0D7
:100250005781002070471FB522F0F0F91FBD10B57F
:1002600010BD00F04EFB1146FFF7F5FF1DF0C4FB7B
:1002700000F06CFB03B4FFF7F2FF03BC00F074FB6B
:100280002C4B19680868B0E8F04F80F30988BFF379
:100290006F8F4FF0000080F311887047000000005E
:1002A00008480068006880F308884FF0000080F379
:1002B000148862B661B6BFF34F8FBFF36F8F00DF54
:1002C00000BF00BF08ED00E0DFF80C00016841F45A
:1002D00070010160704700BF88ED00E0EFF3098016
:1002E000BFF36F8F134B1A681EF0100F08BF20ED7D
:1002F000108A20E9F04F106009B44FF0500080F3ED
:100300001188BFF34F8FBFF36F8F21F09DFB4FF02C
:10031000000080F3118809BC19680868B0E8F04F44
:100320001EF0100F08BFB0EC108A80F30988BFF3ED
:100330006F8F7047AC000020EFF30580704700001E
:100340000948804709480047FEE7FEE7FEE7FEE769
:10035000FEE7FEE7FEE7FEE7FEE7FEE704480549A5
:10036000054A064B704700007D3A000899010008D5
:10037000787F012078850120788101207881012013
:1003800053EA020C00F069802DE9F04B4FF00006B3
:10039000002B1FBFB3FA83F503FA05F424FA05F620
:1003A0005E4012BF1643B2FA82F502FA05F4C5F1B7
:1003B00020051EBF22FA05FC44EA0C04203556EA4B
:1003C000044C4FEA144418BF641C4FF000084FF06F
:1003D0000009904271EB030C39D3002919BFB1FA1F
:1003E00081F701FA07F6B0FA80F700FA07F6C7F1CD
:1003F00020071EBF20FA07FC46EA0C062037B6FB92
:10040000F4FCA7EB0507103F07F01F0BCBF120060C
:100410000CFA0BFB2CFA06F644BFB3460026202F3D
:10042000A4BF5E464FF0000B5BEA060C08BF4FF01E
:10043000010B19EB0B09ABFB027C48EB0608C01B58
:1004400006FB02CC0BFB03CC71EB0C01C1E70B46A6
:10045000024641464846BDE8F08B13B54FF0000018
:100460004FF00001AFF30080BDE81C407047000072
:100470000FB41CB5074B06AA7B446946009005984B
:1004800000F005FA0020694600F014FA1CBC5DF883
:1004900014FB0000390400002DE9F0410E4604462B
:1004A000002020622046E168884730B3252805D027
:1004B000D4E901219047206A401CF2E7E168204618
:1004C00000278847050018D0A5F14100192802D857
:1004D00020354FF400673246294620462760FFF753
:1004E000B5FE40B1012804D0F61D26F007060836F7
:1004F000D8E7361DD6E72846DAE7206ABDE8F0815E
:100500002DE9F0410646002410687529314616A5EC
:1005100010D0AFF30080002802DA404213A507E0B4
:1005200031688A0701D512A502E0490704D511A553
:10053000012401E0AFF3008000210A2206F1240724
:1005400009E0B0FBF2FCB0FBF2F302FB1C00303020
:1005500078541846491C0028F3D123462A463046D1
:10056000BDE8F04100F035B9000000002D000000AA
:100570002B0000002000000040EA0103024630B5D5
:100580009B0710D14FF0013400E008C208C91D1BC1
:100590009D4315EAC41FF8D013F0FF0102F8011BB8
:1005A0000DD01B0AF8E711F8013B002B02F8013BC4
:1005B00005D011F8013B002B02F8013BF3D130BD0F
:1005C00010B5431C02E010F8011B71B18107FAD18C
:1005D0004FF0013202C88C1A8C4314EAC211F9D0D0
:1005E000C01A0A0603D0C01E10BDC01A10BD0A04EE
:1005F00001D0801E10BD0902FCD0401E10BD032A90
:1006000040F2308010F0030C00F0158011F8013B2F
:10061000BCF1020F624498BF11F801CB00F8013B16
:1006200038BF11F8013BA2F1040298BF00F801CBDA
:1006300038BF00F8013B11F0030300F02580083AB1
:10064000C0F0088051F8043B083A51F804CBA0E808
:100650000810F5E7121D5CBF51F8043B40F8043B5D
:10066000AFF30080D20724BF11F8013B11F801CB92
:1006700048BF11F8012B24BF00F8013B00F801CB63
:1006800048BF00F8012B704710B5203AC0F00B802E
:10069000B1E81850203AA0E81850B1E81850A0E886
:1006A0001850BFF4F5AF5FEA027C24BFB1E81850E0
:1006B000A0E8185044BF18C918C0BDE810405FEA50
:1006C000827C24BF51F8043B40F8043B08BF7047CC
:1006D000D20728BF31F8023B48BF11F8012B28BFD1
:1006E00020F8023B48BF00F8012B704702F0FF03DF
:1006F00043EA032242EA024200F0E3B84FF000026C
:1007000000B5134694469646203922BFA0E80C5007
:10071000A0E80C50B1F12001BFF4F7AF090728BFE2
:10072000A0E80C5048BF0CC05DF804EB890028BF5E
:1007300040F8042B08BF704748BF20F8022B11F087
:10074000804F18BF00F8012B704700004FF0013CAC
:1007500050F8042B51F8043B9A4221D1A2EB0C0330
:10076000934313EACC1317D150F8042B51F8043BF0
:100770009A4215D1A2EB0C03934313EACC130BD18D
:1007800050F8042B51F8043B9A4209D1A2EB0C0318
:10079000934313EACC13DBD04FF00000704700BF47
:1007A000D01A01BAB1FA81F101F0180122FA01F070
:1007B000CB40C1F12001DBB2C0B2C01A2CFA01F368
:1007C000D11A914311EAC311E6D1704770477047BF
:1007D00070472DE9F0470D4699469246044600F1D0
:1007E00024080168880604D5E06921F01001216021
:1007F00000E00120A84201DD471B00E00027A169BD
:100800007A1902EB0900081AA0612078C00602D408
:100810002046AFF30080002608E0D4E901211AF851
:1008200006009047206A401C761C20624E45F4DB8F
:100830002078C0060AD52046AFF3008006E0D4E950
:10084000012130209047206A401C2062381EA7F109
:100850000107F4DC07E0D4E9012118F8050090470E
:10086000206A401C2062281EA5F10105F3DC204609
:10087000AFF300802078000602D50220BDE8F087A3
:100880000120FBE701694A1C02610878704700B546
:100890008FB0CDE901310021059105497944CDE9B9
:1008A000031011466846FFF7F7FD0FB000BD0000CA
:1008B000E5FFFFFF0A6802F8010B0A6070474FF07E
:1008C00000020429C0F0128010F0030C3FF418AFAE
:1008D000CCF1040CBCF1020F18BF00F8012BA8BF2B
:1008E00020F8022BA1EB0C01FFF70ABF5FEAC17CE5
:1008F00024BF00F8012B00F8012B48BF00F8012BA2
:100900007047754600F02CF8AE4605006946534620
:1009100020F00700854618B020B5FFF71FFDBDE8A1
:1009200020404FF000064FF000074FF000084FF056
:10093000000B21F00701AC46ACE8C009ACE8C009E7
:10094000ACE8C009ACE8C0098D46704710B5044654
:10095000AFF300802046BDE81040FFF78BBC0000DD
:1009600000487047187F012001491820ABBEFEE700
:100970002600020070470000464910B54A6822F47C
:1009800040324A604A6843681A434A6001684A68CC
:1009900022F480724A6001684A68036942EA0322CD
:1009A0004A6001684A6822F040724A6001684A68F9
:1009B00083681A434A6001688A6822F400628A6088
:1009C00001688A68C3681A438A60816A6FF070623E
:1009D000D14201688A6822F070628A6001688A6880
:1009E0000CD0836A1A438A6001688A6822F04052F8
:1009F0008A6001688A68C36A1A4301E022F04052A3
:100A00008A6001688A6822F002028A6001688A6846
:100A1000037E42EA43028A6090F8201000290168B0
:100A20004A680FD042F400624A6001684A6822F4C2
:100A300060424A6001684A68174C436A04EB4333DA
:100A40001A4301E022F400624A600168CA6A22F493
:100A50007002CA620168CA6A838B104C04EB0353AC
:100A60001A43CA6201688A6822F400728A600168C7
:100A70008A6890F8303042EA43228A6001688A68C6
:100A800022F480628A6001688A68406942EA8020B4
:100A9000886010BD0023014000E0FFFF0000F0FF70
:100AA000FEE7022000F020B81CB501A80090042346
:100AB000032215210B4802F0DDF99DF804109DF882
:100AC000050001F00F0140EA0121064808380160E5
:100AD0009DF806209DF8071002F00F0241EA02215E
:100AE00041601CBDA000002002461521014802F013
:100AF00005BA0000A0000020014800F0CDB90000B8
:100B00007C030020014800F0C7B900006C040020FD
:100B1000014800F0C1B90000CC040020016818238E
:100B2000CAB2103AB2FBF3F2054B6FF30901032A84
:100B30009B5CC36500D9091D8165084670470000AC
:100B4000B426020810B5014600208B698A6A4FF06E
:100B5000C07453B1B3F5005F15D072B1012A0CD047
:100B6000022A0AD0032A09D104E01AB1012A06D0C8
:100B7000022A03D1C96AC90100D5012010BDC96A82
:100B8000A142FAD010BD002AF7D0012AF2D0022AE1
:100B9000F3D0032AF3D010BD30B50468256825F4DE
:100BA00080252560046863608368402B036803D058
:100BB00099600068C26030BD9A600068C16030BD55
:100BC000704772B6FEE7000078B50024009490F8F4
:100BD0003C20012A19D0012280F83C200A68072312
:100BE0000568092A13D9EE680A3A02EB42029340DB
:100BF0009E43EE600B788A680A3B03EB43039A40FE
:100C00000368DD682A43DA6010E0022078BD2E69AF
:100C100002EB420293409E432E610B788A6803EBFD
:100C200043039A4003681D692A431A614A681F23D7
:100C3000072A13D205686E6B521E02EB82029340A4
:100C40009E436E630A8893B20A79521E02EB8202B7
:100C500093400268556B2B43536327E005680D2AC8
:100C600012D22E6BD21F02EB820293409E432E6360
:100C70000B790A88DB1F92B203EB83039A40036867
:100C80001D6B2A431A6311E0EE6A0D3A02EB8202F1
:100C900093409E43EE620B790A880D3B92B203EBC0
:100CA00083039A400368DD6A2A43DA621B4B0568B6
:100CB000194A9D420AD10D68122D07D1556825F4B5
:100CC00000055560556845F48005556005689D42EE
:100CD0001DD1134D0B68AB4201D0112B17D15368B6
:100CE00023F480035360536843F40003536009689E
:100CF000A9420CD10B490C4A0968B1FBF2F101EB96
:100D00008101490000E0491E00910029FBD180F8D3
:100D10003C40002078BD000000230140002001403D
:100D2000120000109400002040420F0070B5040033
:100D30004FF0000503D0206C002610B107E0012021
:100D400070BD204600F01CF8666484F83C60206C9E
:100D5000C00610D4206C20F4885040F002002064BB
:100D60002046FFF709FE6664206C20F0020040F088
:100D70000100206400E0012584F83C60284670BD35
:100D800010B586B0044614216846FFF7B7FC114938
:100D9000206888421CD110480021026842F4807209
:100DA0000260006800F4807005900B4814380268F7
:100DB00042F001020260006800F00100059002208C
:100DC00000900320CDE901016946044800F0D6F9FE
:100DD00006B010BD0020014044380240000002402F
:100DE0002DE9F0410446876D00F0CAFA064694F8F2
:100DF00035000025022806D08020606584F8345034
:100E00000120BDE8F0812068016821F01601016031
:100E10002068416921F080014161206C08B9A06C13
:100E200020B12068016821F0080101602068016894
:100E300021F0010101600CE000F0A2FA801B0528FE
:100E400007D920206065032084F8350084F83450E9
:100E5000D7E720680068C007EED194F85C103F2007
:100E60008840B860012084F8350084F834500020B0
:100E7000C7E790F83510022903D080214165012091
:100E80007047052180F835100068016821F00101E4
:100E900001600020704700002DE9F84304464FF040
:100EA0000009CDF8009063484FF41651A56D006815
:100EB000B0FBF1F72E6894F85C10082000FA01F1FD
:100EC00031420FD021680A6852070BD50A6822F018
:100ED00004020A6094F85C108840A860606D40F0DD
:100EE0000100606594F85C104FF0010808FA01F009
:100EF000304208D021684969090604D5A860606DB0
:100F000040F00200606594F85C1004208840304294
:100F100008D021680968890704D5A860606D40F091
:100F20000400606594F85C1010208840304218D0AE
:100F300021680968090714D5A86020680168490379
:100F400004D50068000308D5A16C07E00168C90555
:100F500003D4016821F008010160216C09B1204629
:100F6000884794F85C1020208840304231D02168B6
:100F70000968C9062DD5A86094F8350005282068B1
:100F8000016806D0490347D5006800031DD4616C91
:100F90001CE021F0160101602068416921F0800108
:100FA0004161206C08B9A06C20B12068016821F073
:100FB0000801016094F85C103F208840A86084F824
:100FC000358084F83490216D1FE0E16B09B1204633
:100FD0008847606D00282BD0606DC00714D00520B5
:100FE00084F835002068016821F001010160009853
:100FF000401C0090B84203D820680068C007F6D1B2
:1010000084F8358084F83490E16C002910D001B068
:101010002046BDE8F04308470168C905D5D40168FA
:1010200021F01001016084F8358084F83490CCE719
:10103000BDE8F883940000202DE9F041044600F05B
:101040009FF906465CB1022084F83500002584F83B
:1010500034502068016821F0010101600DE0012099
:10106000BDE8F08100F08CF9801B052805D920200F
:101070006065032084F83500F2E720680068C00747
:10108000F0D12268116820480140D4E901031843D7
:10109000D4E903363343184363691843A3691843FB
:1010A000E3691843236A18430843616A042903D19A
:1010B000D4E90B1319430843106020684069666A3D
:1010C00020F0070130460E43012704280CD1A06A06
:1010D0000643E06A40B12046FFF734FD20B14020CE
:1010E000606584F83570BAE7206846612046FFF7EE
:1010F00015FD94F85C203F2191408160656584F87E
:1011000035700020ACE700003F8010F02DE9F04181
:101110000446866D90F83400002501280DD001208A
:1011200084F8340094F835700020012F07D084F83B
:10113000340002252846BDE8F0810220FBE70227A3
:1011400084F8357060652046FFF726FD94F85C1042
:101150003F208840B0602068016841F016010160BE
:10116000206C20B12068016841F00801016020680E
:10117000016841F001010160DCE700002DE9F84F52
:10118000DFF8B8A10022012403254FF00F090AF16E
:10119000040BAAF1040E00BF0B6804FA02F63340F8
:1011A000B34273D10F7907F00307012F01D0022F4B
:1011B00016D187684FEA420805FA08FC27EA0C07AF
:1011C000D1F80CC00CFA08FC4CEA070CC0F808C0B7
:1011D0004768B7430E79C6F3001696403E43466013
:1011E0000E79F643B6070DD0C768560005FA06FC1F
:1011F00027EA0C07D1F808C00CFA06FC4CEA070CE9
:10120000C0F80CC00E7906F00306022E10D1D608E5
:1012100000EB8608D8F8206057074FEAD76C09FA28
:101220000CF7BE430F6907FA0CF73743C8F8207074
:1012300006684FEA420C05FA0CF7BE430F7907F037
:10124000030707FA0CF7374307604E6816F4403F70
:101250006DD03B4E376847F480473760366822F0E0
:10126000030706F480460096364E07EB060CDCF8C2
:10127000086897073F0F09FA07F826EA0806DFF81B
:10128000C880404503D14FF000081EE04FE0DFF872
:10129000BC80404502D14FF0010816E0DFF8B08075
:1012A000404502D14FF002080FE0DFF8A88040452A
:1012B00002D14FF0030808E0DFF89C80404502D1DE
:1012C0004FF0040801E04FF0070808FA07F848EA71
:1012D0000608CCF80888DAF800605746D1F804C050
:1012E0009E435FEACC2C00D51E433E60DBF80060D5
:1012F0005F46D1F804C09E435FEA8C2C00D51E43A4
:101300003E60DEF800607746D1F804C09E435FEA95
:101310008C3C00D51E433E60084F083F3E68D1F824
:1013200004C09E435FEACC3C00D51E433E60521C85
:10133000102AFFF431AFBDE8F88F0000083C0140EF
:1013400044380240003001400000024000040240E6
:1013500000080240000C02400010024000690840F2
:1013600000D001207047426921EA02030A4043EAA3
:101370000241816170470AB1816170470904FBE74E
:10138000014880687047000088000020024881689A
:101390000278114481607047880000200B4810B526
:1013A000016841F400710160016841F480610160ED
:1013B000016841F480710160032000F095F80F206E
:1013C00000F006F800F04AF8002010BD003C024092
:1013D00030B505461C4887B00024016841F0010182
:1013E0000160006806A900F00100009001A800F06B
:1013F000D1F900F0FFF91549154AB0FBF1F1154894
:10140000491E026040F2E732C0E90324C0E901143A
:10141000846100F0B1FF040012D10E4800F0DAFF41
:1014200004000DD1192000F031F8102D07D2002250
:101430002946192000F038F80748056000E001242B
:1014400007B0204630BD00004438024040420F0043
:10145000000001402C0500208C0000200A4808B53F
:10146000016841F480410160006800F48040009010
:101470000548001F016841F080510160006800F0DC
:101480008050009008BD000044380240002809DB6D
:1014900000F01F02012191404009800000F1E0208E
:1014A000C0F8001170470000F0B40E4B1B680C46EA
:1014B000C3F30223C3F10705042D00D90425191D28
:1014C000072901D2002300E0DB1E012606FA05F100
:1014D000491E214099409E40761E16403143F0BC83
:1014E00002F010BD0CED00E0064900F007020868AC
:1014F0004FF6FF03184040EA0220034A10430860F9
:10150000704700000CED00E00000FA052DE9F843FB
:10151000044600684FF00109C1074FF0000601D1F1
:10152000400729D5DFF82081C8F86860FFF728FF59
:101530000746464D05E000BFFFF722FFC01B02280B
:1015400059D828680001F7D4A068217B800140EABF
:101550000170616808433D4984310860C8F86890AB
:10156000FFF70EFF074604E0FFF70AFFC01B022843
:1015700041D828680001F7D52078800752D5334834
:101580004030016841F0805101600068304D00F04A
:1015900080500090286840F480702860FFF7F0FECB
:1015A000074604E0FFF7ECFEC01B022823D828689A
:1015B000C005F7D5254D7035286810F4407020D04F
:1015C000218A01F4407181421BD02868214920F40E
:1015D0004070C1F800900E6028602868C00710D0E5
:1015E000FFF7CEFE064641F2883707E0FFF7C8FE58
:1015F000801BB84202D90320BDE8F8832868800721
:10160000F4D521691148C1F301220830032A12D010
:10161000016821F4F81101602868218AC1F30B01E7
:10162000084328602078000703D50B49207DC1F8C6
:10163000E0010020E0E70268084B22F4F8121940AC
:101640000A430260E8E70000000047420038024019
:1016500000700040400E474200104742FFFCFF0F61
:101660002DE9F0470E46050065D0DFF81481D8F863
:101670000000F7B200F00700B04207D288F800700F
:10168000D8F8000000F00700B04254D128683D4C63
:10169000810712D5400703D5206840F4E050206050
:1016A0002878000703D5206840F460402060206857
:1016B000A96820F0F000084320602878C0072DD0EA
:1016C000304968680839012812D0022813D003284D
:1016D00011D00968890700292DDA216821F003015A
:1016E00001432160FFF74CFE814641F2883A0EE04B
:1016F00009688903EFE709688901ECE7FFF740FE15
:10170000A0EB0901514502D90320BDE8F08720680C
:10171000696800F00C00B0EB810FEFD1D8F8001031
:10172000404601F00701B14207D90770006800F098
:101730000700B04201D00120E7E72878400705D52F
:101740002068E96820F4E05008432060287800070A
:1017500006D52068296920F4604040EAC100206075
:1017600000F058F82168084AC1F30311515CC840E1
:101770000649086006480068FFF72AFE0020C4E713
:10178000003C024008380240BC26020894000020B9
:101790008C0000200F2202600C4A136803F0030340
:1017A0004360136803F0F0038360136803F4E053AD
:1017B000C36012684FF4E05303EAD20202610448A6
:1017C000006800F007000860704700000838024019
:1017D000003C02400448054900680968044AC1F316
:1017E0008221515CC84070479400002008380240B4
:1017F000CC2602080448054900680968044AC1F378
:101800004231515CC84070479400002008380240C3
:10181000CC260208154810B5006810F00C021448D8
:1018200013D01449042A0FD0082A0ED10F4C241FBC
:101830002268236802F03F025B0207D52068C0F3EC
:101840008810A0FB010106E0084610BD2168C1F325
:101850008811A1FB00010023FEF792FD2168C1F36E
:101860000141491C4900B0FBF1F010BD08380240AD
:101870000024F40040787D012DE9F84F04006ED07B
:101880002078DFF84C93C007A9F104054AD009F18C
:1018900004000168C1F38101012908D00068C0F388
:1018A000810002280AD1D9F80000400206D5286834
:1018B000800337D560680028E1D033E06068B0F578
:1018C000803F10D0B0F5A02F286810D020F48030D1
:1018D0002860286820F4802028606068A8B1FFF79D
:1018E0004FFD06460DE0286840F48030F4E740F4F0
:1018F00080202860F7E700BFFFF742FD801B6428C7
:1019000073D828688003F7D50CE0FFF739FD064649
:1019100005E000BFFFF734FD801B6428F0D828687D
:101920008003F7D42078DFF8AC8280074FF0000AFC
:101930003ED5A748001D016811F00C0F08D00068C3
:10194000C0F3810002280BD1D9F80000400207D46F
:101950002868800716D5E068012800D112E033E13D
:10196000E068B8B10120C8F80000FFF709FD06469D
:1019700005E000BFFFF704FD801B0228C0D82868DF
:101980008007F7D52868216920F0F80040EAC100F7
:1019900028600DE0C8F800A0FFF7F2FC064604E05E
:1019A000FFF7EEFC801B02281FD828688007F7D4B9
:1019B0002078000722D5864F87486169703771B15A
:1019C00001210160FFF7DCFC064604E0FFF7D8FCCC
:1019D000801B022809D838688007F7D50EE0C0F8C8
:1019E00000A0FFF7CDFC064605E082E0FFF7C8FC4B
:1019F000801B02287DD838688007F7D420784007FC
:101A000068D5DFF8CCB100270BF13C0BDBF8000008
:101A1000C0000BD4DBF8001041F08051CBF800106F
:101A2000DBF80000012700F0805000906B4E30681A
:101A3000C00510D4306840F480703060FFF7A0FC1F
:101A4000009005E0FFF79CFC0099401A022850D84E
:101A50003068C005F6D55E4EA0686C3601280FD000
:101A60000528306810D020F001003060306820F088
:101A700004003060A068B8B1FFF782FC00900FE06E
:101A8000306840F00100F4E740F004003060F7E710
:101A9000FFF776FC0099411A41F28830814266D8FE
:101AA00030688007F4D50EE0FFF76AFC009007E08D
:101AB000FFF766FC0099411A41F28830814256D8FE
:101AC00030688007F4D42FB1DBF8001021F080518A
:101AD000CBF80010A069C8B33D49091D0968C1F3DE
:101AE000810102294AD00228504607D0C8F8600078
:101AF00000E03CE0FFF744FC04463BE04746C8F802
:101B00006000FFF73DFC064605E000BFFFF738FC2C
:101B1000801B02282BD828688001F7D4D4E907015C
:101B20000843A16A2E4A490802EB0141626A41EA70
:101B30008211084394F82C1040EA0161C9F80010A2
:101B400001203866FFF71CFC044606E03EE000BFBB
:101B5000FFF716FC001B022809D828688001F7D57A
:101B600034E000BFFFF70CFC001B022802D9032061
:101B7000BDE8F88F28688001F4D427E00128F7D069
:101B8000D9F80000E26900F4800191421CD1226A78
:101B900000F03F01914217D147F6C071626A0140DF
:101BA000B1EB821F10D1A26A4FF0FF3300F4403135
:101BB00003EB5202B1EB024F06D194F82C1000F067
:101BC0007060B0EB016F01D00120D1E70020CFE7BA
:101BD0000438024000004742800E47420070004037
:101BE0000000FFFF2DE9F74F0446007F93460128D0
:101BF0001BD04FF0010884F81C8002206077216818
:101C0000CA204862206853214162206880684FF0F2
:101C1000000540054FF0FF064FF0030A4FF47A79B4
:101C20000FD5FFF7ADFB074607E00220BDE8FE8FAA
:101C3000FFF7A6FBC01B484519D82068C0684007BD
:101C4000F6D42068816821F4806181602068C168D1
:101C500001F0800161F49061C160FFF791FB0746DC
:101C60000CE000BFFFF78CFBC01B484506D920687D
:101C7000466284F81DA025770320D7E72068C06856
:101C80004007EFD52068816821F007018160206856
:101C9000816841EA0B0181602168019848612068F0
:101CA000816841F4806181602068466284F81D800B
:101CB00025770020BAE7000010B5040002D0607F4D
:101CC00010B106E0012010BD00202077204600F072
:101CD00041F8022060772068C168C943C90632D53F
:101CE000CA214162216853204862204601F004FD68
:101CF00020BB20688168164A11408160216888688D
:101D000062681043D4E904231A43104388602168B1
:101D1000E068086120680169228941EA02410161A5
:101D2000204601F00DFD48B921680A6C22F480229A
:101D30000A6421680A6CA3691A430A642268FF21B5
:101D4000516208B110BD00200121617710BD000073
:101D5000BFFF8FFF10B586B0044618216846FEF716
:101D6000CDFC0949206888420CD102200090C001B6
:101D700004906846FFF7CAFB08B1FEF722FF03494B
:101D80000120086006B010BD002800403C0E47420C
:101D900070B50446007F0B46012819D0012626772E
:101DA00002206077B2B19878D97840EA0145587836
:101DB0001978000240EA413005432168CA20486290
:101DC000216853204862204601F096FCD0B122E001
:101DD000022070BD5878C10603D500F0EF000A302C
:101DE0005870D87801F07CFC0204587801F078FC37
:101DF00042EA0022987801F073FC0243187842EA24
:101E00004035DAE70748054020684560204601F084
:101E100097FC00B966772268FF2151620021217783
:101E200070BD00003FFFFF002DE9F0410446007F38
:101E30000D46012823D04FF0010884F81C800220B1
:101E400060772068002780684FEA4060D2B10028A0
:101E500000DBEF70A878297840EA01466878E978D5
:101E6000000240EA815006432168CA204862216886
:101E700053204862204601F03FFCB8B12CE002201C
:101E8000BDE8F081002800DBEF70287801F028FC25
:101E90000204687801F024FC42EA0022A87801F0EC
:101EA0001FFC0243E87842EA8056DDE70D48064011
:101EB000206806602068816821F480218160D5E96E
:101EC0000301084321688A6810438860204601F0B6
:101ED00037FC08B984F81D802268FF2151622777FA
:101EE000CEE700007F7F7F0070B504460B48216875
:101EF000C860FFF745FA05464FF47A7607E000BF61
:101F0000FFF73EFA401BB04201D9032070BD2068A4
:101F1000C0688006F4D5002070BD00005F3F01005E
:101F2000704770B5040009D0606A002540B1256192
:101F30006561A56294F8510040B10CE0012070BDCC
:101F40006068B0F5827FF4D0E561F2E784F8505024
:101F5000204600F045F8022084F85100206801680E
:101F600021F040010160A088218900F4827001F411
:101F700004410843A18901F400610843217C01F078
:101F800002010843217D01F001010843218B01F486
:101F900000710843217F01F03801084394F82010B4
:101FA00001F080010843218D01F4005108432168AC
:101FB0000860A069042101EA104094F8241001F09F
:101FC00010010843216848602068C16921F400615C
:101FD000C1616565012084F85100002070BD0000DA
:101FE00070B586B0064614216846FEF787FB1F4988
:101FF0003068884238D11E480025016841F480517C
:102000000160006800F48050059019481438016898
:1020100041F0020101600068694600F0020005908D
:10202000282000900220CDE901050320039005201F
:1020300004901048FFF7A2F8104C0F4820604FF0B2
:10204000806060604020C4E902050001C4E9040525
:10205000A561E561256220466562FEF7EDFF08B1E6
:10206000FEF7AFFDB464A66306B070BD003001405A
:102070004438024000040240406402407C030020D7
:102080002DE9F84F984616468A460446FFF778F938
:10209000814694F8510001281ED1BAF1000F73D087
:1020A000002E71D094F85000012815D0012784F833
:1020B0005070032084F8510000256565C4F830A0F5
:1020C000A686E686A563A587E58765642564A0687E
:1020D000B0F5004F03D00CE00220BDE8F88F206877
:1020E000016821F0400101602068016841F48041ED
:1020F000016020680168490603D4016841F040018D
:102100000160E068B0F5006F606803D048B3012E4D
:1021100027D047E008B1012E1FD1206B216800882D
:10212000C86006E020688168890709D5216B0988A5
:10213000C160206B801C2063E08E401EE0860CE0B6
:10214000FFF71EF9A0EB0901414503D3B8F1FF3FAA
:1021500003D035E0B8F1000F32D0E08E0028E1D195
:1021600023E0206B21680078087306E0206881680E
:1021700089070AD5216B09780173206B401C206305
:10218000E08E401EE0860DE02BE0FFF7F9F8A0EBB3
:102190000901414503D3B8F1FF3F03D010E0B8F186
:1021A000000F0DD0E08E0028E0D14A46414620467F
:1021B00001F068FB08B120206065A06830B109E03B
:1021C00084F8517084F85050032086E72068C16875
:1021D0008068009084F8517004F8505F60680028AF
:1021E000F3D0012079E7000070B5044690F8510063
:1021F00001281CD1C9B1C2B194F85000012816D0F1
:10220000012084F85000032084F851000025656502
:102210002163A286E286A56365642564A587E587B8
:10222000A068B0F5004F04D00DE0012070BD022081
:1022300070BD2068016821F04001016020680168DC
:1022400041F480410160A16C17480864A16C1748F3
:10225000C863A16C1648C864A06C0565E38E22684B
:10226000216B0C32A06CFEF751FF30B1606D40F075
:102270001000606584F85050D7E72068016849066F
:1022800003D4016841F04001016084F85050206897
:10229000416841F0200141602068416841F002013D
:1022A0004160002070BD0000173800082138000888
:1022B000F5370008704770474FF0E021042808699F
:1022C00003D020F004000861704740F00400FAE7F2
:1022D00010B5401EB0F1807F01D3012010BD4FF03A
:1022E000E02460610F21601701F00CFE0020A06166
:1022F00007202061002010BD7047704770B590F82E
:102300003C20012A2CD0012480F83C40022280F895
:102310003D2003685A689D6822F070060A683243BF
:102320005A60104B02689A420ED0B2F1804F0BD027
:102330000D4B9A4208D00D4B9A4205D00C4B9A4255
:1023400002D00C4B9A4204D1496825F0800319430E
:10235000916080F83D40002180F83C10084670BD37
:10236000022070BD00000140000400400008004051
:10237000000C00400040014010B5040003D094F868
:102380003D0010B107E0012010BD002084F83C00A2
:10239000204600F01EF8022084F83D00211D206830
:1023A00001F07AFB012084F8460084F83E0084F8AE
:1023B0003F0084F8400084F8410084F8420084F82B
:1023C000430084F8440084F8450084F83D00002070
:1023D00010BD704790F83D10012901D001207047D1
:1023E000022180F83D100168CA6842F00102CA600B
:1023F00000680E4988420ED0B0F1804F0BD00C49D6
:10240000884208D00B49884205D00B49884202D047
:102410000A49884204D1816801F00701062903D0E6
:10242000016841F001010160002070470000014097
:102430000004004000080040000C00400040014043
:1024400070472DE9F04104460068C66805694FF001
:102450000007A90713D5B10711D5F91E01610120A5
:102460002077206880698007204602D0FFF7E8FFC8
:1024700004E000F0A7F8204600F04CF92777680741
:1024800016D5700714D521686FF00400086102208A
:1024900020772068806910F4407F204602D0FFF743
:1024A000CFFF04E000F08EF8204600F033F92777E4
:1024B000280715D5300713D521686FF0080008618B
:1024C000042020772068C0698007204602D0FFF7EB
:1024D000B7FF04E000F076F8204600F01BF92777FC
:1024E000E80616D5F00614D521686FF010000861D3
:1024F000082020772068C06910F4407F204602D071
:10250000FFF79EFF04E000F05DF8204600F002F9BE
:102510002777E80708D0F00706D021686FF00100A0
:102520000861204600F050F9280608D5300606D587
:1025300021686FF0800008612046FFF7DDFE680625
:1025400008D5700606D521686FF040000861204666
:1025500000F044F9A8060AD5B00608D521686FF046
:10256000200008612046BDE8F041FFF7C6BEBDE887
:10257000F081000010B586B0044614216846FEF7CD
:10258000BDF80D492068884214D10C48002102682A
:1025900042F002020260006800F002000590012093
:1025A00000900220CDE90101CDE9031069460448FD
:1025B000FEF7E4FD06B010BD0004004030380240D4
:1025C00000040240704770B5044690F83C000026B5
:1025D0000D4601280FD0012084F83C006AB1042A7E
:1025E0001DD0082A2FD00C2A3FD00126002084F8C5
:1025F0003C00304670BD022070BD206801F0AAFA90
:102600002068816941F0080181612068816921F0B9
:1026100004018161206881692A69114311E0206801
:1026200001F0C0FA2068816941F40061816120688D
:10263000816921F480618161206881692A6941EAA8
:1026400002218161D2E7206801F0D8FA2068C169CF
:1026500041F00801C1612068C16921F00401C16134
:102660002068C1692A69114311E0206801F0F2FA7B
:102670002068C16941F40061C1612068C16921F429
:102680008061C1612068C1692A6941EA0221C16192
:10269000ACE710B5040003D094F83D0010B107E09A
:1026A000012010BD002084F83C00204600F01EF8F8
:1026B000022084F83D00211D206801F0EDF9012081
:1026C00084F8460084F83E0084F83F0084F8400017
:1026D00084F8410084F8420084F8430084F8440000
:1026E00084F8450084F83D00002010BD08B500685E
:1026F0000649884208D10648016841F0020101609C
:10270000006800F00200009008BD000000040040D6
:10271000403802407047000010B50446022249B11B
:1027200004290ED0082913D094F84100012816D0AE
:10273000012010BD94F83E000128F9D184F83E2014
:102740000FE094F83F000128F2D184F83F2008E020
:1027500094F840000128EBD184F8402001E084F88F
:1027600041200122206801F0E7F9124920688842DF
:1027700003D1426C42F400424264206888420ED089
:10278000B0F1804F0BD00C49884208D00B498842E9
:1027900005D00B49884202D00A49884204D1816899
:1027A00001F00701062903D0016841F00101016031
:1027B000002010BD0000014000040040000800405F
:1027C000000C00400040014000680349884201D1EC
:1027D000FEF7DCBD70470000000001407047704705
:1027E00070470000F8B5016804460868CA684B697C
:1027F00010F00F0F4FF0000559D003F0010602F45E
:102800009077374365D0C10705D0D10503D5616CFA
:1028100041F001016164410705D5D90703D0616C1E
:1028200041F002016164810705D5D90703D0616CCD
:1028300041F004016164010707D502F02001314332
:1028400003D0616C41F008016164616C00293AD0E9
:10285000800604D5900602D5204601F04BFA206888
:102860004069616CC0F38010090700D460B3204652
:1028700001F019FA20684069400621D5206814301B
:1028800050E8001F21F0400140E80012002AF5D175
:10289000E06BA8B172490165E06BFEF7EAFA002827
:1028A00011D0E06B016D01B0BDE8F0400847830630
:1028B0000FD593060DD52046BDE8F84001F01ABAB1
:1028C0002046FFF78DFFF8BD2046FFF789FF6564BE
:1028D000F8BD266B2023012E7ED1C6067CD5D606F8
:1028E0007AD508684868009048694FF002064006AB
:1028F0004DD5E26B106840684FF480770004000CFF
:102900003AD0A18D814237D9E085D069B8422DD027
:1029100020680C3050E8001F21F4807140E800125C
:10292000002AF5D12068143050E8001F21F0010181
:1029300040E80012002AF5D12068143050E8001F4A
:1029400021F0400140E80012002AF5D184F842301D
:10295000256320680C3050E8001F21F0100140E88A
:102960000012002AF5D1E06BFEF73AFA6663A08DFB
:10297000E18D401A81B206E0A18D8142A8D1D069D3
:10298000B842A5D166632046FFF729FFF8BDA08DA8
:10299000E18D401A81B2E08D0028F7D00029F5D0F2
:1029A00020680C3050E8002F22F4907240E8002795
:1029B000002FF5D12068143050E8002F22F00102DA
:1029C00040E80027002FF5D184F8423025632068C5
:1029D0000C3050E8002F00E006E022F0100240E842
:1029E0000023002BF3D1CDE705062BD5150629D5FD
:1029F00094F841002128C9D1A068B0F5805F01D1C9
:102A00002069B0B1206A411C2162216800784860C9
:102A1000E08C401E0004000CE084B7D12068C1683F
:102A200021F08001C1602068C16841F04001C160AF
:102A3000F8BD206A0088C0F308004860206A801C46
:102A40002062E5E74006F3D55006F1D5CA68204676
:102A500022F04002CA6084F8413000F0AAF8F8BDC4
:102A6000993C000870B5040004D094F8410000259A
:102A700010B106E0012070BD84F84050204600F0FF
:102A800023F8242084F841002068C16821F4005113
:102A9000C160204601F090F92068016921F490415D
:102AA00001612068416921F02A0141612068C16803
:102AB00041F40051C1606564202084F8410084F82D
:102AC00042006563002070BD2DE9F04186B00646E6
:102AD00014216846FDF712FE30493068884259D10A
:102AE0002F480024016841F010010160006800F0E7
:102AF000100005902A481438016841F00101016076
:102B00000068694600F0010005904FF4C060009035
:102B10000220CDE9010403200390072004902148FE
:102B2000FEF72CFB214D20484FF000672860C5E9D7
:102B300001744FF48068C5E903486C61AC61EC61D5
:102B40002C6228466C62FEF777FA08B1FEF739F876
:102B5000F563AE63154D144860353030E5E8020783
:102B60004020A5E81101114845F814496030AC61D6
:102B7000EC612C626C62FEF75FFA08B1FEF721F897
:102B8000B563002211462520AE63FEF78DFC25209B
:102B9000FEF77CFC06B0BDE8F081000000100140AB
:102BA0004438024000000240886402406C04002067
:102BB000704770470020704770477047FEE700007D
:102BC00088B000242B4F4FF48C7818254FF6FF76F1
:102BD0004FF47A794FF4FA7A1EF02EFF0821264836
:102BE000FFF79AFD04F0E2FC386A804700F052FAE1
:102BF00000214346F0220846009400F002FA0A2021
:102C000004F0EAFC322000F01BFBCDE9004533461E
:102C10001AA28C214820029400F0A8FB042003464D
:102C20000090022218A103A8FDF722FCCDE900457F
:102C3000334603AABC212220029400F097FB4846A9
:102C400004F0CAFCBD23F02274210020009400F09F
:102C5000D8F913F0C5F918F017FA18F039FA1EF080
:102C6000CFFB1FF009FC00201EF018FE50461BF0A1
:102C700057FBB1E710000020DC03002057656C63B0
:102C80006F6D6521000000004F562D576174636819
:102C9000205625642E25642E2564000070B5064656
:102CA0000824002500F073FD13E06806050E0021DE
:102CB000304600F05AFD022004F09BFC0121304612
:102CC00000F053FD012004F094FC304600F056FD66
:102CD0000543641EE4B2E8D20021304600F045FD11
:102CE000304600F072FD284670BD10B50446002144
:102CF00000F062FD012004F07CFC0121204600F080
:102D000034FD012004F075FC0021204600F02DFD6B
:102D1000BDE81040012004F06CBC000070B50C460A
:102D20000646082519E000BF00F01FFD022004F050
:102D300060FC04F08001304600F03EFD012004F00C
:102D400058FC6006040E012004F053FC01213046BB
:102D500000F00BFD012004F04CFC6D1EEDB24FF0B5
:102D600000013046E0D200F000FDBDE870400220D6
:102D700004F03FBC10B50446012100F01DFD012008
:102D800004F037FC0121204600F0EFFC012004F0A4
:102D900030FC0021204600F0E8FCBDE81040022095
:102DA00004F027BC10B50446012100F005FD022007
:102DB00004F01FFC0121204600F0D7FC012004F0A4
:102DC00018FC0021204600F0F7FC012004F011FC63
:102DD0000021204600F0C9FCBDE81040012004F0AD
:102DE00008BC10B50446002100F0BFFC022004F02E
:102DF00000FC0021204600F0DFFC012004F0F9FB7C
:102E00000121204600F0B1FC012004F0F2FB012179
:102E1000204600F0D1FCBDE81040012004F0E9BBE1
:102E200070B50546052400F0B2FC0121284600F0EB
:102E30009CFC05E0641EA4B2012004F0DAFB84B11E
:102E4000284600F09BFC0028F4D1284600F0BDFC89
:102E50000021284600F089FC022004F0CAFB002073
:102E600070BD284600F0B1FC2846FFF7BAFF0120EC
:102E700070BD00002DE9F0411D4617460C46804606
:102E8000069EFFF78FFF6006010E4046FFF746FFE4
:102E90004046FFF7C5FF28B14046FFF7A2FF0120DB
:102EA000BDE8F08139464046FFF738FF4046FFF75E
:102EB000B7FF4046FFF776FF012000EB4400C1B2A8
:102EC0004046FFF72BFF4046FFF7AAFF00246F1E86
:102ED0000AE000BFFFF7E2FE3055BC4202DA40468E
:102EE000FFF703FF641CE4B2AC424046F2D3FFF7A5
:102EF00041FF4046FFF775FF0020D1E770B5164649
:102F00000C460546FFF74EFF6006010E2846FFF708
:102F100005FF2846FFF784FF31462846FFF7FEFEEF
:102F20002846FFF77DFF2846FFF73CFF012000EB16
:102F30004400C1B22846FFF7F1FE2846FFF770FFB4
:102F40002846FFF7ABFE04462846FFF713FF284646
:102F5000FFF747FF204670BD2DE9F04104461D46AE
:102F600016460F462A2000F02FFA204600F01CFAE1
:102F7000304600F019FA2B2000F026FA384600F00F
:102F800013FA284600F010FABDE8F0412C2000F0BA
:102F90001BBA000070B55D1A141A641C6D1C143342
:102FA00014316C439BB289B2049EFFF7D5FF0D4DDF
:102FB0004FF40060E8602868016841F40061016036
:102FC000A2B231462846FFF70FF90748006841686A
:102FD0000029FCD10020E8602868016821F4006124
:102FE000016070BD240300207C03002010B514464E
:102FF0000B460246FFF7B0FF2046BDE8104000F048
:10300000D3B92DE9F04780461F4603F1130083B280
:103010001646501E82B20C4601F1140081B24046A1
:10302000DDF82090FFF798FF0AE0454604E04846A7
:1030300000F0BAF96D1CADB2B542F8D3641CA4B26D
:10304000BC42F2D3BDE8F08730B587B014216846A2
:10305000FDF754FB0D48016841F002010160006872
:103060004FF4607400F0020005900120CDE90040AB
:103070000320074D039069462846FEF77FF801229A
:1030800021462846FEF777F907B030BD30380240B8
:103090000004024010B5FFF7D7FF684C00224FF440
:1030A00080712046FEF767F9002280212046FEF756
:1030B00062F9642004F090FA012280212046FEF794
:1030C0005AF9642004F088FA112000F07DF9782084
:1030D00004F082FA362000F077F9002000F08AF937
:1030E0003A2000F071F9052000F084F9B22000F0D8
:1030F0006BF90C2000F07EF90C2000F07BF9002029
:1031000000F078F9332000F075F9332000F072F9FF
:10311000B72000F059F9352000F06CF9BB2000F021
:1031200053F9192000F066F9C02000F04DF92C2069
:1031300000F060F9C22000F047F9012000F05AF9D0
:10314000C32000F041F9122000F054F9C42000F02F
:103150003BF9202000F04EF9C62000F035F90F2091
:1031600000F048F9D02000F02FF9A42000F042F937
:10317000A12000F03FF9E02000F026F9D02000F077
:1031800039F9042000F036F90D2000F033F9112050
:1031900000F030F9132000F02DF92B2000F02AF96F
:1031A0003F2000F027F9542000F024F94C2000F0D3
:1031B00021F9182000F01EF90D2000F01BF90B205A
:1031C00000F018F91F2000F015F9232000F012F983
:1031D000E12000F0F9F8D02000F00CF9042000F014
:1031E00009F90C2000F006F9112000F003F9132072
:1031F00000F000F92C2000F0FDF83F2000F0FAF874
:10320000442000F0F7F8512000F0F4F82F2000F0EF
:10321000F1F81F2000F0EEF81F2000F0EBF820205E
:1032200000F0E8F8232000F0E5F8212000F0CCF8C9
:10323000BDE81040292000F0C7B80000000402409B
:10324000411F5F2909D84FF4967110FB01F06421EA
:10325000B0FBF1F001490968C8637047DC03002046
:103260002DE9FF4F81B00446DDF83C9000904FEA15
:1032700059074FF00008780700D0012000EBD70075
:1032800000FB09FB203AD0B203900298029948440F
:10329000401E83B2E019401E82B22046FFF75CFE5A
:1032A000002553E0B9F10C0F2AD0B9F1100F2ED040
:1032B000B9F1180F2ED0B9F1200F49D12749039841
:1032C00001EB8010002610F805A0109800284FF0A0
:1032D000010000FA06F000EA0A0022D020B12046E0
:1032E000049A0299FFF782FE641C0098A4B2201A87
:1032F000B84225D10298009C401C80B2029023E085
:103300000398174900EB400001EB8000DAE715490C
:10331000039803E00398144900EB400001EB001010
:10332000D0E708B1049800E00E9800F03DF808F1ED
:103330000100C0B2B0FBF7F1804607FB118050B12D
:10334000761CF6B2082EC0D36D1CADB25D45A9D374
:1033500005B0BDE8F08F4FF00008F5E7084302081C
:10336000D4260208482B0208383102082DE9FE4F06
:103370009946DDE90D6714468A460546DDF830803A
:103380000CE0CDF800804B4651462846CDE9016758
:10339000FFF766FF05EB560085B2641C2278002A11
:1033A000EFD1BDE8FE8F000008B5010A8DF80010CE
:1033B0008DF801000123022269460248FEF760FEF3
:1033C00008BD00002403002070B5094D06464FF4E7
:1033D0000074002221462846FDF7CDFF304600F05C
:1033E00009F821462846BDE870400122FDF7C3BF19
:1033F0000004024001B501231A4669460148FEF760
:103400003FFE08BD2403002008B500200A4C8DF8BB
:1034100000004FF47A7500200EF072FCA84205D22D
:1034200000231A466946A0681AF0B6FF19F09AFE02
:1034300001201AF075FFEEE7040000207FB500249C
:1034400015480094019402941249039401604FF4CA
:103450008031C0E901140461047680F820400F49EE
:10346000C0E90A140125C561C46080F83040456197
:10347000FDF75CFC08B1FDF7A4FB0095CDE9015414
:1034800069460548FDF7A0FB002801D0FDF799FB30
:103490007FBD000000200140BC0200200100000FA1
:1034A000114808B5016841F48001016000680022FC
:1034B00000F48000009011463A20FDF7F5FF3A2015
:1034C000FDF7E4FF002211464420FDF7EDFF442004
:1034D000FDF7DCFF002211464620FDF7E5FFBDE8C1
:1034E00008404620FDF7D2BF3038024010B500F04A
:1034F000F1FC044A002104481AF082FF03490860E5
:1035000010BD000048260208AD3900080000002068
:103510000D4808B5016841F004010160016801F03F
:1035200004010091016841F001010160016801F0AE
:1035300001010091016841F002010160006800F0A2
:103540000200009008BD00003038024010B586B07F
:1035500014216846FDF7D2F8234800242149059438
:10356000C0E900147F218160FF21C0E90314446198
:103570008461FEF7A1FB08B1FDF723FB11208DF854
:10358000000059208DF8010055208DF802000394A9
:103590000122694614480494FEF746FC08B1FDF781
:1035A00010FB07208DF8140005208DF81500212050
:1035B0008DF8160023208DF81700012205A90A486E
:1035C000FEF7E6FB08B1FDF7FCFA00224FF4FA61C2
:1035D0000548FEF707FB002801D0FDF7F2FA06B018
:1035E00010BD00000028004004030020104810B562
:1035F0000E4901604FF48271416000210222816016
:10360000C0E90312012242615202C0E906210162AF
:10361000416281620A21C162FEF783FC002803D067
:10362000BDE81040FDF7CDBA10BD000000300140EC
:103630002403002010B58AB0002407941C2168469A
:103640000894FDF75BF81648144901606321C0E94E
:1036500001144FF49671C0E903148461FFF719F85F
:1036600008B1FDF7AEFA079407A90D480894FEF7D4
:1036700045FE08B1FDF7A5FA6020CDE900040294EB
:103680000822694606480494FEF79DFF08B1FDF73D
:1036900098FA0348FEF76EFF0AB010BD0004004020
:1036A000DC0300200C4810B50A4901604FF41651A4
:1036B0004160002181600C22C160C0E90412816177
:1036C000C161FFF7CFF9002803D0BDE81040FDF736
:1036D00078BA10BD0010014024040020FEE7FEE788
:1036E000002102E00A38C0B2491C0A28FAD20907B0
:1036F00040EA1160704700002DE9F041044600687F
:103700000025C168490618D4C16841F08001C16034
:10371000FDF736FE06464FF47A78042707E000BF2F
:10372000FDF72EFE801B404501D9677701252068F3
:10373000C068400601D4002DF2D02846BDE8F081D3
:1037400070B5044600680025C16821F08001C160A1
:1037500020688068800606D42046FEF7C5FB10B1BD
:10376000042060770125284670BD4289406811B168
:103770008169114300E011048161704710B501892E
:103780000068FDF7EBFD012800D0002010BD10B54A
:1037900086B0044614216846FCF7B0FF20890090EB
:1037A00000200190012002900220039069462068C9
:1037B000FDF7E4FC06B010BD0289006811B1816913
:1037C000114300E011048161704710B586B00446D2
:1037D00014216846FCF792FF208900901120019087
:1037E000002002900220039069462068FDF7C6FC85
:1037F00006B010BD10B5806B01684A6822F0030264
:103800004A60416D41F010014165012180F851107D
:10381000FEF786FB10BD10B5806BFEF74CFD10BDAA
:1038200038B50546846BFDF7ABFD02462868006895
:10383000C00523D42068416821F020014160206840
:10384000416821F0020141606421204600F01AF82D
:1038500018B1606D40F020006065A068002118B9C3
:103860002068C26880680090E186012084F85100D9
:10387000606D18B12046FEF753FB38BD2046FEF7B9
:1038800019FD38BDF8B515460E460B4600920446A4
:103890000122022100F02CF8A0B913481349006856
:1038A000B0FBF1F04FF47A71484300906068B0F5D6
:1038B000827F0DD13346002280212046009500F002
:1038C00017F870B1606D40F0200060650320F8BD0E
:1038D000009830B1401E009020688068C043000608
:1038E000F6D50020F8BD00009400002000366E01DF
:1038F0002DE9F8431E46914688460446089DFDF78B
:103900003FFD401B351AFDF73BFD07462648006882
:10391000C0F3CB3068430AE0701C09D0FDF730FDDE
:10392000C01BA8420FD275B10098B8B3401E0090DA
:103930002068816838EA010033D000214945EBD185
:103940000020BDE8F8832068416821F0E001416073
:103950006068B0F5827F0BD1A068B0F5004F02D04F
:10396000B0F5806F04D12068016821F0400101604A
:10397000A06AB0F5005F09D12068016821F4005108
:1039800001602068016841F400510160012084F861
:103990005100002084F850000320D2E7FFE7002503
:1039A000C6E70121CAE7000094000020064D4FF44D
:1039B00000544FF4FA7621462846FDF7D4FC3046F1
:1039C0001AF0AEFCF7E700000008024010B54FF017
:1039D000E02000691EF058FC012803D0BDE810402B
:1039E0001EF086B910BD000030B593B03021684696
:1039F000FCF784FE14210CA8FCF780FE1D4800246F
:103A0000016841F080510160006800F08050119021
:103A10001948016841F4404101600068022500F442
:103A20004040119006200090012002900390102049
:103A3000049006950820CDE907406420CDE90905EA
:103A400004200B906846FDF717FF08B172B6FEE739
:103A50000F20CDE90C054FF48050CDE90E40032135
:103A60000CA81094FDF7FCFD002801D072B6FEE70B
:103A700013B030BD40380240007000400248016879
:103A800041F470010160704788ED00E00148FEF7E5
:103A9000D8BC00002C050020F0B502681F4B204C5C
:103AA000204D214E4FF0804C984207D0604505D004
:103AB000A04203D0A84201D0B04203D122F0700747
:103AC0004A683A43984210D060450ED0A0420CD0CC
:103AD000A8420AD0B04208D0144CA04205D0144CE1
:103AE000A04202D0134CA04203D122F44074CA6811
:103AF00022434C6922F0800222438C68C4620C6825
:103B00008462984201D109690163016841F00401AE
:103B10000160012141610260F0BD00000000014030
:103B20000004004000080040000C0040004001403C
:103B3000004401400048014010B501F01F0301217D
:103B4000046A99408C430462016A9A4011430162FD
:103B500010BD000030B5036A026A22F00102026261
:103B60004268846924F073050C682C4323F0020535
:103B70008B682B430A4DA8420BD123F00805CB6874
:103B800022F440722B434D6923F0040315438A69E4
:103B90002A434260846149684163036230BD00008A
:103BA0000000014030B5026A036A23F0100303628B
:103BB000436884690D6824F4E64444EA05248D686A
:103BC00022F0200242EA05120B4DA8420ED1CD6828
:103BD00022F0800242EA05124D6923F4406343EA71
:103BE00085038D6922F0400243EA850343608461C6
:103BF00049688163026230BD0000014030B5036A4C
:103C0000026A22F4807202624268C46923F400737B
:103C100024F073050C682C438D6843EA05230C4D92
:103C2000A8420ED1CD6823F4006343EA05234D6911
:103C300022F4405242EA05128D6923F4806342EA7D
:103C400005124260C4614968C163036230BD00006F
:103C50000000014030B5046A026A22F48052026218
:103C60004268C3690D6823F4E64343EA05238D687F
:103C700024F4005444EA0534064DA84204D14D69A9
:103C800022F4804242EA85124260C36149680164BD
:103C9000046230BD0000014010B5806B0021C18579
:103CA000FEF79EFD10BD01680C3151E8002F22F493
:103CB000907241E80023002BF5D10168143151E8DE
:103CC000002F22F0010241E80023002BF5D1016B07
:103CD000012909D101680C3151E8002F22F01002AE
:103CE00041E80023002BF5D1202180F8421000216B
:103CF0000163704708B590F84210222901D00220D4
:103D000008BD82684FF480539A4201D1016921B104
:103D1000816A9A421BD04AB10AE00268816A5268FD
:103D2000C2F308020A80816A891C08E0026972B144
:103D30000268526802F07F020A70816A491C81623F
:103D4000C18D491E0904090CC18503D01BE002681E
:103D50005268F1E70168CA6822F02002CA6001686F
:103D6000CA6822F48072CA6001684A6922F00102BE
:103D70004A61202180F8421000214163026B012A30
:103D800003D0FEF715FF002008BD016301680C3168
:103D900051E8002F22F0100241E80023002BF5D15A
:103DA00001680A68D20602D50A6849680091818DC7
:103DB000FEF715FDE7E7000070B5044600680169ED
:103DC000E26821F44051114301612169A068E26970
:103DD00008436169114308432168CA6849F20C63CA
:103DE0009A430243CA6020684169A26921F4407184
:103DF0001143416131492068884202D030498842EC
:103E000002D1FDF7F7FC01E0FDF7E4FCE2690023D5
:103E1000192164253226B2F5004F626828D0A0FB34
:103E20000101930F9200FCF7ABFA0146B0FBF5F0ED
:103E30006FF01802504301EB800006EB0010B0FB5E
:103E4000F5F000F0F002B1FBF5F002EB0012B1FB6F
:103E5000F5F06FF01803584301EB800006EB0010FB
:103E6000B0FBF5F000F00F0021681044886070BDD1
:103E7000A0FB010192185B41FCF782FA0146B0FBFE
:103E8000F5F00201B1FBF5F06FF01803584301EBB8
:103E9000800006EBC000B0FBF5F000F0F80002EB8C
:103EA0004002B1FBF5F0584301EB800006EBC00087
:103EB000B0FBF5F000F00700D6E70000001001406D
:103EC000001401400148FEF78DBC000024040020CE
:103ED000FEE7000010B5074A002107481AF090FAE3
:103EE000064C044A00212060243205481AF088FA62
:103EF000606010BD6C260208C12B00080400002081
:103F0000093400080907090E002804DB00F1E0204D
:103F100080F80014704700F00F0000F1E02080F8F6
:103F2000141D704770B5044600256FF02F0608E099
:103F30002068411C2160007805EB850106EB4101FA
:103F400045182068007800F004F80028F0D12846D1
:103F500070BD3038092801D8012070470020704713
:103F600010B54021074801F081F800220A210648D7
:103F700019F0C6F8054CA06002F032F8002020705D
:103F800010BD0000C4520020896000081802002003
:103F900070B5B1F90030B2F90040A34200DC23460D
:103FA0000380B1F90250B2F90240A54200DD2C466F
:103FB0004480B1F90460B2F90450AE4200DA3546EB
:103FC0008580B1F90610B2F90620914200DB114656
:103FD000C1800120AB4201DC8C4200DD002070BDBD
:103FE000F8B50D460446B0F90000B1F900101646C8
:103FF000884247DBB4F90210B5F90220914241DB57
:10400000B4F90410B5F9042091423BDCB4F9061070
:10401000B5F90620914235DC96B3ADF80000608812
:10402000ADF8020032466946284600F099F80028AB
:1040300027D0A088ADF800006088ADF802003246B5
:104040006946284600F08CF800281AD02088ADF880
:104050000000E088ADF8020032466946284600F0CC
:104060007FF800280DD0A088ADF80000E088ADF8FA
:10407000020032466946284600F072F8002800D057
:104080000120F8BD0020F8BDB0F90020B1F90430DE
:104090009A4213DCB0F90420B1F900309A420DDBEA
:1040A000B0F90220B1F906309A4207DCB0F90600F7
:1040B000B1F90210884201DB0120704700207047EF
:1040C000F8B50D460446B0F90400B1F900101646E3
:1040D000884243DBB4F90600B5F9021088423DDBA3
:1040E000B4F90000B5F90410884237DCB4F90210C5
:1040F000B5F90620914231DC76B3ADF80000608856
:10410000ADF8020032466946284600F029F818BB8F
:10411000A088ADF800006088ADF80200324669461C
:10412000284600F01DF8B8B92088ADF80000E088F6
:10413000ADF8020032466946284600F011F858B939
:10414000A088ADF80000E088ADF80200324669466C
:10415000284600F005F808B10020F8BD0120F8BDA0
:104160002DE9FC4114460E46B1F90020B0F90010CB
:1041700005468A423ADBB5F90400824236DCB6F9DC
:104180000270B5F90220974230DBB5F906309F4244
:104190002CDC002C75DD401A9A1A401C521C00B20F
:1041A00012B200EBD07002EBD2724010521090426B
:1041B00000DB1046844200DD0446ADF8001028887C
:1041C00000222044ADF804006888ADF80200688839
:1041D00031462044ADF806006846FFF7C1FF40B104
:1041E000BDF804002044ADF804003FE00020BDE825
:1041F000FC81E8880022001BADF80200E888ADF8D9
:10420000060031466846FFF7ABFF28B1BDF8040051
:104210002044ADF8040011E0A8880022001BADF88E
:104220000000A888ADF8040031466846FFF798FF03
:1042300050B1BDF80000001BADF80000BDF8020051
:10424000001BADF8020016E06888ADF8020068882F
:1042500000222044ADF8060031466846FFF780FF93
:1042600070B1BDF80000001BADF80000BDF80600FD
:104270002044ADF806003146684616F0E9FEB6E780
:10428000FFE70120B3E710B5B1F90040B2F9003003
:104290009C4200DA23460380B1F90240B2F90230B1
:1042A0009C4200DA23464380B1F90440B2F904305D
:1042B0009C4200DD23468380B1F90610B2F9062046
:1042C000914200DC1146C18010BD0000FEB50746DA
:1042D00018F00CFF0025354C0646009537B1F868FC
:1042E0006060384618F0DAFF606802E00DF0DAFC32
:1042F0006060006916F048FE6068406908B116F019
:1043000043FE6068C06916F03FFE6068006A16F000
:104310003BFE60680169E1B317F0BEF817F03AF8A8
:104320006068B0F8501199B30168097C890715D508
:104330000DF032FD401E07B260680DF0CBFC401E50
:1043400003B20022114601A800970CF085FA6068BC
:1043500001A90268926B516004F0B2F860684FF4F2
:104360008071303012F08AFF6068202100F598706B
:1043700012F084FF6068A0F85051304618F0B0FE8B
:10438000009060680068436A13B1226800999847FA
:1043900000E007E012F0B4FD00F036F8BDE8FE40A2
:1043A00000F006B8A0F85051FEBD000058010020F2
:1043B00070B50A4D002400BFC4EBC40655F82600B2
:1043C00008B112F011FE05EB86001C2112F056FF19
:1043D000641CE4B2042CEFD370BD0000A053002095
:1043E000084949680AE04A68824202D00A68824263
:1043F00003D10A7E42F001020A7649690029F2D10E
:10440000704700002C010020704700000421014883
:1044100000F02CBEB85200201C21014800F026BE3E
:10442000D05200202DE9FF5F0446DDE90E0613B9E6
:10443000B0F5807F7ED0B6F900504FF0FF376D4267
:10444000454307EB25252DB22580B6F902C0CCF1F6
:10445000000C0CFB00FC07EB2C273FB26780B6F981
:1044600000C0A1EB0C0141434FF0020C0CEB2121E9
:1044700009B2A180B6F90280A2EB080242430CEB1C
:10448000222000B2E080002B7ED04FF00A0A93FB7E
:10449000FAF5684200EB800003EB400705F10109E3
:1044A00028B219F037F800900FFA89F019F032F8B5
:1044B00083465A3528B219F02DF8804609F15A0082
:1044C00000B219F027F80146009AC7F10A0000FB74
:1044D00002F300FB08F00BFB073301FB070193FB22
:1044E000FAF291FBFAF04FEA601AB4F90010B4F94D
:1044F00002000AFB01FCCDF80CC05511378805FB02
:1045000010C207EBA2220FFA82F905FB01F2BB46AB
:10451000029277880AFB002107EBA1210BB2B4F9C4
:104520000410BE460AFB01FC05FB10C20BEBA222E5
:1045300016B200E02FE005FB01F7CDE9007CB4F9ED
:104540000680DDF80CC00AFB007005FB18C1DDF821
:1045500004C0009F05FB18C5029A0AFB087C0AFBF1
:1045600008220BEBA1210EEBAC270EEBA02009B229
:104570000EEBA2220BEBA5250FFA87FC00B212B2BC
:104580002DB24F46494500E00EE000DA0F46B54235
:1045900016DAA84615E000202080491E6080A18020
:1045A000521EE280BDE8FF9F32882A442280728832
:1045B0003A44628032881144A180718808444FE0F7
:1045C000B046474504DA4F46494506DA0F4604E04F
:1045D000B54201DA2F4600E0374627804F4649456D
:1045E00000DD0F46B54201DDA84600E0B046474574
:1045F00003DD4D46494505DC01E0B54201DD2946B4
:1046000000E03146A1809A4201DA154600E01D46DD
:10461000844501DA614600E001468D4205DA9A429E
:1046200001DA114606E0194604E0844501DA6146E4
:1046300000E0014661809A4201DD114600E0194622
:10464000844501DD654600E00546A94205DD9A4244
:1046500001DD104604E0184602E0844500DD6046B6
:10466000E0809FE72DE9FE4F0446D0F800B0B0F996
:104670000800E589081AB4F90A10511AD4E9093278
:10468000B5F5807F38D0A589ADB3A66B70434511D1
:104690004E437011266BE16A06FB05F701FB1077AC
:1046A000694306FB001003EBA72902EBA02080461C
:1046B0000612B4F904004FEA2927B8424EDD002F54
:1046C0004CDBB4F90610B14248DD002E46DB94F80D
:1046D00034104A0745D58A0704F1140322D400FB9D
:1046E000067045004FF0020A0BEB050152461846D2
:1046F00012F07AFD27E00DE0256BE66A05FB00F776
:1047000006FB1177464305FB016003EBA70902EBAB
:10471000A000CCE7A56B68434D4303EB601902EBA7
:104720006510C4E700FB067000EB40054FF0030A7C
:104730000BEB05010222184612F056FDE81C584406
:1047400010F8010CA07594F83400C0071FD04FF486
:10475000FC60ADF80000A18A814218D10020BDE8BC
:10476000FE8F32B204F118002369CDE90102002561
:1047700039B2AA468B4610F03DFE0090BDF800000D
:10478000A082DDE90102594610F0CCFDDAE7E07CB9
:1047900078B1A4F83C90A4F83E80A4F84070A4F846
:1047A0004260656484F848A02046BDE8FE4F00F0F2
:1047B00002B80120D3E72DE9F04F044690F83C10F1
:1047C000D0F8009090F83E0087B04FF0FF36702987
:1047D00007DAB4F940203546012A00D5002580319A
:1047E0000DE0902916DDB4F94020B4F9043001251C
:1047F000521C9A4200DB0025A1F27F114942C9B246
:104800008846702809DAB4F94210012900D500263B
:10481000803010E00025FF21F2E790280DDDB4F98B
:104820004210B4F906200126491C914200DB002603
:10483000A0F27F104042C7B201E00026FF27606966
:104840000090A07D0590002083468246049094F855
:104850003400400744D594F84810606C11FB050102
:104860004944022201A812F0BFFCA08894F8481025
:1048700010FB01F0616C022206FB0011494403A801
:1048800012F0B2FCA18894F8480011FB00F1626CB0
:1048900006FB012210FB05901118022202A812F05B
:1048A000A3FC94F83400800761D594F84800626C4A
:1048B00010FB052300EB09010B4413F8013C0493A2
:1048C000A38813FB00F306FB0322114411F801BC7B
:1048D00010FB0500111801EB090010F8010C45E070
:1048E000B4F84000B4F94220284401B204F11800A1
:1048F0008146236910F07EFD0190B4F84200B4F9BE
:104900004010304402B254F8103F484610F072FD97
:104910000390608E2368304402B2208E284401B296
:10492000484610F067FD029094F82400103C800780
:104930001DD5B4F9422034F8400F284401B248464E
:1049400010F0F0FC04906088B4F90010304402B21A
:10495000484610F0E7FC83466088304402B234F8E1
:104960004009284401B2484610F0DCFC824694F825
:10497000340042464546800735D5059810FB08F3BC
:104980000499C8F1FF0011FB0031C1F307211BFBA3
:1049900008F61AFB0060C0F3072011FB07F3C7F10C
:1049A000FF0610FB06331B0AA375022907D802284D
:1049B00003D8002007B0BDE8F08F002702E00228EE
:1049C00000D8FF270598022800D800220498022862
:1049D00000D8FF22BBF1020F00D80025BAF1020F68
:1049E00003D8FF2501E0FF20A075EAB1FF2A04D01B
:1049F000DDE900010CF0B8FF0090BDB1FF2D17D02C
:104A0000DDE902102A460CF0AFFF049097B1FF2FAA
:104A100005D001463A4600980CF0A6FF0090BDF87C
:104A20000000A0820120C5E70198E5E70298ECE7C5
:104A30000398EAE7BDF81000F3E700002DE9F0471E
:104A40000446B0F908000A2700026062B4F90A00BF
:104A50000002A062B4F90C1091FBF7F5684200EB7C
:104A6000800001EB4006684205F1010800B218F031
:104A700051FD8246E84300B218F04CFD8146C5F175
:104A80005A0000B218F046FD0546C8F15A0000B2BF
:104A900018F040FDC6F10A0101FB0AF3024609FBCA
:104AA0000630694390FBF7F002FB061191FBF7F12A
:104AB0004011E06248112063A07C10F048FD94F89A
:104AC000341060F3000184F83410A07C10F02FFD46
:104AD00094F8341060F3410184F83410A07C042869
:104AE00024D0052822D0062820D021F0040100BFC0
:104AF00084F8341021682162A16921F0E00160F39B
:104B00000401A08860F39421E08860F35F51A16103
:104B1000E0894FF4001101EB5001B1FBF0F0A0630C
:104B2000FF20A075208AA082BDE8F08741F0040133
:104B3000DEE700002DE9F04115460E460746114C10
:104B400018F0D4FA80462B4632463946204611F0FA
:104B500043F820B10020A062E06950B110E02C21A0
:104B6000204612F08BFB4FF00040A0620020BDE811
:104B7000F081404618F0B4FAE06108B90120E06124
:104B80002046F4E7F452002010B51421074800F045
:104B90006DFA10F0E7FF40B1054901600549416039
:104BA000054981600549C16010BDFEE7DC52002067
:104BB000915501080D590108855A01085F550108F2
:104BC00070B50D4604461021284612F057FB2068A8
:104BD0000078012804D0022807D0042807D008E074
:104BE000208A2880608A688003E0E06800E00A206C
:104BF000686020684268002A03D02946BDE87040FA
:104C0000104770BDFEB5866A0446BEB9A08A218AE7
:104C10000844A082E08A618A0844E082204608F0C5
:104C2000C6F8060079D020460AF0C8FA0022092109
:104C300030460FF0B9FE607880076ED4208A10B934
:104C4000608A002869D00025ADF80450ADF80850FE
:104C500094F83C0000F00F000328304616D013F003
:104C60005FFE0746304613F035FD03460C200090EA
:104C7000B4F912103A46304607F08CFCADF8080043
:104C8000304613F079FDC10712D017E013F0DCFDB8
:104C90000746304613F078FD024603200090B4F931
:104CA00010103B46304607F075FCADF80400E7E70E
:104CB000BDF90410002901DDADF80450810705D4C9
:104CC000BDF90410002901DAADF80450410705D4FC
:104CD000BDF90810002901DDADF80850000705D422
:104CE000BDF90800002801DAADF8085002AA01A9B0
:104CF00020461AF08CFD0023BDF90820BDF90410F0
:104D0000304615F02BFDA08ABDF804100844A0829F
:104D1000E08ABDF808100844E082FEBD2DE9FC5F82
:104D20000446806A5FEA000B71D094F83C000007EB
:104D30006DD011F00BF8019000684021457E584677
:104D400014F0D1FC4FF0000818B9A4F81A80A4F8A8
:104D50001880584613F0D6FD8246584613F0D9FD08
:104D6000064694F83C004FF0640900F00F000C2850
:104D700002D003284CD09AE0A4F8188056B1B4F9B8
:104D80001A50002710F0E2FF00684946407EC0F14B
:104D9000640022E0608BC5F1640110FB01F191FB1E
:104DA000F9F06083584613F095FC0546584613F019
:104DB000B7FD02460C200090B4F91A102B46584655
:104DC00007F0E8FB6083024600231EE07A1917B261
:104DD00010FB05F292FBF1F215B2002DF6D1ADF801
:104DE0000070A4F81A806A46002120461AF00FFDD0
:104DF00041F6FF72BDF900305142584608F03CF9C7
:104E0000BDF800100123084402B200214CE09AE0F2
:104E1000A4F81A80BAF1000F0AD0B4F9185000278C
:104E200010F094FF00684946407EC0F1640022E023
:104E3000208BC5F1640110FB01F191FBF9F0208397
:104E4000584613F0A1FC0546584613F0FDFC0346F6
:104E500003200090B4F918102A46584607F09AFB30
:104E60002083014600231EE07A1917B210FB05F2D9
:104E700092FBF1F215B2002DF6D1ADF80070A4F856
:104E800018800022694620461AF0C1FC41F6FF72E4
:104E9000BDF900305142584608F066F8BDF80010E0
:104EA0000123084401B20022584615F057FC208B1C
:104EB000002848D1608B002845D1C6B9584613F068
:104EC0002FFD0546584613F005FC002D06DC002892
:104ED0000DDD002D02DA01232A4604E0002806DA5F
:104EE0000123404202B20021584615F037FCBAF1C6
:104EF000000F19D1584613F047FC0546584613F0E9
:104F0000A3FC002D07DC00280EDD002D03DA0123B1
:104F10000022294605E0002806DA0123002240424B
:104F200001B2584615F01AFC0A215846019A0FF0B2
:104F30003BFD6078800706D414F83C0F20F00F008A
:104F4000207044F8148CBDE8FC9F00007FB50E462D
:104F5000040003D10CF0A6FE040023D00025FEB10E
:104F6000ADF80050ADF802500CF0B4FE401EADF8A4
:104F7000040020460CF010FF401EADF806006A4603
:104F8000314602A8FFF704F800280BD02068017C06
:104F9000890708D5DDE90001C4E90C0101202AE0F8
:104FA000A0F850517FBD82690AB102A9904700263E
:104FB0000BE000BF04EBC601002202A83031FFF76E
:104FC0000FF80028EED1761CB6B2B4F85001B0420A
:104FD000F0D880B2202804D204EBC00002A93030FF
:104FE00004E0A4F8505104F1300069460BF094FB42
:104FF000B4F85001401CA4F8500160680028D1D0DA
:1050000018F058F97FBD70B5054600F012F8044657
:105010000CE02146284600F01EF8064621462846A8
:1050200000F071F8204611F0DFFF3446002CF0D17B
:1050300070BD002800D04068704700B503460022CC
:10504000FFF7F7FF03E01846521C00F004F80100D8
:10505000F9D1104600BD0068091D4058704700682E
:1050600040587047002800D0806870470022426096
:10507000C91C21F0030182600160704770B50446CD
:105080000068083011F026FF050013D00146002209
:10509000204619F0B3F829462046626819F0A8F8AE
:1050A000616819B12A46204619F0A8F86560A06821
:1050B00000B9A560284670BD70B504460068083088
:1050C00011F008FF050013D001460022204619F018
:1050D0008FF829462046A26819F090F8A16819B106
:1050E0002A46204619F084F8A560606800B965601A
:1050F000284670BD28B1416809B9806808B1002010
:1051000070470120704770B504000DD0FFF791FF84
:1051100000228842204608D1FFF79DFF6060011EF3
:1051200001D000221EE0A26070BDFFF79BFF884205
:10513000206808440AD10168A16029B12046BDE871
:105140007040002219F054B8626070BD05682046B6
:10515000FFF781FF064602462946204619F048F827
:105160002A4631462046BDE8704019F047B810B5D0
:105170000446006882680AB12146904720680068AA
:10518000002801D02060F5E710BD8068002801D01C
:10519000B0F91600704700002DE9F047074690B0BF
:1051A000408C189E40F00400788490463A849946DA
:1051B0008A463289384614F045F90546A7F820900A
:1051C00032895146384614F03DF90446788CA542A0
:1051D00020F00400788403D12904B1EB044F68D097
:1051E000A7F8208032895146384614F02BF905463D
:1051F0008046A7F820905146384609F0BBF831891F
:1052000000682A4617F0D8F83089602823D147F67D
:10521000FF794D4501D04C451DD1384614F036FA82
:1052200000EBD0704510384614F030FA00EBD07027
:105230004010C84506D1691C431C994200DA00E0C1
:10524000194688464C4506D1691C421C914201DA38
:105250006C1C00E014461948FFF710FF05002BD026
:105260002F60C5E903843089A8806846C5F808A086
:105270000AF06AFD1248FF21CDE900501148029062
:105280001148039000200790CDE9080130880A906A
:1052900070889DF83E1040420B90F0680690002008
:1052A00060F300018DF83E103069059068460AF001
:1052B000BFFD10B0BDE8F087FEE70000E852002017
:1052C0002111020815130208711202081421014865
:1052D000FFF7CCBEE85200202DE9FC5F0025924686
:1052E0008B4606462C46042743F60F0843F60E0964
:1052F00000E100BFF16807EBC400085882017DD4CB
:1053000080B230EA0B0212D05FF0000230EA0A00ED
:105310000FD00020824271D051F8340001AA41F62A
:105320001001009016F052FE002868D103E001221F
:10533000ECE70120EEE701AA41F61101009816F012
:1053400045FE002873D101AA41F61201009816F01B
:105350003DFE00286BD101AA41F61301009816F01A
:1053600035FE002863D101AA41F61501009816F018
:105370002DFE00285BD101AA41F61401009816F019
:1053800025FEE0BB01AA41F26901009816F01EFE5D
:10539000A8BB01AA43F20C01009816F017FE70BBDF
:1053A00001AA43F20D01009816F010FE38BB01AAC5
:1053B00041F20101009816F009FE00BB01AA41F27A
:1053C0000401009816F002FEC8B901AA41F20201D8
:1053D000009816F0FBFD90B901AA41F20301009874
:1053E00016F0F4FD58B901AA41F20501009816F033
:1053F000EDFD20B901AA41F2060101E079E016E0D5
:10540000009816F0E3FD90B901AA41F2320100982C
:1054100016F0DCFD58B901AA4146009816F0D6FDF9
:1054200028B901AA4946009816F0D0FD10B1032012
:10543000BDE8FC9F01AA40F60A01009816F0C6FDDF
:10544000F0BB01AA40F60B01009816F0BFFDB8BBF7
:1054500001AA4146009816F0B9FD88BB01AA494649
:10546000009816F0B3FD58BB01AA40F63C01009825
:1054700016F0ACFD20BB01AA40F63D01009816F0E5
:10548000A5FDE8B901AA40F63A01009816F09EFD84
:10549000B0B901AA4FF40461009816F097FD78B9ED
:1054A00001AA40F64501009816F090FD40B901AA06
:1054B00040F64101009816F089FD08B901AA00E004
:1054C00013E040F64201009816F080FD68B901AA89
:1054D00040F64301009816F079FD30B901AA40F674
:1054E0004901009816F072FD08B1022501E005B9E6
:1054F0000125641C708CC0F3C500A0423FF6FAAED3
:10550000284695E701484068704700005801002090
:105510007047C0F30410072800D907207047000027
:1055200010B518210348FFF7A1FD034901200870B9
:1055300010BD000094520020440200202DE9F041EB
:1055400090460C46050015D0FBF73AF80A4F064680
:105550002146BA68284690470446BA682819414649
:1055600090470146701A03E06218AA5C2A55641C31
:10557000A042F9D2BDE8F081580200202DE9F041A7
:10558000094D90460E466A681C46074619469047E4
:10559000306020B120686A68384400219047C8F81C
:1055A0000000BDE8F0810000580200202DE9F04F16
:1055B00087B08A46DDE910581F469346044600210D
:1055C00005B129805CB12078002809D0BAF1000F1C
:1055D00005D0002618F0060F15D0002004E00020AA
:1055E00007B0BDE8F08F401C215C0A2904D00D29CA
:1055F00002D00029F7D100E0401C002DF0D04FF080
:10560000FF312980ECE75FEA887001D541F6FF772A
:10561000894608468DF81410049127E00498CDF8C7
:10562000189068B34FF0000C05AA06ABCDF80CC07B
:10563000CDF80080CDE9013220443B465A46514620
:1056400017F092FF06997A1A314417B20EB288B158
:1056500004990144049120780A280BD00D2809D020
:10566000605C0A280FD00D280DD00846205C08B1D8
:10567000002FD3DC049848B105B12E800498AFE721
:105680004FF0010CD0E7481C0490F3E7064A04A948
:10569000204652689047002DF0D001460022504627
:1056A0000FF05DFA06B2E8E7580200202DE9F0415C
:1056B0001746884606001ED0002F1CD0FAF780FF40
:1056C00004463846FAF77CFF050014D00B4A2C44F8
:1056D0004146926830469047411903E0621BB25C34
:1056E0003255641EA142F9D930442A463946BDE8F4
:1056F000F04111F085BDBDE8F081000058020020A6
:1057000000230278232902D0012A0DD00FE02AB10C
:105710000021012A04D0022A04D008E0012101E07E
:10572000017004E0017001E0202902D00123184635
:1057300070470221F6E72DE9F0410E468046024609
:1057400000213346084618F04BF904460027401C58
:1057500011F0C0FB050008D02F5533464246611CAE
:1057600018F03EF92846BDE8F081FEE72DE9F04744
:105770001E4614460D468246DDF8209015E000BF17
:105780004FEA540808FB0657394650464A469047A8
:10579000002808DD44F30000C0EB540407EB0605C5
:1057A000A4F1010401E005DA4446002CE8D12046CA
:1057B000BDE8F0873846FBE72DE9FC5F9B460CAB64
:1057C0008A468146DDE9116093E81210DDE90F5742
:1057D0005FEA80784FF030031AD45EB15FEAC07898
:1057E00008D000F00C0858EA0C0803D0761E01E03F
:1057F0000B55641CBC4204D2202CF9D301E00B559C
:10580000641C5FEAC07803D0B44201D2202CF6D3E6
:105810005FEAC06825D55FEA40580AD44CB1BC4263
:1058200001D0B44205D1641E03D0102D03D1641EF3
:1058300004E0102D02D0022D0AD00EE0850603D41C
:10584000202C1ED2782506E0202C1AD2582502E002
:10585000202C16D262250D55641C202C11D20B551C
:10586000641C202C0DD2BCF1000F01D02D2306E0CA
:10587000430701D52B2302E0030702D520230B5554
:10588000641CCDE900BAC846154681468B46AA4637
:10589000800714D1274607E02A46DDE900316D1C58
:1058A0002020C446E0477F1CB742F5D307E02A46D4
:1058B0006D1C641EDDE900311BF80400C047002C9C
:1058C000F5D15FEA897006D409E02A46DDE90031A6
:1058D0006D1C2020C047A5EB0A00B042F5D3284636
:1058E000BDE8FC9F2DE9F04F8FB099468B46DDE96E
:1058F0001818DDE91C63DDE91A4792468646002246
:1059000009B923F01003580507AD00D5C9B1B1FBA3
:10591000F4F004FB1010C0B20A2801D2303009E0C4
:105920005FEA836C02D54FF0410C01E04FF0610C4F
:1059300060440A38B1FBF4F1A854521C09B1202A82
:10594000E5D3CDF80880CDE90563CDE90052CDE976
:1059500003474B46524659467046FFF72DFF0FB09E
:10596000BDE8F08F2DE9FF4F8FB01CACDDE923952A
:1059700094E8030820AC94E8C004002450EA010233
:1059800001D125F010056A050DF11C0802D550EA79
:10599000010217D032463B46FAF7F2FCD2B20A2A8D
:1059A00001D2303206E0AB0601D5412300E061238D
:1059B0001A440A3A08F80420641C50EA010201D093
:1059C000202CE7D3CDE90084CDF808B0CDE90595CA
:1059D000CDE9036A0FAF97E80F00FFF7EDFE13B0B4
:1059E000BDE8F08F9A4200D288547047704700009B
:1059F0002DE9FF4F89B005460A98002492460028F9
:105A000000D1FE4D8FE1252804D02246641C534668
:105A10000A990BE2491C4FF0000808460C910178E6
:105A20002B2919D004DC202919D0232904D119E00D
:105A30002D290ED0302909D00026C8B2FEF789FAE8
:105A4000B0B10CA8FEF76EFA06461FE048F001015F
:105A50000AE048F0020107E048F0040104E048F0E1
:105A6000080101E048F01001401C88460C90D6E780
:105A70000C9908782A2809D1169840C81690002E4B
:105A800002DA48F002087642491C0C910C984FF05B
:105A9000000B01782E2919D1401C0C9048F4806825
:105AA0000078FEF756FA20B10CA8FEF73BFA8346C1
:105AB0000CE00C9A10782A2808D1169802C8169083
:105AC000002900DC0021521C8B460C920C980178B6
:105AD0006C290AD004DC68290FD06A2919D128E082
:105AE000742929D07A2914D126E0401C0C90017821
:105AF00048F480786C291CD00BE0401C0C90017895
:105B000048F08008682904D148F04001401C8846CC
:105B10000C9002460078692822D015DC62281FD03C
:105B20000DDC252871D050281AD058287FF46DAF8D
:105B300016E048F40071E9E748F48071E6E763286D
:105B400078D06428F2D10BE0732874D004DC6F287D
:105B500006D07028EAD103E0752801D07828E5D175
:105B600078280DD058280BD070280BD0502809D099
:105B70006F2816D0622816D00A2128F0100016E0EF
:105B8000102107E05078102148F48878562804D175
:105B9000521C0C921078582807D01078502804D046
:105BA00006E0082109E0022107E048F020008046D5
:105BB0001078692803D0642801D028F00C085FEA27
:105BC000485001D528F00108107869281ED06428B3
:105BD0001CD0562864D05FEA885072D5169804AB62
:105BE000C01D002283E806080292CDE9076820F074
:105BF00007005346F0E80212CDE900121690224643
:105C000028460A99FFF7AEFE89E00AE15FEA88506C
:105C100024D5169804AFC01D20F00703F3E8020254
:105C20001693002387E80A08CDE90768002A03DAFB
:105C3000012102E080E0A6E0002100230291194644
:105C40001B1A914101DA114603E00021404261EB49
:105C5000020153462246CDE90001D1E75FEAC85070
:105C600004D5169804C80FE0524215E05FEA486078
:105C700003D5169810F8042B06E05FEA0860F0D50B
:105C8000169830F8042B12B21690CDE9021BCDE91C
:105C90000468D00F002AE7DDCDE9002053461EE05E
:105CA0001698AAEB040202C8169048680068009093
:105CB0000A980B6801192846FFF79AFE04442FE062
:105CC000FFE75FEAC8500CD5CDE9021BCDE90468B7
:105CD00016980021534604C8CDE9002116902246AB
:105CE00019E05FEA486003D5169810F8042B08E025
:105CF0005FEA0860169803D530F8042B92B200E0F2
:105D000004C816900020CDE90020CDE9021BCDE9A2
:105D100004685346224628460A99FFF7E3FD0446E5
:105D20000C98401C0C900C99087800287FF46BAEFE
:105D300054457DD222467DE001275FEA887006D572
:105D400009E02246641C534620200A99A847384699
:105D50007F1CB042F5D316992246641C11F8040B3F
:105D6000169153460A99A8475FEA887006D4D7E788
:105D70002246641C534620200A99A84738467F1CB7
:105D8000B042F5D3CCE7169850F8049B16904B46DA
:105D9000BBF1000001D0014601E04FF0FF31484661
:105DA00000E0401C02780AB1491EFAD2C71A5FEA25
:105DB000485003D558465F4500D307465FEA8870D0
:105DC00006D512E02246641C534620200A99A847B3
:105DD00038467F1CB042F5D307E000BF224609F1E8
:105DE0000109641C53460A99A84799F8000040B17C
:105DF0005FEA4851F2D5BBF1010B01E0ED59000813
:105E0000ECD25FEA887006D48AE72246641C5346C7
:105E100020200A99A84738467F1CB042F5D37FE777
:105E200006E02246641C534625200A99A84777E7D6
:105E3000AAF10102534600200A99A8470DB0204656
:105E4000BDE8F08F10B502004FF000000CD04B1EE3
:105E5000194200D0FEE70A44521E9A43B2F5803F31
:105E600002D20C2A01D9104610BD0C2010BD0844E6
:105E70004A1E401E9043114200D0FEE770470000CA
:105E80002DE9F0410F4601210025044641862E46AA
:105E90000BE01B49FAF75AFC10B16D1CADB202E0E1
:105EA000608E401C6086761CB6B257F8260010B192
:105EB00001780029EDD1208EA8421ED0A06A0026CC
:105EC00010B111F091F8A662E06A10B111F08CF8EF
:105ED000E662E80010F0FEFFA06238B1680010F042
:105EE000F9FFE06218B1A16A11B102E0FEE7FEE736
:105EF0000025690011F0C2F92586BDE8F081000097
:105F0000E01001082DE9F84F8146407A0F4600F075
:105F10000700022819D010468046974200DD3A4615
:105F2000164603202A4C2B4A00EB460020F00305BE
:105F3000A06811681035411A636805EB010C9C4597
:105F400005D2416821F0004124E00846E4E79D4283
:105F500019D892464FF0FF3B48196168884210D922
:105F6000002269461C48CDF800B009F01DFC002253
:105F700069461A4809F018FCA168DAF80000091A05
:105F8000EAE7A068DDE7284610F0A4FFC0B1416849
:105F900041F0004188EA6702416089EA020101603C
:105FA000416801F04041491C31F0804141608681E7
:105FB000A0F80E8005D500F110018160BDE8F88FD2
:105FC000FEE7A16801F1100229448260A160F5E7B3
:105FD000A0020020340200209DCD000809F800082E
:105FE00010B5084C012020700748FFF722F8002860
:105FF000A06803D0BDE8104017F05CB9BDE81040C0
:1060000017F04CB918020020C452002010B5044605
:1060100090F83E00626B810707D4A18F39B1A1F5DA
:106020007F43FF3B15D0491EA187A18F89B90AB1D3
:1060300081070ED521461348FFF765F8FFF7D0FF1B
:10604000E16809B1204688472046BDE8104010F0BD
:10605000CBBFA16B4942E162002A11D0810702D473
:10606000216B4942E1624110491C61F3410084F80F
:106070003E00616AE069E1616062A06AA2626063F9
:1060800010BD0000C452002070B5304D686817F094
:1060900027F80646687880F00100687047E0002025
:1060A000287094F83E006978C0F380028A4242D09A
:1060B00061F3820084F83E00E16A8A19030719D46B
:1060C000002917DC002A15DBC00709D1216939B185
:1060D00020468847E1690144E161616A08446062E1
:1060E000A16809B12046884794F83E0040F00800B6
:1060F00084F83E00E06A8019E06216D4A16A884202
:1061000000DDE162A169204688470146206A884295
:1061100004D0216262680AB120689047D4E90A017C
:10612000814202DB2046FFF771FF287818B108484A
:10613000FEF77FFF03E021460548FEF78CFF0400D1
:10614000ADD116F0D3FF686070BD000018020020CA
:10615000C452002070B5044640680D4608B1FFF7F0
:10616000F9FF2268002A04D029462046BDE8704085
:10617000104770BD89B20AF034BA89B20AF06DBA1C
:1061800010B50446406882080AD0496821F003012E
:10619000091D08446060204600F042F8204610BD0A
:1061A000FEE74068103120F00300884201D301204F
:1061B0007047002070472DE9FC47054648680C46AB
:1061C00020F0030001AA694617F0BAFEDDE900706D
:1061D00005EBC71101EB80098046D9F83C0060B19E
:1061E00064B1C4E9020504F10806C4603046042124
:1061F000FFF73DFE864202D0FEE7FEE7FEE7C9F864
:106200003C400120296900FA07F21143296105EB9E
:10621000870100FA08F04A6902434A61BDE8FC8739
:1062200010B5044600F087F8046010BD2DE9FC4766
:1062300006464FF000000D0000900746019042D046
:106240000C46E9460DF10408802907D308461AF0E8
:106250003BFF411F01208840401E044442464946FE
:10626000204617F06DFE009C0A2C2CDA06EB840009
:10627000019A40694FF0FF3101FA02F210400CD14F
:10628000641C3069A14008401DD01AF015FF044677
:10629000009006EB8000406978B11AF00DFF0346CC
:1062A00006EBC411019001EB8000C76B5FB1786809
:1062B00020F00300A84201D2FEE7FEE7394630464F
:1062C000009A19F0DFF83846BDE8FC8710B504469F
:1062D000FFF7A6FF416841F002014160606840F0AD
:1062E0000100606010BD10B5044600F024F841685C
:1062F00021F002014160606820F00100606010BD83
:1063000070B506460D46084600F015F8040010D09A
:106310002079C0070BD0686880080BD02146304632
:1063200000F03CF821462846FFF72AFF054628469C
:1063300070BDFEE7FEE7426800F1080122F00300AD
:10634000001F0844910800D1FEE7704770B506466B
:106350000C004FF000001ED0F2B120791546C007A6
:106360001BD011462046FFF71CFF78B12946204676
:1063700000F025F805462046FFF752FF68682946D9
:1063800040F0020068603046FFF715FF2046FFF737
:10639000AAFF04F1080070BDFEE7FEE77CB50546E4
:1063A00048680C4620F0030001AA694617F0C8FDB2
:1063B000DDE900232146284619F064F87CBD2DE96B
:1063C000F0410D46044600F10801281F0E186068D0
:1063D00006F1080720F00300401BA0F1040838462E
:1063E0000421FFF744FD874200D0FEE7606820F0FB
:1063F000030108EB0500001D814200D0FEE7307963
:1064000000F0030040EA0800706020F003000C2850
:1064100000D2FEE7207900F0030028436060304698
:10642000FFF754FF3046BDE8F08138B504460FF061
:106430008DFC05460FF0BFFC0028204605D0218FBB
:10644000E18613F01EFC012038BD0EF073F8002821
:1064500020461ED00DF043FF218FE08E81420CD0EC
:106460002087E08E00906A461C2120460EF09CFAA0
:106470000128E9D1204613F004FC28460FF0A7FCC0
:106480000428E0D1204612F0D3F800210EF029FFB5
:10649000D9E70EF0ABF8D6E72DE9F04F0D4687B0FF
:1064A0000446002111F0F9FF60B32946204600F0B0
:1064B00061FA2946204600F06FF80021204612F0CC
:1064C000D3FE05900021204612F068FF04900021C1
:1064D000204612F0CCFD012800D00020804600218B
:1064E000204613F0BEF807460021204612F022FE97
:1064F00042F2D17906464F450BD1608C400508D455
:10650000012707E007B02846BDE8F04F1C2110F036
:10651000B5BE0027204612F03EF8DFF878A083468B
:1065200020460021BAF8022012F08CFFD5F810C0E6
:10653000AB682968CDF800C0CDF80C80CDE90131F9
:10654000C2B239465846059B07F086FF28834E4560
:1065500004D1608C800501D4012600E0002620468D
:1065600011F0FFFF074620460021BAF8062012F07E
:1065700069FFC2B2686900246B68E9688DE81B0096
:1065800031463846049B07F067FF688307B0BDE8D3
:10659000F08F0000840200202DE9F34F81B00C46FB
:1065A000019807F017FA0646019811F0F4FF8246A9
:1065B000304600F0C5FE2061400010F0B7FC2060BE
:1065C0002069400010F0B2FC002541F69A79A060E5
:1065D0003AE036F91510DFF82081494533D100271C
:1065E000DFF818B11FE03946019811F056FF5946FF
:1065F000009013F07FF8A8B9009807F0FDF9012882
:1066000010D1009807F0EEF9A8420BD1009813F0D2
:106610003DF84146404501DA084602E0009813F093
:1066200035F880467F1C019811F049FFB842DAD84E
:10663000B8F1000F03DBA16821F8158003E0A16821
:10664000002021F815006D1C2069A842C1D8002542
:106650002F46284641F69B784B4615E036F9101038
:10666000414504DB0D44A5F5F8559B3D0BE09942EF
:1066700004D1A16831F81010394403E0A26822F86F
:10668000101039440FB2401C21698142E6D8002124
:10669000019812F0E9FD2169C1F1010200FB02A09D
:1066A000C01B00B2002800DA002000224FF0FF33A8
:1066B0001146C44611E000BF36F9117067450BDB87
:1066C000A7F5F8579B3F3AB210FB02F3B3FBF5F383
:1066D000A76827F811300B46491C27698F42EBD871
:1066E000002B07DBA91A4143B1FBF5F1401AA16861
:1066F00021F81300BDE8FE8F01E0FFFF0100060056
:106700002DE9F14F00221146009814F065F900219F
:10671000009812F0CBFC04460021009812F04CFEC9
:1067200020440FFA80F90021009812F057FD204410
:106730000FFA80F8009812F039FC00EB090101EB28
:106740000800DFF898A006B25446009811F0B7FE92
:10675000074600252AE0009821498068006850F823
:106760002500834612F0C6FFF8B9584613F0EAFA3E
:1067700040BB0021584612F03EFC18B3012821D03E
:1067800002281FD003281DD00021584612F077FFA1
:1067900058B9BBF81A10BBF81600081A401C00B212
:1067A0004844A04200DB044624B26D1CBD42D2D353
:1067B000544504D004EB080000B2B04200DC30467F
:1067C000BDE8F88F0098BBF91A10B0F91600081A46
:1067D000411CA142E8DB0C46E6E7000001E0FFFFB8
:1067E000010004002DE9F84F00228046114614F004
:1067F000DDF80021404612F059FC044600214046D5
:1068000012F086FD20440FFA80FA0021404612F073
:1068100039FD20440FFA80F9404612F0D5FB00EB19
:10682000090101EB0A00DFF844B105B25C464046BD
:1068300011F045FE07460021404612F0F5FB012805
:106840004FF0000644D078E0D8F8080048490068C6
:1068500050F82600009012F04DFFC0BB009813F0D6
:1068600071FA50B10098B8F91810B0F91400091A6B
:10687000481CA0422ADB4C1C28E00021009812F0A2
:10688000BAFB58B1032809D0062807D0082805D03C
:106890000021009812F0ECFE58B118E00098B8F909
:1068A0001810B0F91400081A411CA1420EDB0C4666
:1068B0000CE000981430009009F096FF5044A0427C
:1068C00004DB009809F090FF00EB0A0424B2761C68
:1068D000BE42B9D35C453BD004EB090033E000BFB6
:1068E000D8F808002249006850F82600009012F0FD
:1068F00001FF08BB009813F025FA60BB0021009847
:1069000012F079FB38B3012825D0042823D00728BA
:1069100021D00021009812F0B2FE68B9009814301E
:10692000009009F061FF4844A04204DB009809F0A0
:106930005BFF00EB090424B2761CBE42D0D35C4559
:1069400006D004EB0A0000B2584501D0A84200DC92
:106950002846BDE8F88F0098B0F91810B8F914006F
:10696000091A481CA042E6DB4C1CE4E701E0FFFFEB
:10697000010004002DE9F84F0C46834607F008FC9F
:10698000064600F0DDFC6061400010F0CFFA606068
:106990006069400010F0CAFA002541F69A79E0607B
:1069A0003AE036F91500DFF80C81484533D100276D
:1069B000DFF804A11FE03946584611F06EFD51463C
:1069C000009012F097FEA8B9009807F067FC012824
:1069D00010D1009807F058FCA8420BD1009811F094
:1069E0002CFE4146404501DA084602E0009811F0CD
:1069F00024FE80467F1C584611F061FDB842DAD86B
:106A0000B8F1000F03DBE16821F8158003E0E168CD
:106A1000002021F815006D1C6069A842C1D800272C
:106A20003D46384641F69B784A4615E036F9101047
:106A3000414504DB0F44A7F5F8579B3F0BE091421B
:106A400004D1E16831F81010294403E0E36823F829
:106A5000101029440DB2401C61698142E6D8002122
:106A6000584612F09BFC8146584611F07AFD0146CB
:106A70006069C0F1010209FB0210401B02B2002A4A
:106A800000DA0022002043460FE000BF36F9101064
:106A9000994209DBA1F5F8519B3912FB01F1B1FBD9
:106AA000F7F1E56825F81010401C61698142EDD8C6
:106AB000BDE8F88F01E0FFFF010006001CB50B8860
:106AC00004892344ADF800304B8844892344ADF851
:106AD00002308B8804892344ADF80430C988438987
:106AE0001944ADF806104369694698471CBD00007B
:106AF000F8B50D46D0E90C2104468AB112787AB176
:106B000041B100BF16F0E3F90D4909688847616B90
:106B1000884211D2206B88B100200A4E009006E016
:106B200061B1EFE7326869469047A84206D0206B12
:106B30000099415C0029F5D10020F8BD0120F8BD85
:106B4000700200205C0200202DE9FF4F87B0C8785A
:106B5000189CC0070D46002801D0F14800E0F1481C
:106B6000069001D0F04800E0F048049001D1EE48D2
:106B700000E0EE484FF0100A4FF00C0ECDF8140074
:106B80006088A1884FF0000BA0EB010001B25A46CB
:106B90005846276912E000BF00EB8006E3680AEB65
:106BA000860C13F80CC05FEACC7C0BD04FF0080CBD
:106BB0000CEB86069B5BC91A09B2401C8742EBD8D6
:106BC000002347E00EEB86069B5B1A4412B2F4E703
:106BD00003EB8306E7680AEB86000190385CC00788
:106BE00037D191FBF2F00EEB860CCDF800C037F8F0
:106BF0000CC00CFB00FC0FFA8CF94FF0060C0420C3
:106C00000CEB860C00EB860037F90C80385ECC4626
:106C1000C84500DCC446604504DC4046CC46C84557
:106C200000DD6046484506D0DDF804804FF0010CD9
:106C3000E34647F808C0D4F80CC0082707EB8606DF
:106C40002CF80600E768009EBE5B921B081A12B281
:106C500001B25B1C20699842BAD8BBF1000F8FD1FA
:106C60000021079812F0FCF9012826D00027002007
:106C7000ADF80800ADF80C0003A902A8CDE90001A9
:106C80002089B4F9022003B22878169917F0FDFB89
:106C9000E878384207D0079811F07DFCBDF808105D
:106CA0000844ADF808000999079811F0F6FB06466C
:106CB0004FF4FA684FF0640B27E10127D7E79C49AE
:106CC000304612F017FD00287DD10021304612F029
:106CD00019FAE8B34FF000094846216911E000BFF6
:106CE000E26800EB800352F82320B24208D100EBA7
:106CF0008002E168082000EB820031F9009002E098
:106D0000401C8142ECD8E878C007708C02D040F477
:106D1000806001E040F40070708406F11400049972
:106D200082468847484528D0304612F0AAFFB08AEC
:106D3000ADF80000F08AADF80200308BADF8040029
:106D4000708BADF80600069A49465046904700E021
:106D50000FE06A46292130460DF026FE304611F03C
:106D6000ADFC324622210DF01FFE304612F089FFA5
:106D700003E0708C20F4C06070840020009068787C
:106D8000012810D0022816D1059906F11400884771
:106D9000B4F90010491C21F00101081A00EBD07071
:106DA00040F34F0006E0059906F11400884721885A
:106DB000081A00B20090E87838420AD0049906F127
:106DC0001400884700E098E0BDF80810081AADF8F4
:106DD00008003046002143F20C0212F033FB0FFA98
:106DE00080F93046002143F20D0212F02BFB0FFA1E
:106DF00080FA304612F04AFC0190304611F01DFC3A
:106E00000146C9F3413001280ED129F4C040404564
:106E10000ADCB0F57A7F01DDC0F57A70019A504343
:106E200090FBFBF00FFA80F9CAF3413001280DD135
:106E30002AF4C040404509DCB0F57A7F01DDC0F599
:106E40007A70484390FBFBF00FFA80FAB18A1498ED
:106E5000F28A411A01EB0900159900B28A1A02EB75
:106E60000A01EA7809B2D207002A02D0BDF9082047
:106E700000E0009A10440FFA80FA01D0009801E077
:106E8000BDF9080008440FFA80F95AEA09001BD03E
:106E9000304612F0F6FEB18A01EB0A00B082318B67
:106EA00001EB0A003083F18A01EB0900F082718B5B
:106EB00001EB09007083304612F0E3FE01234A46DD
:106EC0005146304612F08CFFE87838420CD10499D4
:106ED00006F11400884717990844BDF80C100844BF
:106EE000BDF80810084406E0BDF80C1017980844D7
:106EF000BDF80810081AADF80800E87809AAC0F330
:106F00008001079807F010F80646002E04D0DDE94E
:106F1000090188427FF4D3AE0BB0BDE8F08F0000CA
:106F200071080108670801080D080108B507010884
:106F3000010006002DE9F04F91B00E0005463FD04C
:106F40002E83286808B110F04FF806EB46000621A2
:106F500001EB40000FF0BEFF286040B3022101EBBF
:106F600046010144E960042101EB86010144C5E9C1
:106F7000010101210024012E1AD0F00008300FF089
:106F8000D5FF814600EB860000F10408B00000B296
:106F9000A346ADF81000C0F101028010ADF812B0A8
:106FA0000FFA82FA5C46CDF828B00690ABE0FEE717
:106FB000B4220270E8680480E8684180A868048010
:106FC00011B0BDE8F08F0027BDF81220BAF1000F14
:106FD00007DC032101EB42010AEB01000FFA80FA02
:106FE0000CE0BDF810100523521A03EB420202EB2D
:106FF0000A00491E0FFA80FAADF81010BDF8120011
:10700000401CADF8120004A800F0E9F868B1BDF921
:10701000100006A9821041F827200AA900F00300F9
:1070200041F827007F1C042FCEDB042F71D1099972
:107030000698884212D129F8140028F814B0DDE926
:107040000A010144DDE90C20104408446968085530
:10705000696800010855641C24B252E0079988420F
:1070600019D029F8140028F814B06A680A98105545
:107070006A6800011055641C069A20B2521E29F855
:10708000102028F810B0DDE90B120A440D99091DF3
:1070900011446A682FE0089929F81400884228F8FA
:1070A00014B0DDE90A025946104412D06A6810553E
:1070B0006A6800011055641C069A20B2521E29F815
:1070C000102028F81010DDE90C12114408316A680C
:1070D00011E00C9A10446A6810556A680001105556
:1070E000641C069A20B2521E29F8102028F81010AD
:1070F0000D996A680C3111546A6809011154401CD9
:1071000004B20BF1010B04A800F069F800287FF429
:107110005AAF40F2D32016FB00F109EB440288126B
:1071200032F9022C824205D108EB440232F9022CDA
:1071300082421AD0A1EB8021B1F5007F03DC4943E4
:1071400041F3CF3106E0C1F58061494341F3CF31CE
:10715000C1F10F0129F8140028F8140068680155DE
:10716000686809010155641C24B2A01E0EE000BF2E
:1071700038F8102029F8142039F8102028F81420A5
:1071800069680A5C0A55641C24B2401E0028EFDAC4
:10719000EA680021084611801BE0EA6822F8110025
:1071A000AB6839F8102023F811200AE0AE6839F9ED
:1071B000102036F81130934200DA1A4626F81120D2
:1071C000401C38F910208A4201D1A042EEDB491C54
:1071D00009B2A042E1DB48460FF0F4FEF0E6B0F958
:1071E0000210B0F90000814201DC0120704700204C
:1071F000704717B581B0022A03D8BDF8080004B063
:1072000010BDBDF80830BDF80400D90A01EBD0214B
:107210001F2900D31F2161F3CF20C3F34511C0F311
:1072200045142144ADF804003F2900D33F2161F308
:107230004A1003F01F0100F01F031944ADF80400C9
:107240001F2900D31F2161F30400ADF80400FF2AB9
:1072500007D0DDE901010AF0D5FB0090BDF8000080
:10726000CDE780B2CBE717B581B0022A03D8BDF8CD
:10727000080004B010BDBDF80400BDF80810C30A32
:10728000CC0A13FB04F35B0963F3CF2000F01F0368
:1072900001F01F0413FB04F35B0963F30400C0F364
:1072A0004513C1F3451113FB01F1890961F34A103C
:1072B000ADF80400FF2A07D0DDE901010AF0A2FBC6
:1072C0000090BDF80000D4E780B2D2E717B581B0D6
:1072D000022A03D8BDF8080004B010BDBDF808307C
:1072E000BDF80400D90AA1EBD021002900DC00215F
:1072F00061F3CF20C3F34511C0F34514091BADF86A
:107300000400002900DC002161F34A1003F01F0192
:1073100000F01F03C91AADF80400002900DC0021A9
:1073200061F30400ADF80400FF2A07D0DDE9010194
:107330000AF068FB0090BDF80000CDE780B2CBE713
:107340000146002041F6FF7200E0401C31F9103088
:107350009342FAD170471CB5044690F8500000F0F3
:10736000010088422DD094F8500011B140F0010086
:1073700001E020F0010084F8500004F14401684667
:1073800009F000FA606ABDF80010828A1144ADF875
:107390000010BDF80210C08A0844ADF80200606A0F
:1073A000BDF80410808A0844ADF80400606ABDF896
:1073B0000610C08A0844ADF806006946204612F05F
:1073C00094FC1CBD08B5084611460AF0E0F900908F
:1073D000BDF8000008BD2DE9F04F0646C87A89B017
:1073E00015460F46022803D8012009B0BDE8F08FEA
:1073F00018463A69B968FDF79DFB041EF5D0207D5B
:1074000000F01F000EF0A3F808B1062008E0207D70
:1074100000F01F000EF08BF808B1052000E00420FA
:10742000226A814622B12946304618F01EFCB7E098
:10743000A069E8B3294602A809F077F9388818B995
:107440007888B0F5807F2AD0A88829886A88401A71
:10745000401C01B2E8883B1D801A401C02B27888AB
:10746000CDE90003B7F9003002A8FCF7DBFFBDF857
:10747000080029880844ADF80800BDF80A006988AA
:107480000844ADF80A00BDF80C0029880844ADF89E
:107490000C00BDF80E0069880844ADF80E0002AA81
:1074A00004A8B168FCF774FD002879D004A800E0B6
:1074B0000DE0D6F80880B060CDF800902A46394635
:1074C0003046A3690AF0F2FEC6F8088068E02A4652
:1074D00004A8B168FCF75CFD002861D0BDF8140079
:1074E000BDF81010401A401C0FFA80FB0BEB4B004C
:1074F0000FF01CFD039004A901A8D6F808A009F01C
:1075000014F9012101A809F0AEF9BDF91000B5F98F
:107510000010BDF91280401A0690B5F90200A8EBE0
:10752000000534E001AA514607A8FCF731FD60B31D
:107530000398009006985B4601B22AB220460EF0EE
:10754000A9FB01280CD020460EF0F9FA03980FF0A1
:1075500039FD20460EF0F3FA0020C6F808A044E7F3
:1075600007A8B060CDF8009001AA39463046039BC9
:107570000AF09CFEBDF80600401CADF80600BDF800
:107580000A00401CADF80A006D1C08F10108BDF9A5
:1075900016004045C6DAC6F808A003980FF012FDA1
:1075A00020460EF0CCFA1FE77047000010B504200B
:1075B000FAF782FE06484FF47A710078B1FBF0F0DA
:1075C00004490968BDE81040B1FBF0F0FAF780BE4D
:1075D000880000209400002070B5054600244FF478
:1075E0007A7603E0304600F004F8641CAC42F9D32C
:1075F00070BD70B54FF0E0240022656964214843F6
:10760000A169A3698B42FCD002D2A1EB030102E085
:10761000A5EB030631440A4419468242F1D370BDFA
:1076200038B5054600924C88CB888A880888214660
:10763000FBF7B0FC2846BDE838400AF02DBB00003F
:107640002DE9F04FA1B0074614468A4604A80AF077
:1076500015FC4FF4A021384611F0D7FC9DF81D1001
:1076600060F382018DF81D10A1882088091A491C39
:1076700009B201EBD1714E103044ADF87000608852
:1076800000213044ADF87200384611F084FD814687
:10769000514608A810F040FD04A810904FF40030A7
:1076A00015902D48099000200A9007F1300083467C
:1076B000FDF7D8FC4AE02079032843D1208BADF8B0
:1076C0001000208AADF812006079FD2801D94846E3
:1076D00002E010FB09F0000A8DF81C002568B5F9DE
:1076E0002030E88B18440090D5E90512A0680FF00F
:1076F000DFFB8046B5F92030E88B18440090D5E9CF
:107700000512E0680FF0D4FB0546608B08AA3044F0
:10771000ADF85C001CA811901A21199438460DF0A0
:1077200043F9A9B21FFA88F0CDE90001BDF85C3039
:107730001CAA04A950460AF091FB08AA1B2138464E
:107740000DF032F921465846FDF789FC0400B2D10C
:1077500021B0BDE8F08F0000649902082DE9F74FD1
:10776000C878A0B00C4602287DD9114601A809F0BE
:1077700012F8B4F92000012829DD94F82200FD2830
:1077800025D3208818B394F82300BDF804104008CE
:10779000C0F380021144ADF80410BDF80610C0F328
:1077A00040000844ADF8060094F82310BDF8080026
:1077B0004908C1F3C001401AADF8080094F823103D
:1077C000BDF80A00C1F34001401AADF80A00209844
:1077D00001A9826805A8FCF7DBFB002843D0E07B09
:1077E00010F0070619D0E088ADF80000BDF80000E1
:1077F0006189884200D1002601A80BF04DFA0746A6
:107800001C210EA8F8F77AFFA0788DF85100BDF87A
:107810000000ADF840001FB105E060680090E5E7AA
:10782000208800B9EEB3E078FD2800D3FF2083461E
:10783000BDF80800BDF80410401A401C0FFA80FA89
:10784000BDF80A00BDF80610401A401C01B2894676
:107850005046CA4500DB0846B4F90050B5EB600F4E
:1078600000DB451000E043E0BDF81810BDF814003F
:10787000081A401C0FFA80F84FF0FF301D900020CE
:107880000790002D00DC87B140460FF04FFB0790BA
:1078900000232A4601A916A80BF06AFC002116A8AD
:1078A00000E01CE00BF018F81D90BDF81400ADF8D6
:1078B0000C00BDF81800ADF810000798119003A84F
:1078C0000E901390FF208DF850004A465146A01D9F
:1078D0000DF052FB040018D0022E0CD015E001A8C8
:1078E0000E90E0788DF850000EA920980BF0FCFE69
:1078F00023B0BDE8F08FBDF91410A06800EB410083
:10790000BDF90410A0EB41000F90002F7DD0BDF910
:10791000165027E02FB2ADF80E70ADF81270424647
:10792000594607980FF078FCBDF9141043463A46C3
:1079300007980BF073F98DF84800012802D1022056
:107940008DF84800012E08D1BDF90610A068691A0B
:1079500000EB41000088ADF840000EA920980BF024
:10796000C3FE6D1CBDF91A00A842D3DAB7E000BF10
:10797000BDF80600BDF9161038440FFA80F9BDF8BD
:107980000A00C01B0FFA80FA494503DDBDF91A1041
:10799000514544DB4246594607980FF03DFCBDF97E
:1079A0000C1043464A4607980BF038F98DF848000A
:1079B000012802D102208DF84800BDF91610494572
:1079C00013DCADF80E90ADF81290012E09D1BDF97F
:1079D0000620A168A9EB020001EB40000088ADF889
:1079E00040000EA920980BF07FFEBDF91A105145FA
:1079F00015DBADF80EA0ADF812A0012E0BD1BDF92C
:107A00000600A268AAEB000000E009E002EB4000DB
:107A10000088ADF840000EA920980BF065FE7F1C91
:107A2000AF42A5DBBDF80400ADF87800BDF8080052
:107A3000ADF87C00BDF806002844ADF87A00BDF82A
:107A40000A00401BADF87E001EA80BF025F9074682
:107A500030430CD001208DF84800BDF90A008DF8A4
:107A600050B0A0EB0509BDF90600054435E0BDF8AE
:107A700006008DF850B02844ADF80E00BDF80A009D
:107A80000EA9401BADF812000020119020980BF0B9
:107A90002BFE24E06FB14246594607980FF0BCFB1D
:107AA000BDF9141043462AB207980BF0B7F88DF8C9
:107AB0004800ADF80E50ADF81250012E08D1BDF9B6
:107AC0000600A168281A01EB40000088ADF84000CC
:107AD0000EA920980BF008FE6D1C4D45DADD0798C5
:107AE00008B10FF06FFA1D98401C05D01D980BF0DF
:107AF000EBFB16A80BF0B4F8002C3FF4F9AE2046CF
:107B00000DF034FAF4E6F0B5074608698FB0154673
:107B10000C46002871D0A17E02296ED90EF0CDF856
:107B2000022820D0694620690EF02AF8012864D185
:107B300005A80AF0C3FBA0788DF82000208BADF8D3
:107B40001C00E07E8DF81E00A07E8DF81F00207FB7
:107B50004FF0FF36E0B300996888ADF8060006EBF9
:107B600051510844A8E0002641F6FF70CDE90060BD
:107B70000296D4E9041233460DA815F08FFD28466D
:107B800008F04AFE01462A88BDF9340001EBD171A4
:107B900002EB610200EBD071A2EB61010844401ED0
:107BA000ADF81000ADF80C10284608F009FE0146AB
:107BB0006A88BDF9360001EBD17102EB610100EB7F
:107BC000D072A1EB62010844ADF80E10401E00E037
:107BD00015E0ADF8120005A80AF026FE60690590D0
:107BE000208BADF82000A07E8DF82E00009603AA11
:107BF00005A9384623690AF07BFB0FB0F0BD284683
:107C000008F00AFE298800EBD07001EB60000099B3
:107C1000C1F38A21A0EB5100ADF80400284608F01A
:107C2000CFFD698800EBD07001EB60010098A1EBFB
:107C30009051C0F38A22ADF80610BDF80430521EF0
:107C40001A4406EB5050ADF808200844ADF80A007D
:107C500001AA05A9384623690AF008FBCDE7009977
:107C60002888C1F38A21ADF80400491E084410E0B9
:107C700001AA05A9384623690AF0F8FA0098BDF868
:107C80000410C0F38A200144ADF80410BDF80810B8
:107C90000844ADF80800BDF90400B5F904108842A5
:107CA000E6DDBDF80610009801EB5051ADF8061066
:107CB000BDF80A1001EB5050ADF80A00BDF90600FE
:107CC000B5F906108842CADD97E7F0B5074691F886
:107CD000220087B016460C4602286BD9208C00285B
:107CE00068D094F8230010F03E0F63D0C00761D134
:107CF000B08831887288401A401C01B2F088B4F90B
:107D00000050801A401C00B2814200DA0846B5EBF0
:107D1000600F00DD4510314604A808F03CFD94F8E2
:107D20002300BDF91020C0F344014807B4F9200036
:107D300001D4284440421044ADF810000807BDF9B2
:107D40001420B4F9200001D428444042101AADF8A0
:107D5000140094F82300BDF9121040088007B4F90C
:107D6000200001D4284440420844ADF8120094F8A1
:107D70002300BDF916104008C007B4F9200001D156
:107D800028444042081AADF81600208C281A00B288
:107D9000002800DA0020A27894F82210CDE902121F
:107DA000E18BADF8041000902B4604AA314638460A
:107DB00000F002F807B0F0BD2DE9FF4FA9B01D4655
:107DC000DDE93879DDF8D88016460C46FF2F00D360
:107DD000FF2708460AF060FF2690284350EA080073
:107DE00074D029982146826808A8FCF7D1F80028A9
:107DF00073D0BDF82400BDF82010401A401C00B21A
:107E000004901C210AA80FF039FA04980FF08EF89C
:107E10000D904FF0FF302490002D0ADD00232A46FC
:107E2000214615A80BF0A4F9002115A80AF054FD6D
:107E300024900123424631461BA80BF099F90021FA
:107E40001BA80AF049FD259001A80A900F90BDF8E3
:107E5000DC008DF84070ADF830008DF84190B4F939
:107E600000002290B6F900C04319634500DC634668
:107E7000B4F904000FFA83F92190B6F90430401BDD
:107E8000984200DB18460FFA80F8B4F902E0B6F920
:107E900002000EEB05018246514500DC01460FB29F
:107EA000B4F906B0B6F90610ABEB05028A4200DB66
:107EB0000A4610B20590A8EB0900401C00B22790BA
:107EC000D6450DDC01200CE000E006E000973246CC
:107ED0002146379B299800F0B8F92DB0BDE8F08F06
:107EE000002082468B4501DB012000E00020834614
:107EF0002698D8B3BDF82000ADF80400BDF82400E2
:107F0000ADF80800BDF9224022E000BFBAF1000F31
:107F100001D1A7421BDCBBF1000F02D10598A042A2
:107F20001ADB25B2ADF80650ADF80A5004990D9849
:107F30000FF0D2F9BDF920102A46049B0D980AF0E3
:107F40006DFE8DF838000AA929980BF0CDFB641C52
:107F5000BDF92600A042D9DA1BA80AF081FE2598B7
:107F60000BF0B2F92498401C07D000E009E015A8F6
:107F70000AF076FE24980BF0A7F90D980FF022F87E
:107F8000ABE72298604501DC012000E0002013905F
:107F90002198984201DB012100E00021012000909E
:107FA00013981291084000EA0A0010EA0B0F04D05F
:107FB0002798322801DA00200090012000998DF8DE
:107FC00038001AEA010F0ED0ADF80490ADF8088021
:107FD0006088ADF8060070880AA9401EADF80A0056
:107FE00029980BF081FB00991BEA010F0ED0ADF828
:107FF0000490ADF80880F0880AA9401CADF806008E
:10800000E088ADF80A0029980BF06EFB139878B160
:108010002088ADF804003088ADF80670401EADF839
:1080200008000598ADF80A000AA929980BF05CFB36
:10803000129878B1B0880AA9401CADF80400A08855
:10804000ADF808000598ADF80670ADF80A0029985B
:108050000BF04AFB0098C0B1BDF92400BDF9201017
:10806000A9F10102ADF80410904200DB1046ADF812
:108070000800401A401C05B2002D70DD139850EA2C
:108080000A0066D0BDF9224061E0BDF82000ADF8DD
:108090000400BDF82400ADF80800B4F90200B6F9F8
:1080A0000210401AA84200DB05460FFA85F80025A9
:1080B00033E06088284406B2E088401B07B2BDF96F
:1080C0002200B04203DDBDF92600B84224DB04994A
:1080D0000D980FF001F9BDF904103246049B0D987C
:1080E0000AF09CFD8DF83800BDF92200B04207DC93
:1080F000ADF80660ADF80A600AA929980BF0F4FA09
:10810000BDF92600B84207DBADF80670ADF80A707D
:108110000AA929980BF0E8FA6D1C4545C9DB8DE0EA
:1081200026B2ADF80660ADF80A6029460D980FF04A
:10813000D3F8BDF904102B4632460D980AF06EFDB7
:108140008DF838000AA929980BF0CEFA641CA742D2
:10815000E6DC139850EA0B001DD0059C16E01AE0EF
:1081600026B2ADF80660ADF80A6029460D980FF00A
:10817000B3F8BDF904102B4632460D980AF04EFDB7
:108180008DF838000AA929980BF0AEFABDF926003F
:10819000641CA042E4DABDF9200008F10101884224
:1081A00000DC0846BDF82410ADF80400081A401C95
:1081B00005B2ADF80810002D40DD129850EA0A0013
:1081C0001BD0BDF9224016E026B2ADF80660ADF82E
:1081D0000A6029460D980FF07FF8BDF904102B4670
:1081E00032460D980AF01AFD8DF838000AA9299830
:1081F0000BF07AFA641CA742E6DC129850EA0B00F6
:108200001CD0059C15E026B2ADF80660ADF80A60FA
:1082100029460D980FF060F8BDF904102B46324640
:108220000D980AF0FBFC8DF838000AA929980BF08C
:108230005BFABDF92600641CA042E4DA1BA80AF030
:108240000FFD25980BF040F88FE62DE9FF478EB023
:108250000C46824615461C2102A81A9E0FF00EF805
:10826000CDF808D0BDF84400ADF810008DF82060BE
:10827000B4F90200B5F90210884201DC012700E0E0
:108280000027B4F90600B5F90610884201DB012683
:1082900000E00026B4F90000B5F90010884201DCC6
:1082A000012100E000218946B4F90410B5F9042049
:1082B000914201DB012100E00021ADF80000A0881F
:1082C000ADF804006088ADF8020068888846401E5A
:1082D000ADF806001FB102A950460BF005FAE88878
:1082E000401CADF80200E088ADF806001EB102A9FE
:1082F00050460BF0F9F92088ADF800002888401EA0
:10830000ADF8040017B1B5F9020001E0B4F90200BC
:10831000ADF8020016B1B5F9060001E0B4F90600A7
:10832000ADF80600B9F1000F03D002A950460BF0DA
:10833000DBF9A888401CADF80000A088ADF8040067
:10834000B8F1000F03D002A950460BF0CDF912B0DE
:10835000BDE8F0872DE9F04F8B46A2F57F4195B03F
:1083600091460646FF3944D0746A208C8046984274
:1083700004D02384608C40F0040060844FF4802A91
:108380005146204611F0F7F807465146204611F0B5
:1083900014F90546B7F90870304605F0EEFCB0F95F
:1083A00016107A1909FB021105EBD570A1EB6000DC
:1083B000ADF8060038446D1E2844ADF80A00706A16
:1083C000818AADF80410008BADF8080006A80AF009
:1083D0009FFF06AA5146204611F0F8FA01AA06A905
:1083E00058460AF081FFA4F82080608C20F0040039
:1083F000608415B0BDE8F08F2DE9F0430E46A2F57C
:108400007F4191B090460546FF3956D06C6A278C63
:108410009F4204D02384608C40F00400608406A84E
:108420000AF002FA4FF4802906AA4946204611F0C4
:108430002AFA4946204611F0C0F8ADF82A0028462D
:1084400005F09BFC050038D00698B5F91620B0F968
:108450000810BDF92A0000EB010C08FB0C2200EB10
:10846000D073A2EB63021044491EADF80A20084401
:10847000ADF80E00A08AADF80800208BADF80C0016
:1084800002AA0EA8B168FBF783FD88B10EA8D6F842
:108490000880B06028460EF09DF80346002000904A
:1084A00005F1140206A9304609F022FFC6F808803B
:1084B0002784608C20F00400608411B0BDE8F08354
:1084C0002DE9F041274E0746706809F0FFFB04468E
:1084D0003868856BE96A09B128468847206850B139
:1084E000606828B907E070680068816A01B1884750
:1084F00020690028F7D10120206171680968C968E6
:108500008A69D20702D08969890700D40020606196
:10851000606908B1012600E000263868416971B140
:10852000016911F0300F06D0490704D5D5E90010D4
:1085300000F01AF803E0D5E90021FEF7BFFA206841
:1085400000280BD06168002908D03A68127CB24339
:10855000D20703D1A268824202D1A160BDE8F081B6
:10856000A060FBE7580100202DE9F34F05468A483B
:1085700093B041680E683069820701D542076ED416
:10858000C0F3011002281ED0012801D0032866D1B3
:1085900000200F90084609F099FB8346A988B5F999
:1085A0000000EA88091A491C0CB2B5F90210521AE7
:1085B000521C17B24FF4A052B2FBF4F3BB420FDAD5
:1085C000B2FBF4F20DE029463046149A00F0F0F8C0
:1085D000149A15B029463046BDE8F04FFEF76EBA42
:1085E0003A460C920791317CC1F30111012905D063
:1085F0006880611E0844E8800020BDE07188081A88
:10860000401EE880001B401C6880F5E70C99A7EB32
:108610000A00884200DD084600B201900120CBF834
:108620001000BAF1000F20D1A7421EDB0194307C6C
:10863000C0F30110032810D000202146149A00F046
:10864000EAF8307CC0F30110012809D0318807987E
:10865000081A401EA880001B56E00120EDE797E0B5
:10866000079828800798204466E00F9820B94FF4B7
:1086700020500EF05BFC0F90307CC0F301100328FB
:108680001BD000208646DDF850C001990F980A9053
:1086900014FB01F0401E0D90601E48430E90002018
:1086A0008146884222DA0E9ABEF1000F02EB0900E1
:1086B00001D00D9A101A002212E00120E2E70A9B75
:1086C000BEF1000F03EB400863460CF1020C1B885F
:1086D000A8F8003001D0084400E0401A521C12B241
:1086E000A242ECDB09F1010000B2D9E7307CC0F313
:1086F000011001281BD031880798091AA1EB0A0044
:10870000401EA8800199401A401C288001990AEB5C
:108710000108B84513DBDBF81800C0070FD0DBF801
:10872000180080070BD50120CBF814000AE0079849
:108730005044288001990844401EA880E6E70021A3
:10874000CBF814100F9828B1024629463046FEF7A0
:10875000B5F905E0149AF8E7B16A09B130468847DF
:10876000DBF810000028F7D101981499604301EB61
:10877000400014900FFA88F08246B842FFF646AFE8
:108780000F98002804D015B0BDE8F04F0EF01ABCC9
:1087900015B0BDE8F08F00005801002030B5048806
:1087A0000D88058010880880188810801C8030BDD6
:1087B000F8B58B880C884D881B1BCC885B1C641B10
:1087C000641C13FB04F300245B1E0DE002EB430664
:1087D00002EB44073588ADF80050B7F800C0A6F8A2
:1087E00000C05B1E3D80641CA342EFD843884C88C8
:1087F000CA881B1B5B1ECB8043889A1A521E4A8074
:1088000003880C888A881B1B5B1E8B800088801A5B
:10881000401E0880F8BD2DE9F0470C4617468246F9
:10882000002601EBD47931E00025601C00EBD07804
:1088300027E0A01B401E01B2601B401E00B2BAF12F
:10884000000F0AD015FB041207EB420311FB0401D1
:1088500007EB410210FB046009E010FB046207EB28
:10886000420311FB040007EB400215FB041007EB69
:10887000400116FB045007EB4000FFF78FFF6D1C13
:108880002DB2B5EB680FD4DB761C36B2B6EB690FB0
:10889000CADBBDE8F08700002DE9F047A2B005462D
:1088A0000CF07DF8044628460CF041F88246606AD8
:1088B0000DF090FE054694F85000C00778D004A84B
:1088C0000AF026FD4FF4E02904AA4946204611F09B
:1088D0007DF804F1440101A807F054FF606ABDF877
:1088E0000410828A1144ADF80410BDF80610C08A45
:1088F00001AA0844ADF80600606ABDF80810808A35
:108900000844ADF80800606ABDF80A10C08A08443F
:10891000ADF80A0004A950460AF0E6FC4946204694
:1089200010F0E0FB06464946204610F0E3FC8719AC
:108930004946204610F07FFD4FF000081E490644CE
:10894000CDF87480CDF87880E06C096828448847B9
:108950000246E06C41191DA80EF0B2FBBDF8040000
:1089600040F257423844ADF80400BDF806004146D5
:108970003044ADF80600606A10F064FD054612A8A8
:1089800009F052FF12AA4946204610F07CFF9DF8DC
:108990001300022804D8BDF85400A9B2884207D0B9
:1089A0001DAB01AA12A95046CDF8008009F0A0FC29
:1089B00022B0BDE8F0870000580200202DE9F04FFA
:1089C000D3B005460BF0EBFF044628460BF0AFFF93
:1089D0004F9010A920460FF0F8FD002140F60A0242
:1089E000204610F02FFD0546002140F60B022046E0
:1089F00010F028FDBDF84010BDF84420491BADF82B
:108A000040102A44BDF84230ADF844201B1ABDF88E
:108A10004650511A2844ADF84600C01A401C0FFABF
:108A200080FAADF84230D4E90A02491C0FFA81FB02
:108A3000A2EB0008D34501DB012100E000218946BB
:108A400000213E9194F85C1001F00301012908D146
:108A5000002806DA002A04DD216B814201D10120C1
:108A60003E900021204610F022FC2190002120465B
:108A700010F063FC36900021204610F0B2FC2090EC
:108A80000021204610F0BFFB359004F1340010A9FE
:108A9000139007F05CFEA18E21980844A086218FD8
:108AA0003698081A2087E18E20980144E186618F6C
:108AB0003598081A00B26087B9F1000F11D0E18E25
:108AC000401A401C00B204281DDAE18A0AEBDA726F
:108AD0006FF0010000EB62000844E086001D608733
:108AE00011E0218FA08E081A401C00B204280ADA77
:108AF000A18A0BEBDB726FF0010000EB620008440F
:108B0000A086001D2087218FA08E081A401C00B26D
:108B10001890618FE08E081A401C00B22290B9F1C3
:108B2000000F05D004F13805DC48189F139E04E0BF
:108B300004F13606DA48229F351D3A90A36D581C81
:108B400014D0216DA06A626D091A101A7943784316
:108B500091FBF8F190FBF8F009B200B2401A5843CB
:108B6000C21700EB126001EB202005E0216BA06A28
:108B7000081A784390FBF8F000B21690A26C501CD3
:108B800014D0216CA06A636C091A181A79437843CF
:108B900091FBF8F190FBF8F009B200B2401A504393
:108BA000C21700EB126001EB202005E0D4E90910A8
:108BB000081A784390FBF8F000B23F90204600215D
:108BC00041F26A4210F03EFCC0B2B9F1000F28D069
:108BD00001280AD130462E4605463F98404200B251
:108BE0003F901698404200B2169031883F98084452
:108BF000288031881698084430803E9888B3A06A4F
:108C00004042784390FBF8F000B2B9F1000F15D064
:108C100031880844B5F9001000B281420BDD308084
:108C200039E029883F98081A401C30802988169816
:108C3000081A2880E1E7318028802CE02988081A6A
:108C4000401CB6F9001000B2814201DD288001E02D
:108C500029803080B5F90010B6F900008142EADBC6
:108C600019E0FFE73A9913988847012813DC35A8E3
:108C70004F990FF051FA4FF40030429089483690E6
:108C8000002037901398389035AA1A2120460BF00F
:108C90008BFE35AAFBE050A8139907F058FD6846F3
:108CA0000AF036FB4FF400356A462946204610F09C
:108CB0008DFE23A84F990FF02FFA4FF00008794846
:108CC000CDE924083095CDF89CD0139826904546E0
:108CD00023AA1A2120460BF067FE2046602229466F
:108CE00010F0B0FB05B258465146D34500DB0846AC
:108CF000B5EB600F00DD4510229A1899BDF9000010
:108D0000914200DB1146B0EB610F00DD4810B9F174
:108D1000000F02D0228FA18E01E0628FE18E511AE6
:108D2000491C09B2B1EB400F18DD9DF822001290EA
:108D30009DF803709DF81A608DF803808DF81A80F5
:108D40008DF822806946139A4F980AF0CDFA12984E
:108D50008DF803708DF81A608DF82200A18A219891
:108D600000230844ADF83401218B36982A46081AAE
:108D7000ADF83801E18A20980844ADF83601618BDE
:108D80003598081AADF83A014DA947A80AF0F0F94C
:108D9000002147A809F0A0FD17909DF822608DF8EA
:108DA000228045468DF8368010A90EA807F0CFFC2A
:108DB000BDF838102198084400B2ADF83800BDF86D
:108DC0003A20209911440BB2ADF83A30BDF83C205E
:108DD0003699511A0AB2ADF83C20BDF83E7035996B
:108DE000791A09B2ADF83E10B9F1000F12D0C81AC5
:108DF000401C00B204281FDAE18A0AEBDA726FF035
:108E0000010000EB62000844ADF83A00001DADF827
:108E10003E0011E0101A401C00B204280CDAA18AAE
:108E20000BEBDB726FF0010000EB62000844ADF861
:108E30003800001DADF83C00BDF90020002319A842
:108E400013990AF095F9002119A809F045FD074684
:108E50000EAA69464F980AF047FA8DF822608DF8FD
:108E600003508DF81A508DF836506946139A4F9872
:108E70000AF03AFA19A809F0F3FE47A809F0F0FE43
:108E800038460AF021FA17980AF01EFA23AA1B2185
:108E900020460BF089FD53B0BDE8F08F01080108B2
:108EA000A9070108FC9502082DE9F047B8B005466E
:108EB0000BF075FD044628460BF039FD8246002173
:108EC000204610F0BFF80646204610F0DFFB0546AE
:108ED00020460FF0B2FB854201DB012701E00027AD
:108EE000284694F85C108046002001F00301012917
:108EF00006D1A16A002903DAE16A002900DD012018
:108F00008FB110B1606A00280ADB012E03D100BFC7
:108F1000B4F9340001E0B4F93800ADF800000BE01A
:108F2000012EF8D0F4E710B1606A002801DBE08E72
:108F300000E0608FADF8020017A80AF0E9F94FF4DD
:108F4000403517AA2946204610F040FD3B464246D0
:108F50006946204615F0D7FA04F168006946814653
:108F600007F007FC514605A80FF0D6F82F480690E9
:108F70000020CDE9125017ADCDE9089507902046A5
:108F800012F0CCFF022806D005AA1A2120460BF0C9
:108F90000BFD4A463DE0382217A926A80EF090F8AE
:108FA00005AA1A2120460BF0FFFC4A4617A9504695
:108FB0000AF09AF905AA1B2120460BF0F5FC4FB1E7
:108FC000012E02D0B4F9340001E0B4F93800ADF854
:108FD000000002E0608FADF802003B464246694661
:108FE000204615F090FA04F160006946064607F045
:108FF000C0FB382226A917A80EF062F801200995B7
:10900000CDE90706139005AA1A2120460BF0CCFCE7
:10901000324617A950460AF067F905AA1B212046D7
:109020000BF0C2FC38B0BDE8F0870000DC96020807
:109030002DE9F0438FB004460BF0B1FC05460FF06C
:109040003DFB074603A809F0EFFB03AA00213846C1
:1090500010F019FC20460BF06AFC816804460E46AD
:1090600007F114020DA8FAF793FF002850D00DA8BD
:10907000A0600BA9384605F01BF9A88AADF80400DA
:10908000E88AADF80600288BADF80800BDF82E0080
:10909000ADF80A0001AA1046A168FAF779FF4FF06F
:1090A00000090DF1040878B1A7682846C4F80880C3
:1090B0000DF090FA034605F1140203A92046CDF8FD
:1090C000009009F015F9A760A88AADF80400BDF872
:1090D0003200ADF80600288BADF80800688BADF8BB
:1090E0000A0001AA1046A168FAF752FF78B1A768F2
:1090F0002846C4F808800DF06DFA034605F1140205
:1091000003A92046CDF8009009F0F2F8A760A66008
:109110000FB0BDE8F08300002DE9FF4F9FB0987BB2
:109120008A7E00F00F04DDF8B0E00E46032C18D064
:10913000012C1DD0022C21D0042C13D0082C7DD161
:10914000A24D4FF0FF0A6101FD2A2FD2A04F3878BF
:10915000904202D17868A04225D00020DFF87482C6
:109160001FE00424994D4FF0F00A103D1021EBE769
:10917000964D4FF0800A163D0221E5E7934D4FF0E2
:10918000C00A143D0421DFE715F800C0BCF1FF0F51
:109190001DD01CFB02FC4FEA1C2C00BF08F800C0CD
:1091A000401C8842F0D38B4D3A707C601F9AB3F814
:1091B0000680188907902199926808FB04F0B1F99C
:1091C0000010B2F90030994203DB002302E094461C
:1091D000E4E75B1A9B46B2F9043001EB08079F42B3
:1091E00001DC414601E0591A491C89462199B2F92E
:1091F0000230B1F90210994201DB002300E05B1A52
:109200001193079BB2F906200B44934201DC0799A6
:1092100001E0511A491C0A91119941430BFB0410BA
:109220000EEBD00100F007072C911C2115A80EF0C1
:1092300025F8B089ADF85C00B07E00E0C2E08DF8A2
:109240006C00B07FC0F3C2008DF86D00FCF75AF9D6
:1092500008F040FD079A08FB02F1814200DC084655
:109260001C900DF063FE079018902198002601884D
:1092700001EB0B02ADF80C200188A9F101000144BB
:109280002198ADF810104388119818448B1AADF846
:109290001200ADF80E00ADF83810ADF834200A9980
:1092A000ADF836005B1C08441BB2ADF83A000B93D6
:1092B0000DA809F0F1FC1D9003A815901A90C4F1B7
:1092C000080008EB0B010F90A1EB0900604312901E
:1092D000119860E033462AFA07F059464FF0000C27
:1092E0001FE02C9ADDF83C801278A8EB07080240BA
:1092F00032FA08F205D015F80280079A02F80680C3
:1093000002E0079A02F806C00F9A974202D2274459
:10931000E04004E02C9A0027521C50462C92491C35
:10932000761C4945DDDB1D9880B10798BDF91220F8
:109330001844BDF90C1080460B9B09F06FFC8DF8AA
:10934000640018B940460B990DF098FFA9EB0B008B
:1093500081191C98814205D2BDF81200401CADF85D
:1093600012000EE002208DF8640015A91F980AF083
:10937000BBF9BDF81200401CADF80E00ADF81200AC
:10938000002612982C99384401EBD00100F0070711
:1093900001982C91401C0A99019088429ADBBDF9F2
:1093A0000E10BDF91200814209D0401EADF8120026
:1093B00002208DF8640015A91F980AF095F9079806
:1093C0000DF000FE23B0BDE8F08F0000B299020856
:1093D000AC020020901401202DE9F04F8346B1F932
:1093E00002000C46401E411000F001004618B2F980
:1093F0000050B3F9000089B0854200DA2846ADF884
:109400000000B2F90000B3F90030984200DC1846C1
:10941000401EADF804005088801BADF80200508853
:109420000844ADF8060069460846DBF80820FAF75C
:10943000AFFD00281FD0E08818B1A08808B101272F
:1094400000E000270125684609F026FC00B907B1B5
:1094500000251C2102A80DF011FFCDF808D02088AE
:10946000ADF81000207A6E468DF8200035B102A9C3
:1094700058460AF039F909B0BDE8F08FBDF804107C
:10948000BDF90000BDF90680091A491C0DB2BDF8EE
:109490000210ADF806104FF0000A47B1B4F90610FB
:1094A000B4F90420114490FBF1F201FB120A2846A2
:1094B0000DF03CFD079605908146BDF902603EE047
:1094C000294648460DF008FFBDF900102B4632B280
:1094D000484609F0A3FB8DF818000FB300B3002134
:1094E00050460B4617E000BFB4F90420824205DB6A
:1094F000121A1144104409B200B208E0B4F906C0CF
:109500006244824201DC002001E009F80130491C7C
:10951000401C09B200B2A942E6DB02208DF8180017
:1095200002A958460AF0E0F8BDF80200401CADF868
:109530000200BDF80600401CADF80600761C46454A
:10954000BEDD48460DF03EFD95E700002DE9FF4FDA
:10955000B2F90240B3F90250C5B0AC4208DA128841
:1095600064F31F4062F30F0065F31F411A8807E0A0
:109570001B8865F31F40128864F31F4163F30F00DB
:1095800062F30F010FFA81F904B20514A9EB040686
:109590004FEA214AAAEB05070391002E01DD31466F
:1095A00000E07142002F01DD384600E07842814240
:1095B00001DD012000E0002015904698B0F902106E
:1095C000159858B1002F01DD384600E0784242017D
:1095D000002E01DD30460CE070420AE0002E01DD75
:1095E000304600E070424201002F01DD384600E0C5
:1095F000784292FBF0F0AB4A105C10FB01F03F3078
:10960000C0114FEA600800F0010202EB080B494666
:109610004C4500DA2146A1EB0001ADF8581001DD00
:10962000214600E049460144ADF85C1051465545DD
:1096300000DA2946A1EB0001ADF85A1001DD2946F8
:1096400000E051460844ADF85E00459816A98268CE
:109650000846FAF79DFC00287ED0159800210028C6
:109660007BD0002E16DDAAEB080000B2CDE9000188
:10967000A5EB080002B24B46214620A809F0B0FB3A
:109680000AEB0B00012100B2CDE900014B4605EBCE
:109690000B0015E00AEB0B0000B2CDE9000105EB71
:1096A0000B0002B24B46214620A809F099FBAAEB19
:1096B0000800012100B2CDE900014B46A5EB0800EE
:1096C00002B221460AA809F08BFB002120A809F06C
:1096D00003F9189000210AA809F0FEF815904698A1
:1096E0004FF0FF39C846407AC00623D4A819032199
:1096F00000B2CDE90001E01B03B22A4621462BA8A7
:1097000009F06EFB039902200A14911909B2CDE900
:109710000010039801B2C81B03B236A809F060FB21
:1097200000212BA809F0D8F88146002136A809F0BD
:10973000D3F88046BDF85C00BDF85810401A401CB4
:1097400004B2FBF7DFFE08F0C5FA054616A807F0DD
:109750003DF8A84206D201E0A1E027E016A807F0F4
:1097600035F80546AA4628460DF0E0FB8346BDF9CC
:109770005E70BDF85A00ADF85E00002551465846AF
:109780000DF0AAFD1C2119A80DF078FD16A919915C
:1097900046980088ADF86C004698BDF95A60007A8A
:1097A0008DF87C00CDF870B01E9145E009EB0B0000
:1097B000CDE900A103B204EB0B0001B22A4620A8B8
:1097C00009F00EFB0121A9EB0800CDE900A103B2CD
:1097D000A4EB080001B22A4674E700BFBDF9581097
:1097E0000BEB0500234632B2079009F017FA8DF80B
:1097F000740018B9214607980DF040FD2544291939
:10980000514505D2BDF85E00401CADF85E0012E087
:1098100002208DF8740019A9459809F065FFBDF87C
:109820005E000025401CADF85A00ADF85E005146C0
:1098300058460DF051FD761CBE42CFDDBDF95A10E1
:10984000BDF95E00814209D0401EADF85E000220E5
:109850008DF8740019A9459809F046FF58460DF097
:10986000B1FB20A809F0FCF90AA809F0F9F9B9F14F
:10987000FF3F02D02BA809F0F3F9B8F1FF3F02D067
:1098800036A809F0EDF9189809F01EFD159809F0B1
:109890001BFD484609F018FD404609F015FD49B08A
:1098A000BDE8F08FB29A02082DE9F04F8346B1F976
:1098B00002000C46401E411000F00100158889B0DE
:1098C0000844281AADF8000010880844ADF80400D8
:1098D000B2F90210B3F90200814200DA0846ADF88D
:1098E0000200B2F90200B3F90210884200DC084617
:1098F000401EADF8060069460846DBF80820FAF776
:1099000047FB00281FD0E08818B1A08808B10126C5
:1099100000E000260127684609F0BEF900B906B14B
:1099200000271C2102A80DF0A9FCCDF808D0208842
:10993000ADF81000207A6D468DF8200037B102A9ED
:10994000584609F0D1FE09B0BDE8F08FBDF804001B
:10995000BDF80010BDF90670401A401C0FFA80F9DE
:10996000BDF80200ADF8060048460DF0DFFA824669
:1099700005900795002056B1B4F90600B4F904101B
:109980000844BDF9021091FBF0F200FB1210804672
:10999000BDF9025031E0494650460DF09DFCBDF93D
:1099A00000104B462AB2504609F038F98DF81800DD
:1099B000A6B178B1B4F90410414502DA00208DF85F
:1099C0001800B4F90600B4F904100144414501DC63
:1099D0004FF0000808F101000FFA80F802A958467C
:1099E00009F082FEBDF80200401CADF80200BDF88F
:1099F0000600401CADF806006D1CBD42CBDD504694
:109A00000DF0E0FA9FE77CB505460AF0C8FF446A0E
:109A100028460AF08CFF626A05468168684614325F
:109A2000FAF7B6FA002835D0AE68C5F808D094F831
:109A30003C00800621D5628FE08E824208D121232E
:109A400029462046FEF786FC2046628F21231DE032
:109A5000202329462046FEF77DFC2046628F2023E6
:109A60002946FEF7C9FC2046E28E01232946FEF76F
:109A700071FC2046E28E012308E02046628F2023FD
:109A80002946FEF767FC628F204620232946FEF711
:109A9000B3FCAE607CBD00002DE9F04FD5B00546AB
:109AA0000AF07DFF0446008E00287DD028460AF08B
:109AB0003EFF4F90608C49A940F00400608420462E
:109AC0000EF083FD0025278C2584608CA94640F08C
:109AD00004012E46C846618433A809F019FC41A848
:109AE00008F0A2FE4FF4A02A33AA514620460FF0F8
:109AF0006DFF41AA514620460FF0C5FE608C002143
:109B000020F004006084204627840FF071FC5390FD
:109B1000002120460FF07EFB5290002120460FF0DE
:109B2000CDFB5190002120460FF00EFC509020A854
:109B30004F990EF0F1FAB548CDF8B4A0CDE921085F
:109B400012A824900AA8259054E1761CB6B2606A47
:109B5000AFA150F82600F6F7F9FD0028F5D0E06A2D
:109B600030F81500C0F3C001002974D18846C0F355
:109B7000C01109B14FF00108C0F3401010B148F016
:109B8000800014E0A08EA84212D1B80601D548F09A
:109B90002008B80701D548F00208780701D548F039
:109BA0000408380704D500E02CE148F0080080469E
:109BB000A06A00EBC50103A806F0D2FDBDF80C10A9
:109BC000BDF82401B8F1000F0144ADF80C10BDF848
:109BD0000E20BDF826110A44ADF80E20BDF8102065
:109BE0001044ADF81000BDF812000844ADF81200A2
:109BF00026D0A4F82080608C40F00401618412A873
:109C000009F086FB0AA808F00FFE12AA514620466A
:109C10000FF0DCFE0AAA514620460FF034FE2784DE
:109C2000608C20F004016184E06A30F81500C0F314
:109C3000003000289DF845000ED040F001000DE0F6
:109C4000382233A912A80DF03BFA202241A90AA814
:109C50000DF036FAE8E7C9E020F001008DF8450084
:109C600003A8239020AA1A212E9520460AF09CFED4
:109C70009DF86B004108C9063CD520F03E001E301F
:109C80008DF86B00B4F914305199BDF90C201944CA
:109C90008A4203D120F008008DF86B00B4F9182037
:109CA0005098BDF91010101A814205D19DF86B0033
:109CB00020F010008DF86B00B4F916205398BDF910
:109CC0000E101044814205D19DF86B0020F0040075
:109CD0008DF86B00B4F91A205298BDF91210101AC1
:109CE000814207D19DF86B008108490061F345006E
:109CF0008DF86B00BDF81210BDF90E00091A491C51
:109D00000FFA81FB5FEA886108D5E16A31F8151026
:109D1000890503D5A0EB0B00ADF80E0003AA12A92C
:109D20004F9809F0E1FA606ABDF93C30BDF93A108C
:109D300050F826000890BDF82801BDF824C10A9A01
:109D4000A0EB0C00401C00B2CDE900109DF845C00E
:109D5000CDF808C054A8089913F0A0FCBDF8101065
:109D6000BDF80C00BDF95031091A491C09B2C91AD5
:109D700001EBD17100EB6100ADF80C00BDF81210E1
:109D8000BDF80EC0BDF95221A1EB0C01491C09B26E
:109D9000891A01EBD1710CEB610109B21844ADF8DD
:109DA0001000881802B2ADF80E10ADF812205FEA6C
:109DB00088600ED5E06A30F81500800509D50BEBF8
:109DC000DB70A1EB6001A2EB6000ADF80E10ADF806
:109DD0001200CDF8009003AA0AA9089B4F9808F03A
:109DE00087FA20AA1B2120460AF0DEFD6D1C761C96
:109DF000ADB2B6B2208EA8423FF6A9AE608C20F07C
:109E00000400608455B0BDE8F08F0000349602086D
:109E10000A0000002DE9F04FA7B005460AF0BFFD8B
:109E2000044628460AF083FD2290002120460FF0C8
:109E30004BF90546002141F6120220460FF002FBC5
:109E400028440FFA80FB002141F6130220460FF050
:109E5000F9FA28440FFA80FA002120460FF0CFFAD1
:109E600028440FFA80F918A808F0DEFC18AA4FF46D
:109E7000003120460FF007FDA06A08B1179009E0F5
:109E800080200DF053F805460146802220460AF056
:109E900021FB179594F83C00002700F00F000128E3
:109EA00000D101272046002141F26A420FF0CAFA90
:109EB000C0B2012800D10127E06A002869D00BF068
:109EC000FCFE804602280DD002A9E06A0BF058FE85
:109ED00001281BD04FF0FF363546E7B1A18A01EBD0
:109EE0000B001CE0BDF972009DF87D2041F6FF716A
:109EF0008DE80700BDF97430189A15A8E16A13F0CF
:109F0000CDFBBDF95460BDF95650E6E70298C0F3A9
:109F10008A26450DE1E7218BA1EB0A00801B711E0B
:109F2000ADF814000844ADF81800B8F1020F5ED087
:109F300020460EF082FB401BE18A00EBD07001EB63
:109F40006000ADF81600691E0844ADF81A0011A8AB
:109F500008F0B4F94FF4003811AA414620460FF03A
:109F600049FC06EBD6704010ADF8480005EBD57003
:109F70004010ADF84A00204643F60F0241460FF06C
:109F800061FAADF8440005AA11A9E36A229808F025
:109F90006DF909A808F048FC09AA002120460FF035
:109FA00072FCBDF936009DF8412041F6FF718DE845
:109FB0000700BDF9383007A8099A179913F06EFB0E
:109FC000E18A01EB0900BDF81E10ADF80E0008444F
:109FD000ADF81200E06AE0B13FB3218BA1EB0A00BB
:109FE000BDF81C10B0EB0100ADF80C0024E0E18AD4
:109FF0006D1E01EB0900ADF816002844ADF81A00FB
:10A000000020009005AA18A9E36A229808F070F9C8
:10A01000BFE720460FF03AFBBDF91C10A28A401A98
:10A0200000EBD07002EB6000DEE7A18A01EB0B00D1
:10A03000BDF81C10ADF80C000844ADF8100000206D
:10A04000009003AA09A9179B229808F051F9A06A69
:10A05000002802D117980CF0B5FF27B0BDE8F08FAB
:10A060002DE9F04798B005460AF099FC04462846C9
:10A070000AF05DFC06460FA920460EF044FA94F85B
:10A0800048000025C10600D50125800601D545F010
:10A090000205002120460FF0D6FAA0F51C51D13957
:10A0A00004D1608C400501D445F0040507A808F0F0
:10A0B000BBFBB4F84400ADF83200B4F84600ADF88C
:10A0C00034008DF8395007AA002120460FF0DBFB41
:10A0D0009DF83800012708B98DF83870E06B0890BA
:10A0E000206C099008994FF6FF70814219D00999A8
:10A0F000814216D04FF48028204644F25742414610
:10A100000FF0A0F90090BDF80000ADF82A0020463D
:10A11000202241460FF096F90090BDF80000ADF8FE
:10A120002C0094F8480041F6FF7A00F0070002285E
:10A1300001D003281ED19DF83800022801D0032841
:10A1400018D1BDF92E100295CDE9001ABDF93030B5
:10A15000079A16A8616A13F0A1FABDF84000BDF88D
:10A160003C10401A401CBDF9581000B2884201DA78
:10A170008DF8387094F8480004F1300700F00700BB
:10A18000032809D0BDF84200BDF83E10401A401C1B
:10A1900000B2B0F5806F00DA00270FA914A8B268EA
:10A1A000F9F7F6FE00287DD094F8480040070BD15F
:10A1B00020460EF0B5FB404202B200210FA806F087
:10A1C0003EFB608BADF8420094F848000DF1500959
:10A1D00000F00700022813D0032811D000970FAA1F
:10A1E00007A93046636A08F083F8B068C6F808909B
:10A1F000804694F8480000F0070003280FD05FE085
:10A20000D6F80880C6F8089000970FAA07A930462C
:10A21000636A08F06DF84046C6F80880E6E7BDF9C5
:10A220002E100295CDE9001ABDF93030079A06A824
:10A23000616A13F033FABDF84000BDF83C10401AD3
:10A24000401CBDF9181000B2884219DA20221146CC
:10A2500007980AF084FCB4F84410BDF8182000EB0D
:10A26000400011440844ADF83200B4F84600ADF89F
:10A27000340000970FAA07A93046636A08F038F83F
:10A28000BDF84200BDF83E10401A401C01B2BDF9B5
:10A290001A00814214DAB4F84410ADF8321007996C
:10A2A000098900E00EE0B4F8462000971044084405
:10A2B000ADF834000FAA07A93046636A08F018F811
:10A2C000C6F8088018B0BDE8F0872DE9F04397B0D4
:10A2D00007460AF026FB054638460AF060FB0446AE
:10A2E0004FF48026152D7DD0182D7CD138460AF0EC
:10A2F0001EFB054607A808F097FA07AA3146204634
:10A300000FF0C1FA13A9204603F0D2FF13AA15A833
:10A31000A968F9F73DFE002865D0204603F034FD1A
:10A32000814620460FF0B2F9064648460CF052F935
:10A33000BDF92E10CDE90016022202920146BDF9A8
:10A34000303005A8079A13F0A9F920460EF075F9E8
:10A35000B4F9161000EBD076B9F9160001EB6601DE
:10A36000471A48460EF069F9B90391FBF0F700214E
:10A3700020460FF008F90799B0F90800B1F9081064
:10A38000081A00EBD070BDF816104010091A09B277
:10A39000ADF81610E28A794302EB660202EBA131B6
:10A3A0000F1A002120460EF096FE8046204600211E
:10A3B00041F612020FF046F806462046002141F60B
:10A3C00013020FF03FF8A28A06EB08011144ADF822
:10A3D0004010ADF84270218B081AA0EB0800ADF8D0
:10A3E000440001E01DE019E0BDF816003844ADF866
:10A3F00046009DF8390040F002008DF8390015A89C
:10A40000AC68A86048460CF0E5F8034600200090D0
:10A4100010AA07A9284607F06BFFAC6017B0BDE88B
:10A42000F08338460AF083FA054610A9204603F067
:10A430003FFF684608F06CFF6A46314620460FF041
:10A44000C5FA10AA6946284608F04EFFE6E72DE94E
:10A45000F043ABB005460AF0A2FA044628460AF0DB
:10A4600066FA8146002120460EF036FF074600219D
:10A4700020460EF077FF0646002120460EF0CDFF65
:10A480000546002120460EF0D3FEA18AE28AADF8EF
:10A490008A20238BADF88C30B4F81AC03944ADF85B
:10A4A0008810991BADF88C10ACEB00005119ADF879
:10A4B0008E00ADF88A1006A808F02AFF06AA4FF40D
:10A4C000003120460FF082FA22AA06A9484608F079
:10A4D0000BFF20460EF0B1F80546208BA18A411AE9
:10A4E000491C481B06B2606A411C06D07043C11764
:10A4F00000EB116040F30F2708E020460EF072FDDC
:10A5000010F0010F01D0374600E00027204600215F
:10A5100041F26A420EF096FFC0B2012801D1F01B51
:10A5200007B2A08A3844ADF800002844ADF8040012
:10A53000E08AADF80200608BADF806004FF44037BA
:10A54000394620460EF0C8FE0646394620460EF033
:10A5500009FF8046394620460EF05FFF0546394622
:10A5600020460EF065FEBDF80010BDF80420891BE2
:10A57000ADF8001002EB0801ADF80410BDF80210B0
:10A58000491BADF80210BDF806100844ADF80600EE
:10A5900014A808F0BDFE14AA394620460FF016FA9A
:10A5A0006A4614A9484608F09FFE2BB0BDE8F08328
:10A5B0002DE9F04FE5B005460AF0F1F904462846CA
:10A5C0000AF0B5F98346826804F1140116A8F9F778
:10A5D000DFFC00287ED0DBF80800089016A9CBF835
:10A5E00008102046002141F232020EF02BFF00B28B
:10A5F0005B90002120460EF017FF5F90002120465F
:10A600000EF01DFE6190002120460EF06CFE5E9063
:10A61000002120460EF0ADFE4FF4A0255D902946A6
:10A6200020460EF060FE0D90294620460EF0A1FE59
:10A630000A90294620460EF0F7FE1590294620463E
:10A640000EF0FDFD1490208C00260E902684608C68
:10A6500040F00401618428A808F05AFE28AA29467F
:10A6600020460FF0B3F918A808F0DEF818AA29461A
:10A6700020460FF008F90E982084608C002720F007
:10A680000400608420460EF059F9E28A5F99114473
:10A69000091A5B980844401EADF8160020460EF0DB
:10A6A00046F95C90002120460EF0D3FC012800D032
:10A6B00000205A90594637A80DF02EFD4FF4A020E7
:10A6C0004490E04838900020399049A83B9020A859
:10A6D0003C9000E093E0002089E0E16ABDF81600BC
:10A6E00031F919105791401C00B2491E0144ADF8D0
:10A6F0001610BDF95E10ADF8120088427CDC5A9845
:10A7000050B1218B5D98091A5C98091A5B98081A58
:10A71000401EADF8100009E0A18A5E9801445C98E3
:10A72000091A5B980844401EADF81400002558E053
:10A73000A06A4FF0000A50F8270008B190F800A076
:10A740005A9860B1BDF81000401EADF81400216B9E
:10A7500031F81510401A401CADF810000BE0BDF8A0
:10A760001400401CADF81000216B31F8151008449E
:10A77000401EADF81400002621E0A16AB81951F876
:10A78000200008B390F800A05FEACA701CD05A9865
:10A79000216B002805EB06024FF0020000EB42009F
:10A7A000085A05D0BDF81010081AADF8100004E0E2
:10A7B000BDF814100844ADF81400761CB6B2A08C95
:10A7C0007119401E8142D8DBBDF91600BDF95A103F
:10A7D000884217DAB819401C87B2A81980B2401C09
:10A7E00085B2A08CA842A3D809F1010080B2E18C07
:10A7F000814649453FF671AF0898CBF8080065B02F
:10A80000BDE8F08FBDF91020ADF83C20BDF9121065
:10A81000ADF83E10BDF91480ADF84080ADF84200AF
:10A8200086469DF8C300C0F3440043070DD5B4F934
:10A8300014C05E9B63449A4207DDBDF9C03003EB50
:10A84000D373A2EB6302ADF83C2082070DD5B4F9B7
:10A8500016305F9A1A44914207DDBDF9C02002EB21
:10A86000D272A1EB6201ADF83E10010711D5B4F927
:10A8700018205D99511A491E88450ADABDF9C010A1
:10A8800001F0010201EBD17102EB61014144ADF82D
:10A890004010C00712D0B4F91A206198101A401E57
:10A8A00086450BDABDF9C00000F0010100EBD07065
:10A8B00001EB600101EB0E00ADF84200E28E0021D9
:10A8C0004A4569D1A08EA84266D1208C420602D4A6
:10A8D000820600D52021820701D541F002014207FE
:10A8E00001D541F00401000701D541F00801E9B3A9
:10A8F0002184608C40F00401618449A808F008FDBF
:10A9000020A807F091FF4FF4A02849AA414620460D
:10A910000FF05CF820AA414620460EF0B4FF0E98D6
:10A920002084608C20F0040161840FA83A90A18CEF
:10A9300037AA09FB015045901A2120460AF034F845
:10A940000FAA49A9584608F0CFFCA06A50F8270082
:10A95000F0B3BDF810100D98084403B2BDF8141000
:10A960000A98ADF84430081A02B200E014E0BDF8CD
:10A9700012101598ADF848200844ADF84600BDF80F
:10A9800016101498081AADF84A00CAF340005FEA9E
:10A9900000080CD002210BE0382228A949A80CF0AD
:10A9A0008FFB202218A920A80CF08AFBBDE700210C
:10A9B000D01A401CBDF9922000B20092CDE90101ED
:10A9C000A06ABDF9943050F8271060A8491C00E037
:10A9D00031E0189A12F062FEB8F1000F14D15798C6
:10A9E000BDF98221BDF8121000EBD07301EB6300BA
:10A9F00002EBD272A0EB6200ADF84600581000EBFB
:10AA000062000844ADF84A0004AA16A962A8F9F742
:10AA1000BFFA80B162A90020CBF808100090A06AAC
:10AA200011AA20A950F8273058465B1C07F060FC9B
:10AA300016A9CBF8081037AA1B21204609F0B4FF4D
:10AA4000C8E60000489902082DE9F04F8B460746FA
:10AA500090881188A9B0401A401C00B200EBD07059
:10AA600046108819ADF8780050883044ADF87A0067
:10AA700020A807F011FF4FF4A02420AA2146384651
:10AA80000EF050FF18A807F019FC18AA2146384606
:10AA90000EF0B0FE002138460EF07DFB824659468E
:10AAA00002A80DF039FB604803901EA80B9007F137
:10AAB00030002490FAF7D6FAAFE025681394207995
:10AAC000012801D0A0B3A4E0B5F92030E88B1844E8
:10AAD0000090D5E90512E0680CF0EAF9A98B628ACA
:10AAE00000B211448D19804612F014FD10FB05F1DF
:10AAF00047F6FF7991FBF9F0BDF87A100844ADF8FC
:10AB00009A00404612F002FD10FB05F191FBF9F0AE
:10AB1000BDF878100844ADF89800A08AADF8800020
:10AB2000208AADF882006079FD2802D9504603E002
:10AB300016E010FB0AF0000A8DF888000120109042
:10AB400020A8089026A80C9002AA1A21384609F0DD
:10AB50002BFF26AB1EAA20A9584607F090FE53E013
:10AB60002069E0B3B5F92030E88B18440090D5E9AE
:10AB70000512E0680CF09CF9054625A920690AF049
:10AB8000FFFFBDF87800A18A411AADF85810BDF852
:10AB90007A00E28A801AADF85A00259AC2F38A2315
:10ABA0005B1E1944ADF85C104FF0FF3101EB5251C0
:10ABB0000844ADF85E006079FD2801D9504602E0F6
:10ABC00010FB0AF0000A8DF86B00A08AADF8640053
:10ABD000E08AADF8660005EB8500400000E018E073
:10ABE000B0F5616F01DDA0F56160ADF8600018A8F7
:10ABF000099002AA1A21384609F0D6FE16AA18A909
:10AC00005846236907F032FB02AA1B21384609F097
:10AC1000CBFE21462498FAF722FA04007FF44DAFC8
:10AC200029B0BDE8F08F00006499020830B50546F0
:10AC300091F82A0089B00C4602285FD9E08C0028E0
:10AC40005CD0114604A805F0A6FD208DBDF81010BB
:10AC5000401E091AADF81010BDF81210091AADF80F
:10AC60001210BDF814100144ADF81410BDF8161000
:10AC70000844ADF8160004A906A805F08CFDBDF83F
:10AC80001810E08CBDF81220091AADF81810BDF8A4
:10AC90001C100844ADF81C00BDF81A00E18C401AE5
:10ACA000ADF81A00BDF81E00E18C0844ADF81E0096
:10ACB000BDF81400BDF81010401ABDF81610401C65
:10ACC000891A491C00B209B2B4F90020884200DA9E
:10ACD0000146B2EB610F00DD4A10E08CA178104410
:10ACE00003B294F82A00CDE90201A08CADF804006B
:10ACF000009204AA06A92846FDF75EF809B030BD07
:10AD0000F8B5044609F04BFE0646204609F045FE1C
:10AD10000446406BB0F5A02F51D1A06B0025072849
:10AD200005D22069C570206980F8225012E081B2F6
:10AD30002022304606F055FA60B12069C5702069BE
:10AD400080F82250122010F06BF900906069BDF875
:10AD500000108181208F4FF4004281B2304606F00E
:10AD600040FA98B121696620C870304612F0A0F907
:10AD700000902069BDF800108180304606F02FFA5F
:10AD8000A16B884202D12169B220C870208F4FF494
:10AD9000804281B2304606F024FA00280FD02169A3
:10ADA000FF2081F82200304612F082F900902069DD
:10ADB000BDF80010C1832169088C401C0884F8BDCF
:10ADC0002DE9F0418CB0054609F0E9FD044628461E
:10ADD00009F0ADFD8046606A0BF0FCFB00780028AE
:10ADE0003BD1A06A002838D00078002835D001A8CF
:10ADF00007F01AFD01AA4FF4002120460EF043FD92
:10AE000094F85C00000705D59DF8210040F0020091
:10AE10008DF82100002120460EF06CFA0746002133
:10AE200020460EF008FB0646002120460EF05AF997
:10AE3000054604F1140109A805F0A4FC701902B23A
:10AE4000781901B209A805F0FAFC0020009009AABF
:10AE500001A94046A36A07F04BFA0CB0BDE8F081A7
:10AE60007CB50446806961896D468668A08961B1B8
:10AE7000002865D0814203D12289E3889A427CD39D
:10AE800002297BD003297AD0AFE010BBE08821896A
:10AE900088421ED2B4F9060012F03CFBB4F904104B
:10AEA000B4F90E20891A48432168498801EBE03043
:10AEB000ADF80200E0885A3000B212F02BFBA188F6
:10AEC00010FB01F02168098801EBE030ADF80400C7
:10AED00040E020680088ADF800002068A188408824
:10AEE0000844ADF80600B4F9060012F013FBB4F9FB
:10AEF0000410B4F90E20891A48432168498801EBEF
:10AF0000E030ADF80200E0885A3000B212F002FBE7
:10AF1000A18810FB01F021683246098801EBE0307E
:10AF2000ADF8040069460846F9F732F830B1A06977
:10AF30006A4685602169A06908F0D6F9A08970BBCE
:10AF40002068A18800880844ADF804002068408883
:10AF5000ADF80200B4F9080012F0DCFAA18810FB89
:10AF600001F02168498801EBE030ADF80600208946
:10AF70005A3000B212F0CEFA02E015E012E00FE013
:10AF8000B4F90410B4F90E20891A484321683246F6
:10AF9000098801EBE030ADF8000069461AE024E0D2
:10AFA000022801D0012820D1206832460088ADF85F
:10AFB000000020684088ADF802002068A188008861
:10AFC0000844ADF804002068A18840880844ADF822
:10AFD000060029460846F8F7DBFF30B1A0696A464B
:10AFE00085602169A06908F07FF9A06986607CBD51
:10AFF0007CB50446806961896D468668A08901290F
:10B000000CD0012867D0814203D12289E3889A427B
:10B010007ED300297DD003297CD0B5E0012822D140
:10B02000E088218988421ED2B4F9060012F072FA33
:10B03000A18810FB01F02168498801EBE030ADF8F0
:10B040000600E0885A3000B212F064FAB4F9041035
:10B05000B4F90E20891A48432168098801EBE030D1
:10B06000ADF8040042E02068A1880088401AADF8DD
:10B07000000020684088ADF80200B4F9060012F024
:10B0800049FAA18810FB01F02168498801EBE03002
:10B09000ADF80600E0885A3000B212F03BFAB4F97D
:10B0A0000410B4F90E20891A4843216832460988F1
:10B0B00001EBE030ADF8040069460846F8F768FF98
:10B0C00030B1A0696A4685602169A06908F00CF971
:10B0D000A089012858D120680088401EADF80400DE
:10B0E0002068A18840880844ADF80600B4F908003B
:10B0F00012F010FAB4F90410B4F90E20891A48437A
:10B100002168498801EBE030ADF80200208902E0B7
:10B1100018E010E014E05A3000B212F0FBF9A188F8
:10B1200010FB01F021683246098801EBE030ADF8F0
:10B13000000069461DE0022804D0032802D023E065
:10B14000022821D12068A18832460088401AADF833
:10B15000000020684088ADF8020020680088401E8A
:10B16000ADF804002068A18840880844ADF80600C6
:10B1700029460846F8F70CFF30B1A0696A46856099
:10B180002169A06908F0B0F8A06986607CBD7CB533
:10B190000446806961896D468668A08902290CD0C1
:10B1A00002287ED0814203D12289E3889A4279D352
:10B1B000002978D0012977D0D4E002283FD1E08857
:10B1C000218988423BD25A3000B212F0A3F9A188FB
:10B1D00010FB01F02168098801EBE030ADF80000B8
:10B1E000B4F9060012F096F9B4F90410B4F90E207F
:10B1F000891A48432168498801EBE030ADF8060020
:10B20000B4F9080012F086F9A18810FB01F021685A
:10B21000498801EBE030ADF8020020895A3000B2D5
:10B2200012F078F9B4F90410B4F90E20891A4843E1
:10B230002168098801EBE030ADF8040066E0206881
:10B240000088401EADF804002068A1884088401A9C
:10B25000ADF80200E0885A3000B212F05BF9A18824
:10B2600010FB01F02168098801EBE030ADF8000027
:10B27000B4F9060012F04EF9B4F90410B4F90E2036
:10B28000891A484321683246498801EBE030ADF81D
:10B29000060069460846F8F77BFE58B1A06985604C
:10B2A00003E00AE03BE034E036E06A462169A06949
:10B2B00008F01AF8A089022854D12068A1880088D3
:10B2C000401AADF8000020684088401EADF8060026
:10B2D00020895A3000B212F01DF9B4F90410B4F903
:10B2E0000E20891A48432168098801EBE030ADF847
:10B2F0000400B4F9080012F00DF9A18810FB01F068
:10B300002168498801EBE030ADF802003246694619
:10B310001DE0032803D025E0032800D010BB2068DF
:10B32000A18832460088401AADF800002068A18844
:10B330004088401AADF80200206829460088401E67
:10B34000ADF8040020684088401EADF806000846AD
:10B35000F8F71EFE30B1A0696A4685602169A069D0
:10B3600007F0C2FFA06986607CBD7CB50446806999
:10B3700061896D468668A08903290ED0032867D0AD
:10B38000814203D12289E3889A427ED302297DD06B
:10B3900001297CD002297BD0B1E003281FD1E088AD
:10B3A000218988421BD25A3000B212F0B3F8B4F9A6
:10B3B0000410B4F90E20891A48432168098801EB6A
:10B3C000E030ADF80000B4F9060012F0A3F8A1884F
:10B3D00010FB01F02168498801EBE03040E0206873
:10B3E000A18800880844ADF8040020684088401E09
:10B3F000ADF80600E0885A3000B212F08BF8B4F9CC
:10B400000410B4F90E20891A48432168098801EB19
:10B41000E030ADF80000B4F9060012F07BF8A18826
:10B4200010FB01F021683246498801EBE030ADF8AD
:10B43000020069460846F8F7ABFD30B1A0696A46DC
:10B4400085602169A06907F04FFFA089032856D1C4
:10B4500020680088ADF800002068A1884088401A64
:10B46000ADF8020020895A3000B212F053F8A188DA
:10B4700010FB01F02168098801EBE030ADF8040011
:10B48000B4F9080012F046F803E016E010E013E00B
:10B490000FE0B4F90410B4F90E20891A484321686A
:10B4A0003246498801EBE030ADF8060069461BE002
:10B4B00018B1012801D022E008BB2068324600887C
:10B4C000ADF800002068A1884088401AADF802005D
:10B4D0002068A18800880844ADF804002068294647
:10B4E0004088401EADF806000846F8F751FD30B11F
:10B4F000A0696A4685602169A06907F0F5FEA06928
:10B5000086607CBD70B5A4B00C46054620AA22A971
:10B510000DF01CFA22A805F059F920B920A805F071
:10B5200055F900283ED012A9284614F0B9F901288F
:10B5300038D1214668460CF0EFFD1B4801900220EF
:10B54000029012A804904FF480300D9022A805F0CC
:10B550003DF980B122A803906A461A21284609F0D5
:10B5600023FA22AA12A9204607F0BEFE6A461B2132
:10B57000284609F019FA20A805F028F9002811D06A
:10B5800020AE6A461A212846039609F00DFA20AA31
:10B5900012A92046039607F0A7FE6A461B212846FB
:10B5A00009F002FA24B070BDF05F02082DE9F74FF0
:10B5B000B1F92E00AAB014460E46002872D096F8B3
:10B5C000361002296ED9012808D1B6F934000028B6
:10B5D00004DC308E10B9708E0028EFD02088318EB8
:10B5E0004218B08E151AADF82850A28811440B18D5
:10B5F000ADF82C306088718E0844B18E421AADF8D7
:10B600002A20E088718E0844B18E0144ADF82E10D6
:10B61000B6F92E0000EBD070A5EB60056D1EADF8FD
:10B620004C50012505EB60001844ADF85000B6F908
:10B630002E0000EBD070A2EB6000401EADF84E0073
:10B64000B6F92E0000EBD07005EB60000844ADF8B1
:10B65000520096F836002990FD2801D9FF20299044
:10B660002A9813A9826827A8F8F792FC0028A5D089
:10B6700021461DA805F08FF84FF0FF38414642469D
:10B680001DA805F0CFF8B6F900901DA805F0C4F884
:10B6900004461DA805F094F884421DA803DA05F0BD
:10B6A000BBF802E0FEE305F08BF8B9EB600F01DDBB
:10B6B0004FEA6009B6F900400AA805F0ADF8054662
:10B6C0000AA805F07DF885420AA802DA05F0A4F878
:10B6D00001E005F075F8B4EB600F00DD4410B6F939
:10B6E0002E00051905FB05F040000BF01FFC109023
:10B6F0000146B6F92E2023460AA814F0F7F913A83C
:10B7000007F0CAFA012720B9F078FF2801D3B078F2
:10B7100060B1002701234A461DA920A807F028FD93
:10B72000002120A807F0D8F8269001E0CDF89880F5
:10B7300013A805F071F80BF0F9FB83461C2115A83E
:10B740000BF09CFDCDF854D0CDF860B0CDF868D0AA
:10B75000B08DADF85C0096F836008DF86C00B078CE
:10B760008DF86D00BDF85000BDF84C20ADF8040018
:10B77000811A491C09B201EBD17102EB61010FFA88
:10B7800081FABDF85220BDF84E10401B521A521CCF
:10B7900012B202EBD27201EB6202401C14B200B290
:10B7A0006A1EADF80000ADF80210114409B209920A
:10B7B000ADF806105246504500DC1046ADF80000CA
:10B7C000A14200DB21462A98ADF80610694682683E
:10B7D00006A8F8F7DDFBD0B34A461DA906A8F8F77E
:10B7E000FFFBA0BBBDF81C00BDF91810BDF91A2065
:10B7F000401A401C00B20890BDF94E301098D21A81
:10B8000002FB0500BDF95020521B891A0844401E56
:10B81000059047B14A461DA906A8F8F751FC10B19A
:10B8200001200F9000E00F970898002827DDBDF851
:10B830001800ADF80000BDF81C00ADF804000220AF
:10B84000CDF860B08DF86400BDF91A8013E016E001
:10B85000ADF802800F98ADF8068070B30598189087
:10B8600015A92A9807F040FF05982844059008F18B
:10B8700001000FFA80F8BDF91E104145E8DABDF865
:10B880005000ADF80400401B401C00B2ADF80000B1
:10B89000BDF85220ADF80620511B491C09B2ADF885
:10B8A00002105246504500DC1046ADF80000601C06
:10B8B0001190814216DD084615E0FFE72A465846FA
:10B8C00005990BF0FDFBBDF9181042465846089B40
:10B8D00007F0A4F98DF864000128C1D102208DF889
:10B8E0006400BDE7601CADF802002A9869468268D2
:10B8F00006A8F8F74DFBD0B34A461DA906A8F8F7ED
:10B900006FFBA0BBBDF81C00BDF91810BDF90620E7
:10B91000401A401C00B20890BDF91E301098D21A8F
:10B9200002FB0500BDF95020521B891A0844401E35
:10B93000059047B14A461DA906A8F8F7C1FB10B10A
:10B9400001200F9000E00F970898002827DDBDF830
:10B950001800ADF80000BDF81C00ADF8040002208E
:10B96000CDF860B08DF86400BDF91E8013E016E0DC
:10B97000ADF802800F98ADF80680B0B30598189026
:10B9800015A92A9807F0B0FE059828440590A8F15B
:10B9900001000FFA80F8BDF91A104145E8DDBDF845
:10B9A0004C0009992844ADF80000BDF85000401B38
:10B9B000ADF80400BDF84E00ADF80200084400B236
:10B9C000ADF80600A04200DB2046ADF806002A983C
:10B9D0006946826806A8F8F7DBFAB0B34A461DA9A3
:10B9E00006A8F8F7FDFAA8B17CE0FFE72A4658461A
:10B9F00005990BF065FBBDF9181042465846089BA7
:10BA000007F00CF98DF864000128B9D102208DF8F7
:10BA10006400B5E7BDF81C00BDF81810BDF90220A0
:10BA2000401A401C00B20890BDF91A101098891AEB
:10BA300001FB050005904FB14A461DA906A8F8F77D
:10BA40003FFB18B101200F9001E04BE00F970898E1
:10BA5000002847DD0F9860B100201890BDF818004D
:10BA6000ADF80000BDF81C00ADF80400BDF91A00E7
:10BA700033E0CDF860B0F1E7ADF802800F98ADF893
:10BA8000068060B12998FF280598007804D096F8C0
:10BA9000361010FB01F0000A8DF86C0013E00598D9
:10BAA000089A017858460BF0B7FBBDF918104246CA
:10BAB0005846089B07F0B2F88DF86400012802D1BF
:10BAC00002208DF8640015A92A9807F00DFE05984C
:10BAD0002844059008F1010000B2BDF91E1080460F
:10BAE0004145C9DA96F836008DF86C00BDF84C0077
:10BAF0002844ADF80000BDF85000BDF85210401BBE
:10BB0000ADF80400481B401CADF8061000B21199B6
:10BB1000ADF80200884200DC601CADF802002A98F3
:10BB20006946826806A8F8F733FA78B34A461DA931
:10BB300006A8F8F755FA48BBBDF81C00BDF8181068
:10BB4000BDF91E20401A401C00B20890BDF9061035
:10BB50001098891A01FB050005900898002851DD0E
:10BB60003FB14A461DA906A8F8F7AAFA0020189086
:10BB700001E0CDF860B0BDF81800ADF80000BDF8E8
:10BB80001C00ADF80400BDF91E0036E03AE000BF2D
:10BB9000ADF80280ADF806808FB14A461DA906A80F
:10BBA000F8F78EFA2998FF280598007804D096F8BF
:10BBB000361010FB01F0000A8DF86C0013E00598B8
:10BBC000089A017858460BF027FBBDF91810424639
:10BBD0005846089B07F022F88DF86400012802D12E
:10BBE00002208DF8640015A92A9807F07DFD0598BC
:10BBF00028440590A8F1010000B2BDF91A10804652
:10BC00004145C5DD96F836008DF86C00BDF8500052
:10BC1000ADF80400411BBDF84E00491C0AB228448F
:10BC2000ADF8002000B2ADF80200BDF85210119B33
:10BC3000491B09B2ADF80610984200DB601CADF854
:10BC40000200A14200DC2146ADF8061050465245E4
:10BC500000DC02462A98ADF800206946826806A8F2
:10BC6000F8F796F9B8B34A464E461DA906A8F8F764
:10BC7000B7F980BBBDF81C00BDF91810099A401A2D
:10BC8000401C00B20890109802FB0500BDF950203E
:10BC9000521B891A0844401E0590EFB132461DA977
:10BCA00006A8F8F70DFA10B14FF0010800E0B84609
:10BCB000059818900898002836DDBDF81800ADF8F2
:10BCC0000000BDF81C00ADF8040002208DF86400EF
:10BCD000BDF91A6024E027E0B8465846E9E700BFFE
:10BCE000ADF80260ADF80660B8F1000F12D1584609
:10BCF000089A05990BF0E4F9BDF918103246584638
:10BD0000089B06F08BFF8DF86400012802D1022009
:10BD10008DF8640015A92A9807F0E6FC761C36B267
:10BD2000BDF91E00B042DBDA0022109817E000BF18
:10BD300000EB050EAEF10101002305EBD57608E01E
:10BD400090F800C091F8008000F8018B01F801C95B
:10BD50005B1CB3EB660FF3DB521C704612B2AA42B7
:10BD6000E6DBBDF84C000999ADF80000084401B2CB
:10BD7000BDF84E00119B284400B2ADF80200BDF89A
:10BD80005220ADF80410521B12B2ADF806209842B2
:10BD900000DB601CADF80200A24200DC2246AAF1E2
:10BDA0000100ADF806200C90814200DB01462A9884
:10BDB000ADF804106946826806A8F8F7E9F8A8B358
:10BDC0004A464E461DA906A8F8F70AF970BBBDF809
:10BDD0001C00BDF91810099A401A401C00B20890C6
:10BDE000109802FB0500BDF90020891A084405904F
:10BDF000EFB132461DA906A8F8F762F910B14FF06D
:10BE0000010800E0B846059818900898002835DD2C
:10BE1000BDF81800ADF80000BDF81C00ADF8040036
:10BE200002208DF86400BDF91A6023E026E0B846D0
:10BE30005846E9E7ADF80260ADF80660B8F1000FCA
:10BE400012D15846089A05990BF03AF9BDF9181025
:10BE500032465846089B06F0E1FE8DF86400012842
:10BE600002D102208DF8640015A92A9807F03CFC45
:10BE7000761C36B2BDF91E00B042DBDABDF84C00CC
:10BE80000999ADF800000844BDF84E10099AADF8C4
:10BE90000210114400B2ADF8040009B2ADF806106A
:10BEA0000C9A00E05AE1904201DBAAF10100ADF8E2
:10BEB0000400A14200DB21462A98ADF8061069462D
:10BEC000826806A8F8F764F8C0B34A461DA906A818
:10BED000F8F786F890BBBDF81C00BDF91810BDF945
:10BEE0001A20401A401C00B20890BDF90230109888
:10BEF000D21A02FB0500BDF90020891A01EB0008E7
:10BF000047B14A461DA906A8F8F7DAF810B1012092
:10BF10000F9000E00F970898CDF860B0002822DD60
:10BF2000BDF81800ADF80000BDF81C00ADF8040025
:10BF300002208DF86400BDF91A6010E013E000BF24
:10BF4000ADF802600F98ADF80660C8B3CDF8608018
:10BF500015A92A9807F0C8FB761CA84436B2BDF98B
:10BF60001E00B042ECDABDF84C00ADF800000999B3
:10BF7000BDF85220084401B2501BADF80410401C1B
:10BF8000ADF8062000B2119AADF80200904200DC34
:10BF9000601CADF802000C98814201DBAAF101019E
:10BFA0002A98ADF804106946826806A8F7F7F0FFF2
:10BFB000C8B34A461DA906A8F8F712F8A8B15AE076
:10BFC000FFE72A46414658460BF07AF8BDF91810AB
:10BFD00032465846089B06F021FE8DF86400012881
:10BFE000B6D102208DF86400B2E7BDF81C00BDF99F
:10BFF0001810BDF90620401A401C0FFA80FABDF94E
:10C000001E301098D21A02FB0500BDF90020891AD3
:10C010000E184FB14A461DA906A8F8F751F818B1F5
:10C020004FF0010801E026E0B846CDF860B0BAF163
:10C03000000F20DDBDF81800ADF80000BDF81C00B1
:10C04000ADF8040002208DF86400BDF91E400EE03A
:10C05000ADF80240ADF80640B8F1000F2FD01896A9
:10C0600015A92A9807F040FB641E2E4424B2BDF99E
:10C070001A00A042ECDDBDF84C0069462844ADF83A
:10C080000000BDF85000401BADF80400BDF84E00A4
:10C09000CDF860B02844ADF80200BDF85200401B56
:10C0A000ADF806002A98826806A8F7F771FFE8B392
:10C0B0004A461DA906A8F7F793FFA0B141E02A461A
:10C0C000314658460AF0FCFFBDF918105346224687
:10C0D000584606F0A3FD8DF864000128C0D1022067
:10C0E0008DF86400BCE7BDF91C10BDF918000A1AF0
:10C0F000521C15B2002D24DDADF80410ADF800007F
:10C10000BDF91A4019E000BFADF80240ADF8064095
:10C11000294658460BF0E0F8BDF918102B46224688
:10C12000584606F07BFD8DF8640000E009E015A993
:10C130002A9807F0D9FA641C24B2BDF91E00A04267
:10C14000E2DA2FB920A806F08BFD269807F0BCF89C
:10C1500010980AF037FF58460AF034FF2DB0BDE8BA
:10C16000F08F00002DE9F74FD8B05898499090888B
:10C17000B2F90030D4885188C01A401C611A00B24C
:10C18000491C09B200EBD070401001EBD171B0EB4B
:10C19000610F00DB481028901844ADF80C0051885E
:10C1A00028980844ADF80E0025A806F075FB4FF45A
:10C1B000C02425AA214658980DF0B4FB9DF89D0097
:10C1C00040F010008DF89D000BA806F02DFB0BAA87
:10C1D000214658980DF057FB13A859990BF09CFF76
:10C1E000E94814900320159025A8199049982094A7
:10C1F00024300590F8F736FFBFE12494A08B2899EE
:10C20000BDF80C20084406B2A189A088711A301A22
:10C210000FFA81FB111AADF82811BDF80E10024477
:10C220000B1AADF82C210844ADF82A31ADF82E01D7
:10C2300047F6FF7501232A464AA943A806F098FF4E
:10C24000BDF80C200123A2EB0B00ADF83001BDF8C6
:10C250000E00A0EB0B01ADF83211ABF101010A4465
:10C26000ADF834210844ADF836012A464CA932A86D
:10C2700006F07EFFBDF80C100023881BADF83801D6
:10C28000BDF80E20901BADF83A01701E0144ADF8C8
:10C290003C111044ADF83E012A464EA92AA806F0EA
:10C2A00067FF00212AA806F017FB4190608908B1BA
:10C2B000401E01E04FF6FF708046002749E100BFB5
:10C2C000608908F101084FF0000A404502D1D046CC
:10C2D0004FF0010AA0690090628800213846521E82
:10C2E00063690AF0E5FD81462390BAF1000F04D09E
:10C2F000A06839903090E08903E020683990309050
:10C30000E08800B252900290499830300890F8F7D7
:10C31000A9FE43E0287902283CD1A968494539DCC7
:10C32000EA684A4536DB2B8A0298184400B202902C
:10C33000688AAB8A984203D1688AADF8E40029E0A4
:10C34000A87D4FF00003C0074FF0FF000090484663
:10C3500001D1D4E905120AF0ABFDC0B2698A001D13
:10C36000B5F814C0C308ADF8241088B240EA004103
:10C37000864A1FFA8CF040EA004011401040401AF3
:10C38000584301EB5010104040EA1040ADF8000057
:10C3900080B2399029460898F8F761FE0500B9D1B6
:10C3A000E08B784301026088401E91FBF0F1081297
:10C3B0003A90401CC9B209900091218C3A980844E7
:10C3C00000B211F0A7F80546218C0998084400B284
:10C3D00011F0A0F80099C1F58072079212FB05F2E6
:10C3E00010FB01200512218C3A98084400B211F08C
:10C3F0008DF80890218C0998084400B211F086F855
:10C40000DDE9072112FB01F2009910FB0120021265
:10C41000BDF8E400ADF894000298ADF896004092A3
:10C4200030444243BDF80C107F3201EBE231ADF8ED
:10C43000C4106843BDF80E107F3001EBE030ADF85A
:10C44000C60003A821971C900BA81890BAF1000F02
:10C450005BD0419806F038FFB4F910104098ABEB70
:10C4600001014843BDF80C207F3002EBE0304090E2
:10C470004D43BDF80E007F3500EBE53A20220BA9B5
:10C4800038A80AF01DFE38A818904B4640A210218B
:10C4900054A80FF04DFD54A81E9013AA1A215898C5
:10C4A00008F082FABDF93E00002541F6FF718DE8E3
:10C4B0002300BDF9403053A80B9A1E9911F0EEF8F5
:10C4C000BDF94C11409801EBD172A0EB6202BDF9AD
:10C4D0004E01114400EBD07CAAEB6C03ADF81C209C
:10C4E000ADF820101844ADF81E30ADF822000095CC
:10C4F00007AA1E9B1899599805F0FAFE00212AA850
:10C5000006F0EAF9419032A808E0002018901E9049
:10C5100013AA1A21589808F047FA43A8002106F0F8
:10C52000DBF9054603AB31AA25A9599806F0A7F90E
:10C53000284606F0C9FE13AA1621589808F034FAC6
:10C54000BDF8C000ADF8940052987F1CADF896007D
:10C55000FFB26088B8423FF6B3AE43A806F080FB56
:10C5600032A806F07DFB2AA806F07AFB419806F077
:10C57000ABFE21460598F8F772FD04007FF43DAE4E
:10C580005BB0BDE8F08F0000649902081FF8E00777
:10C59000256400002DE9FF5F0C469346804620216C
:10C5A000DDF838A00DF09FF8002878D0BAF1030F1D
:10C5B00040461DD00CF0ADF9814609F0D7FB0027AD
:10C5C00005463E46BAF1030F3946404613D00CF0FB
:10C5D000ECFE8246002140460CF0F9FD4946B9F1D7
:10C5E000010F5DD0022963D0B9F1030F66D13BE0A2
:10C5F0000CF088F9E0E70CF03EFE82460021404650
:10C600000CF07FFE4946B9F1010F1ED0022924D05B
:10C61000B9F1030F52D1B8F81820B8F81410521A13
:10C62000521C13B2A3EB0A02101A00EBD0720AEBF1
:10C630006200084407B2298BA88A091A491C09B26A
:10C6400001EBD17100EB610027E0B8F81410B5F9E7
:10C65000146001EB0A0007B230E0B8F81810B5F921
:10C660001860081A07B229E0B8F81A20B8F81610AE
:10C67000521A521C13B2A3EB0A02101A00EBD0722A
:10C680000AEB6200084407B2688BE98A401A401C32
:10C6900000B200EBD07001EB600006B20EE02FE0BC
:10C6A000B8F81610B5F9166001EB0A0007B205E0FC
:10C6B000B8F81A10B5F91A60081A07B2A01E039943
:10C6C00000B2002910DAB9F1000F15D0BE4221DC0A
:10C6D00012E0002C01DDA41C24B2E01704EB9070E2
:10C6E000801004B0BDE8F09FBBF1000F12DAB9F181
:10C6F000000F01D0BE420DDB002CEADA0446E8E769
:10C700000398E04202D50398404204B2BBEB040018
:10C7100000D55C462046E4E770B5044609F016FBF8
:10C7200048B1006882680AB1217A9047207E81076B
:10C7300043D4C0077CD10126002160680BF06AFF5A
:10C7400000251AE0016899B1017ACA0910D0802940
:10C7500004D0227A21F08001914209D14168E16040
:10C76000016820468847207E810726D4C0075FD114
:10C770006D1C294660680BF04DFF08B1002EE1D119
:10C78000214600200BF073FE050053D000216068A5
:10C790000BF040FF002619E0016891B1017A0A060A
:10C7A0000FD411B1227A91420BD14168E160016846
:10C7B00020468847207E810701D5012070BDC00733
:10C7C00036D1761C314660680BF024FF10B1012D84
:10C7D000E2D02FE0012D2DD16068416851B3217E58
:10C7E000490727D4217A232919D0242917D0A9034E
:10C7F0000CF079FFF0B1207A11381C280FD2DFE855
:10C8000000F019191919191919191919190E0E19F0
:10C810000E0E191919190E0E0E0E19190E1960683F
:10C82000406860602046FFF777FF0546012801D089
:10C83000002070BD284670BD2DE9FF4F8A880B8807
:10C8400089B0D21A521C17B2CA8849880446511AB4
:10C85000DDE916B8491C19980FFA81F9012813D09F
:10C86000022813D0032843D1434E00BF5FEA0800DB
:10C870000ED0002006902088ADF8140098F8000033
:10C88000FD2838D35A4639E03C4EEFE73C4EEDE701
:10C890002088ADF80000ADF808005A4600990C98C1
:10C8A000B0470590002020E0002517E0BDF8080003
:10C8B00034F8151088420BD004EB45005A46008826
:10C8C000ADF81400ADF8080005990C98B047059034
:10C8D00004EB4500BDF8141001806D1CBD42E5DB82
:10C8E0000B9804EB400408F1010080464845DBDB6F
:10C8F0000DB0BDE8F08F00FB0BF0020A05990C9813
:10C90000B0470890002033E0002528E018F8050023
:10C9100020B30699884205D1BDF8141034F81520CB
:10C92000914216D0FD2801D35A4602E000FB0BF0DD
:10C93000020A04EB45000088ADF8180006990C982F
:10C94000B047089018F80500069034F81500ADF8C7
:10C95000140004EB4500BDF8201001806D1CBD42A1
:10C96000D4DB0B98189904EB400488440AF10100C9
:10C9700082464845C8DBBBE767720008F3710008D0
:10C98000CD7200082DE9FF4F83B00F46DDE9108618
:10C990000446F8F7B7FDB8883988401A401C05B23C
:10C9A000F8887988401A401C0FFA80F976B1BDF8F2
:10C9B0001800B8F1FD0F00EB004000907DD3A5F109
:10C9C00004084FF0000BBDF818A034E1B8F1FD0FDA
:10C9D0000FD3002608E02A462046069904F0E4FE1C
:10C9E0000598761C04EB40044E45F4DB07B0BDE827
:10C9F000F08FBDF80010002060F3040189B260F3ED
:10CA00004A1189B260F3CF21ADF8001088B20090CE
:10CA1000BDF80000009001464246069804F0F2FF7F
:10CA200001900699404689B2CA0A424362F30F0652
:10CA3000C1F3451201F01F0101FB08F102FB08F2EE
:10CA400061F30F0762F31F46BA46C8F1FF010022E7
:10CA500050E0002048E000BFBDF8003034F810700E
:10CA6000BB423BD004EB4003B7B21B88ADF80030AB
:10CA7000ADF808309BB24FEAD32C0CFB017780371E
:10CA800007EBC71C0CEBC737BDF80480C7F3C457CE
:10CA900067F3CF28C3F3451C370C0CFB01778037B5
:10CAA00007EBC71C0CEBC737C7F3C55767F34A182A
:10CAB0001FFA8AF703F01F0300E0C3E003FB0173D2
:10CAC000803303EBC31707EBC333C3F3C45363F3E0
:10CAD0000408ADF804801FFA88F3019304EB4003C7
:10CAE000BDF804701F80401CA842B5DB0598521C9D
:10CAF00004EB40044A45ACDB78E7002710E03278CD
:10CB0000FF2A12D02088ADF804000199069804F09D
:10CB100079FF0190BDF804002080A41C761C7F1CC6
:10CB2000AF425DDAB007EAD15AE0A4F800A0F4E71A
:10CB30003068411C43D0E8B33278FF2A53D02088B4
:10CB4000ADF804000199069804F05CFF0190BDF86F
:10CB50000400208016F8012FA41CFF2A46D020884C
:10CB6000ADF804000199069804F04CFF0190BDF85F
:10CB70000400208016F8012FA41CFF2A39D0208839
:10CB8000ADF804000199069804F03CFF0190BDF84F
:10CB90000400208016F8012FA41CFF2A2CD0208826
:10CBA000ADF804000199069804F02CFF0190BDF83F
:10CBB000040000E011E02080A41C761C0FE0A00718
:10CBC00007D0A4F800A0022000990151A4F806A003
:10CBD00003E000982060009860600834361D3F1D17
:10CBE0004745A5DD1CE0A4F800A0B3E7A4F800A029
:10CBF000C0E7A4F800A0CDE7A4F800A0DCE73278F5
:10CC0000FF2A1CD02088ADF804000199069804F092
:10CC1000F9FE0190BDF804002080A41C761C7F1C46
:10CC2000AF42ECDB05980BF1010B401B04EB400419
:10CC30001298401B0644CB45FFF65FAFD6E6A4F83A
:10CC400000A0EAE700222188ADF8001093461046C4
:10CC500033E0002727E0307818B3904205D0FF2852
:10CC60002FD000FB08F31B0A9B46904203D134F8F7
:10CC70001700814210D0BBF1FF0F24D004EB470016
:10CC80005A460088ADF800000099069804F0BAFEF4
:10CC90000090327834F8171004EB4700BDF80030EC
:10CCA0000380761C7F1CAF42D5DB059804EB400463
:10CCB0001298401B06440AF1010082464845C8DB31
:10CCC00094E64346D0E70698E2E700002DE9FF4FDF
:10CCD00083B00C46DDF84480F8F714FCBDF818A0CA
:10CCE0008146B8F1000F0CD0A0882188401A401C62
:10CCF00007B2E0886188401A401C0FFA80FB0026CA
:10CD000041E0B4F9026017E0B4F900500FFA86F878
:10CD10000DE010980290ADF804A0CDF80080D9F88D
:10CD200000002BB2059AC7690399B8476D1CB4F986
:10CD30000400A842EDDA761CB4F90600B042E3DA4A
:10CD400007B0BDE8F08F002518E000BF18F8050017
:10CD500098B11099ADF804A04843000A0290608889
:10CD60000399304400B200902088059A284403B209
:10CD7000D9F80000D0F81CC0E0476D1CBD42E5DBCF
:10CD80001298761C80445E45DDDBD9E700680968AF
:10CD9000884201D1012070470020704740680A682E
:10CDA00020F04040904200D20860002070472DE9FA
:10CDB000F04F002787B00446BA4608F0C7FF006866
:10CDC0000025B4F9141090F81890266AA846002996
:10CDD00000DC4942B4F91600002800DC40428142E0
:10CDE00001DD0125ADE04FF00108AAE01021304639
:10CDF0000CF079FC00287ED0CDE90058AB46CDF888
:10CE0000088030460BF0B8FCC10700D18B46810783
:10CE100001D400210091410701D4002102910007B3
:10CE200001D40020019030460BF07AFD0590304689
:10CE30000BF050FC049030460BF0A6FC03903046FB
:10CE40000BF002FD0599002902DC0499002910DD90
:10CE5000029919B1B4F916204A4507DA019941B18E
:10CE6000B4F91620C9F100018A4202DC37464FF0BE
:10CE70000C0A0399002901DC002811DDBBF1000F29
:10CE800003D0B4F914204A4507DA009941B1B4F946
:10CE90001420C9F100018A4202DC37464FF0030A30
:10CEA0000599002901DC002102910499002901DC87
:10CEB000002101910399002901DC4FF0000B0028AB
:10CEC00001DC00200090BBF1000F03D0B4F9141076
:10CED000494517DA009828B1B4F91410C9F10000D7
:10CEE00081420FDD029818B1B4F91610494509DAEC
:10CEF000019800B100E010E0B4F91610C9F100008B
:10CF000081420ADC0DB1032000E00C2094F83C10B3
:10CF100060F3030184F83C1016E04FF48071304652
:10CF20000CF0E1FB35EA00000ED14FF40071304601
:10CF30000CF0D9FB38EA000006D130460BF0BEFBFE
:10CF40000646002E7FF452AF4FB194F83C100020FB
:10CF50006AF3030184F83C10A762A082E08207B064
:10CF60003846BDE8F08F00002DE9FF4F83B08B46B7
:10CF700082460BF0C7FC060012D041F6FF7844460B
:10CF8000002150460CF077F90090002150460CF03B
:10CF9000B8F9019050460BF092FA074600255FE081
:10CFA000002007B0BDE8F08FDAF8080031490068CA
:10CFB00050F8250081460CF09DFBE8BB4FF48051F2
:10CFC00048460CF090FBB8B3012E04D0022E08D0D6
:10CFD000032E44D11AE0B9F91400BAF814200099CC
:10CFE00032E0BAF818200199B9F91800511A069AD6
:10CFF00009B2104400B2584531DB059A90422EDC4C
:10D00000401A00B2002821DD014620E0B9F81820BE
:10D01000B9F81410BAF81830501A401C00B200EBDE
:10D02000D070BAF8142001EB6000991A491C0BB2B9
:10D03000009900B25B1A00E011E00199591A01EB66
:10D04000D173009901EB63011144D0E74142002CF8
:10D0500001DD224600E06242914200DA04466D1C86
:10D06000BD42A1D3444501D1002000E0604200B29E
:10D0700097E70000010004002DE9FF4F83B08B46C5
:10D0800082460BF046FC060012D041F6FF7844467B
:10D09000002150460CF089F90090002150460CF018
:10D0A00096F8019050460BF00AFA074600255FE01B
:10D0B000002007B0BDE8F08FDAF8080031490068B9
:10D0C00050F8250081460CF015FBE8BB4FF4805169
:10D0D00048460CF008FBB8B3012E04D0022E08D04D
:10D0E000032E44D11AE0B9F91600BAF816200099B7
:10D0F00032E0BAF81A200199B9F91A00511A069AC1
:10D1000009B2104400B2584531DB059A90422EDC3A
:10D11000401A00B2002821DD014620E0B9F81A20AB
:10D12000B9F81610BAF81A30501A401C00B200EBC9
:10D13000D070BAF8162001EB6000991A491C0BB2A6
:10D14000009900B25B1A00E011E00199591A01EB55
:10D15000D173009901EB63011144D0E74142002CE7
:10D1600001DD224600E06242914200DA04466D1C75
:10D17000BD42A1D3444501D1002000E0604200B28D
:10D1800097E70000010004002DE9FF4F83B00E4631
:10D19000DDE910B41746002103980CF05BFA054650
:10D1A000002103980BF0BFFF0146F07882070BD5F2
:10D1B000C30742F2D17202D0954202D006E09142FA
:10D1C00006D120F00200F070C00701D07D4800E0D9
:10D1D0007D488146F078C00712D07B484FF0000AA6
:10D1E000A4F802A0A4F804A0C4F810A0A4F800A019
:10D1F000C4F808A0C4F80CA0804639460197ADE0F9
:10D200007048EBE70198B84206D04FF40001284679
:10D210000CF069FA002873D16C4928460CF06AFAC0
:10D2200000286ED1002128460BF06CFF029070B3ED
:10D230002069401C2061A28802EB0B01A180217DA6
:10D24000C90771D000EB8000800009F06FFE0090EC
:10D25000F0B1E16851B12069401E00EB800082000E
:10D26000009809F02DFFE06809F0ACFE206900EBA2
:10D270008001009800EB81004FF0000140F8145C41
:10D28000F078C007284604D041F2020203E039E0FA
:10D29000FEE741F205020CF0D5F8216900B201EB7E
:10D2A0008102009901EB820121F8100CF0784FF017
:10D2B0000001C007284602D041F2030201E041F21A
:10D2C00006020CF0BFF8216900B201EB810200995F
:10D2D00001EB820121F80E0C2069029900EB80021B
:10D2E000009800EB820040F8081C206900EB8002E7
:10D2F000009800EB820040F804AC0098E06013E076
:10D3000032E020E02846494688470146F078800709
:10D3100005D5B4F9040042180698824224DCA2889C
:10D3200001EB0B001044A080284641468847014687
:10D33000B4F90000814202DD28464146884720803A
:10D34000A068401CA060F078400702D54FF0FF3085
:10D3500000E0012001994118019105D403980BF0D8
:10D360009CF8051E7FF44EAFB4F90400002802DDDE
:10D37000A0EB0B00A080206908B1069801E0B4F989
:10D3800004006080CDB10198B84216D1039901AA7A
:10D390008968096851F82050F078C0F3800103983B
:10D3A00000F0C2FD4DB128464146884720802846FE
:10D3B0004946884760800120A060019807B0BDE819
:10D3C000F08F00008D9601083B86010801000600E1
:10D3D0002DE9F04FB24D93B0044600212A880CF09D
:10D3E00031F89DF81710421C62F30001820862F3C5
:10D3F0004101C00860F382018DF81710204600211A
:10D400006A880CF01FF88DF8140020460021AA88C5
:10D410000CF018F88DF8150020460021EA880CF071
:10D4200011F88DF81600002120460BF019FE012896
:10D4300000D0002081469DF817004FF00001C00782
:10D4400020460CD00BF0A3FF82469DF817004FF04A
:10D450000001C007204605D00BF0FFFE04E00BF0F2
:10D46000FCFEF1E70BF093FF07909DF81700C00753
:10D47000204602D00BF08FF801E00BF072F8069016
:10D480002046002141F232020BF0DCFF0546204627
:10D49000002141F610020BF0D5FFE18A284446181E
:10D4A00020460BF04BFA301AADF820002046002140
:10D4B00041F612020BF0C6FFA18A28444518204607
:10D4C0000BF035FA281AADF840009DF817009DF8CA
:10D4D0001660C00701D008AD00E010AD0021204665
:10D4E0000CF0B8F81190002120460BF01CFE83468A
:10D4F0009DF81700C10708D0ABF51C52D13A02D1F4
:10D50000618C890509D5C10708D1119AA2F51C5172
:10D51000D13903D1618C490500D40026B9F1000F3F
:10D5200008D0C00706D116B1012E02D002E00126B4
:10D5300000E000260027ADF83C70B8468EB39DF899
:10D540001700400703D5A0684268521E15E000226C
:10D5500013E000200E9009A90798CDE9000105A964
:10D560002046069BFFF710FE0246BDF8241007EB8D
:10D570000A00084407B208F10108A0684068904218
:10D5800001DD002AE5DAB8F1000F02D0A7EB0A00AE
:10D5900007B29DF81700C007204603D00AF0E1FF4C
:10D5A00002E00BE00AF0F7FF0FA9CDE900510146B8
:10D5B0000FFA88F33A46304610F067FF9DF81700DF
:10D5C000410703D5A1684E68761E00E00026B9F138
:10D5D000000F04D0C00702D128883844288009AF42
:10D5E000A0684068B04249DD002E47DB01200E9064
:10D5F0000798CDE90007324605A92046069BFFF7AC
:10D60000C3FD8046B9F1000F08D09DF81700C00790
:10D6100004D12888BDF82410401A2880DDE90601CD
:10D62000BDF9202002AB019283E88300BDF94000E0
:10D6300000904346324605A92046F9F785FA46464A
:10D640000C9809F0BFFC00200C90B9F1000F03D03A
:10D650009DF81700C0070AD02888BDF82410BDF82F
:10D660003C20014402EB0A0008442880B8E7BDF8DA
:10D670003C20298802EB0A00081AF6E7119942F2C9
:10D68000D170814201D0834502D120460CF0D3FDF8
:10D6900000222B21204607F087F913B0BDE8F08F58
:10D6A000740200202DE9F05F0546007E92468B460D
:10D6B000C0076BD14FF00108EC680026C1467CB969
:10D6C000287EC0F3C000401E30425FD1B9F1000F88
:10D6D0005CD02846594688474FF000080446C146AA
:10D6E0000EB9261E52D0B8F1000F06D021462846AA
:10D6F000524690470446B04248D04FF00108002CF3
:10D70000DED020680BF06EFC0006D8D427683AE023
:10D71000012138460BF0E7FF80B32FB101213846D5
:10D720000BF0E1FF0028CAD1E868A0422ED070B10A
:10D73000284600F043FA0246E8680F21006807F027
:10D7400033F9012822D1E86800680CF09AFA2846DB
:10D75000EC6000F033FA0246E8680E21006807F03A
:10D7600023F9012812D1E86800680CF08AFA2969C7
:10D7700000290BD02846BDE8F05F0847FFE7384690
:10D780000AF09CFF0746002FC2D1CDE7BDE8F09F0D
:10D790002DE9F34F8FB0054669460AF016FF28467B
:10D7A0000BF074FF0B9028460AF047FF0A90002107
:10D7B00028460BF083FD0790002128460BF0C4FD9E
:10D7C0000746002128460BF013FE04460021284698
:10D7D0000BF020FD8346002128460BF0D1FD0646C4
:10D7E000002128460BF032FD06F0010106EBD6724F
:10D7F00001EB620100F0010200EBD07002EB60006F
:10D80000491C401C09B200B20D2900DB0D218A46DB
:10D810000D2800DB0D2081460D2F00DB0D27B846BB
:10D820000D2C00DB0D2426465846BBF10D0F01DA06
:10D83000074600E00D2700246BE0A86A00EBC40156
:10D8400008A802F08DFFBDF920000799884213DC7B
:10D85000BDF900200D2900DB0D21511A00EB01005C
:10D86000ADF82000BDF92200B04233DCBDF9021052
:10D870000D2E07DA324606E0BDF80020A2EB0901C2
:10D880000844EDE70D22891A00EB01000B99ADF871
:10D890002200BDF92400A1EB0801891E42468842FE
:10D8A0001EDBBDF90010B8F10D0F0144104600DB7E
:10D8B0000D2008440A99ADF82400BDF92600C91BC3
:10D8C000891E88421DDBBDF902100D2F08440DDAB8
:10D8D00039460CE0BDF80220A2EB0A010844D5E766
:10D8E000BDF80010014401EB0900E3E70D210844F5
:10D8F000ADF82600002208A81099F6F731FC58B9B7
:10D9000005E0BDF80210014401EB0A00F0E7641CD9
:10D91000A4B2288EA04290D8288EA04201D14FF602
:10D92000FF7411B02046BDE8F08F10F0070000D161
:10D9300001207047B0F90C00032101EB400020F0FA
:10D940000300103070472DE9F05F89469346824608
:10D9500000210BF0A5FC0546002150460BF0E6FC2B
:10D960008046002150460BF035FD0446002150460C
:10D970000BF042FC064650460BF088FE411BA1EB23
:10D98000080750460AF059FE001B801B874250468C
:10D9900005DA0BF07BFE411BA1EB080003E00AF067
:10D9A0004CFE001B801B00EBD07040F34F00BAF818
:10D9B000141042191144A9F80010BAF816100219EF
:10D9C0001144A9F80210BBF1000F01D0ABF8000020
:10D9D000BDE8F09F024A002112880BF033BD000021
:10D9E00084020020034A10B5002112890BF02AFDA1
:10D9F000C0B210BD84020020034A10B50021528934
:10DA00000BF020FDC0B210BD84020020032901D21A
:10DA1000012300E00023C01A03EB430301EB830161
:10DA2000891EC1EB41110C23B1FBF3F111446422B7
:10DA3000B0FBF2F2014401EB9001891A4FF4C87275
:10DA4000B0FBF2F008440721B0FBF1F201FB120039
:10DA5000C0B270472DE9FC470F0023D00569686903
:10DA600028B10168B94202D14068BDE8FC87698AE3
:10DA700000224FF0040CC1F308040CE0AE6802EB86
:10DA8000820356F823100CEB8303F35A791A8B4266
:10DA90000AD2521C92B29442F0D818B10760696958
:10DAA000002048600020E0E702EB82041222A86810
:10DAB00002EB84020026825C4FF00609022A0CD099
:10DAC0004FF00C0A6AB1DFF8A8C008234FF0100825
:10DAD000032A0FD0012A26D043E009EB8402805AA2
:10DAE00006E00AEB840209EB84038258C05A515CB9
:10DAF000461836E0ADF8041008EB8401CDF800C0FC
:10DB000003EB8408425A50F80810022301A8F7F7E3
:10DB10002DFE30B3A96851F80820801A09EB840261
:10DB20004010895A1CE0ADF8041008EB8401CDF8D0
:10DB300000C003EB8408425A50F80810022301A8E1
:10DB4000F7F714FE68B1A96809EB840351F80820BF
:10DB5000801A0AEB840240108A58C95A32F8100021
:10DB60000E18686910B107606869466030467CE746
:10DB7000611402082DE9F0410D46044600F0FDF85D
:10DB8000071E19D0F88A00212D1A38460BF0F3FC35
:10DB90000689002138460BF010FD00EBD07105EB33
:10DBA0006101304409B200B291FBF0F0A18E80B265
:10DBB000814201D8491E88B2BDE8F0812DE9F041CB
:10DBC000002607463546304610E000BF08F0FFF853
:10DBD000216DB94209D1022802D0042803D003E004
:10DBE0002046BDE8F08126462546204608F0B4F8D8
:10DBF0000400EBD10EB13046F3E70DB12846F0E753
:10DC0000BDE8F041002008F0A7B800007CB503692A
:10DC1000006900255B8AC4689E04A3682BD4980F12
:10DC200017D00120B0EB937F31D101EB0240266881
:10DC3000019018480090A068042320F0404231462B
:10DC400001A8F7F793FD10B3801B801061680D5693
:10DC50001DE001EB02202668ADF804000E4823F019
:10DC6000404200900223314601A8F7F77FFD70B1D2
:10DC7000801B4010EAE76068405C995C38B131B1C4
:10DC8000637B2268401E10FB0320491E4556284630
:10DC90007CBD0000DFF70008F3F700082DE9FC5F0A
:10DCA00088461F461446824605464FF400310BF065
:10DCB000B4F900EBD0704610A01B0FFA80F9A88EC3
:10DCC000AC8C10F0060F06D0C0F34100022804D03F
:10DCD000012845D004E0288D00E0E88C204484B27F
:10DCE00004F15A0000B20FF015FC10FB09F0C51347
:10DCF00020B20FF00FFC10FB09F0C4134FF44039B1
:10DD0000494650460BF0CCFA8346494650460BF044
:10DD10000DFB0190494650460BF05CFB00904946D4
:10DD200050460BF069FAB8F8001030444A19A2EBDB
:10DD30000B01891B3980B8F800104A190199314448
:10DD40001144B980B8F802100A190099511A891BB8
:10DD50007980B8F8021021440844F880BDE8FC9F9F
:10DD6000B5F93000B5F93210084400EBD070B5F9C0
:10DD70002E1040108142B0DBADE7406A002802D08F
:10DD800000210AF08ABB704700210AF086BB000020
:10DD90002DE9F04105460F46698C00200426C1F3A9
:10DDA000C503EA680FE000BF06EBC00414595FEA40
:10DDB000C41C07D524F07F44BC4203D152F8300084
:10DDC000BDE8F081401C8342EED84FF0806000EB4C
:10DDD00071204FEAF0506884C0F3C500C1001046BE
:10DDE00009F046F9E860C0B3688CC0F3C504641E4E
:10DDF00016D06FF003025300E86802EBC4014158EB
:10DE00005FEAC11C0CD489010AD403EBC40C00EBFB
:10DE1000C4018444641EDCE9000CC1E9000CEBD1B0
:10DE2000E868082100EBC40009F028FA082009F08E
:10DE300051F8E96841F834000EF0F9F8EA6806EBA9
:10DE4000C400115841F080711150EA6867F317015E
:10DE50001150E86850F83400B2E7FFE7FEE7000031
:10DE60002DE9FC410068C068C068B0FBF1F4944241
:10DE700000DD1446154F78680068806920B30020E3
:10DE8000ADF80000ADF80400ADF8020025B2681E40
:10DE900006B2ADF806607868694600688269904706
:10DEA000BDF80600BDF80210401A401C00B2A042A6
:10DEB00002DD351EEBDC01E0002D02DC0020BDE8B8
:10DEC000FC81BDF90640641C2046F8E7580100209B
:10DED000491E01D5401E0C310C2901DB401C0C39B8
:10DEE00001290DD0072091FBF0F200FB121000EB8E
:10DEF000D07121F00101401AC0F11F00C0B270477B
:10DF000081070CD16421B0FBF1F201FB120149B988
:10DF10004FF4C871B0FBF1F201FB120010B1002008
:10DF20001C30EBE70120FBE7136821B15B1E136097
:10DF30000BD4806805E05B1C1360806841688B42ED
:10DF400003DA006850F823007047002070472DE97D
:10DF5000F84315460E46044607F0F8FE07F037FF73
:10DF600001280AD0032808D04FF6FF7005B1288099
:10DF700006B130800020BDE8F88307F0E7FE69466F
:10DF800007F0FAFE4FF0000875B320460AF0CFFC08
:10DF9000BDF80010084407B2002120460BF059F8E4
:10DFA00001280CD0A08A00213F1A20460BF09BF9D3
:10DFB000381A02B24046A5F80080002110E0002186
:10DFC00020460BF0D6F9218B081AC01BF1E7236B12
:10DFD00033F81030194409B28A4205DB401C28800E
:10DFE000A38C80B29842F2D3FEB120460AF0A6FC80
:10DFF000BDF802100844E18A451A002120460BF0C2
:10E0000013FA281A02B24046A6F80080002108E060
:10E01000E36A33F81030194409B28A4205DB401C28
:10E020003080E38C80B29842F2D30120A3E72DE93F
:10E03000FF4F83B005461F460598F7F76AFA01219E
:10E040008140B5F8208001F0FF096FEA080080B236
:10E05000019095F822004FF0FF36C0F3800B0024AA
:10E060004FF0040A22E0E96801EBC4004268920123
:10E0700049D5BBF1000F18D10AEBC4028958049AA4
:10E08000C1F30741090491420FD10068817911EA77
:10E09000090F0AD06A4605990DF098FF28B100983B
:10E0A0003860012007B0BDE8F08F641C688CC0F3B5
:10E0B000C500A042D7D826E0E8680AEBC40200EB0E
:10E0C000C4018058C0F307421FFA80FB0498120471
:10E0D000824217D10868817911EA090F12D0019A9A
:10E0E0001BEA020F0ED1B3450CDD6A4605990DF00F
:10E0F0006DFF38B15846C345D1D05E4502DA0646B9
:10E1000000983860641C688CC0F3C500A042D3D866
:10E11000002EC4DA0020C5E72DE9F047814642F31E
:10E120000006C0F15A001D460F46540800B2761C86
:10E130000FF0F0F9A7EB040800FB08F0C711484600
:10E140000FF0E8F900FB08F0C011002F06DD7F3F5B
:10E1500039120A1B32442A80214405E07F373912E4
:10E160000A1B21442A80891BA980002806DD7F38EC
:10E170000012011B31446980204405E07F30001209
:10E18000011B20446980801BE880BDE8F087000007
:10E19000024A002192880BF055B900008402002049
:10E1A0002DE9FF4F0746808C85B0484384B207981D
:10E1B000A14600250289DDE91510084404901044A9
:10E1C0000FFA80FA57E0BB6A53F8241079B3D7F8F6
:10E1D00030C00026401E3CF915B013E0A21953F8D8
:10E1E000222092B11278D2070FD0AA194FF002085C
:10E1F00008EB42023CF80280761C08EB0B020FFA97
:10E2000082FBB6B272198242E8DB002001B10878C5
:10E2100080070DD507981599B0F9080001441698A4
:10E2200008445146504500DC08460FFA80FA1EE0CB
:10E23000DDE913020244ABEB020000B2129ACDE911
:10E24000002000230293DDE9072303A8491C0FF0F7
:10E2500025FABDF90E10049808445146504500DCDB
:10E2600008460FFA80FAA01984B2A81985B2641C76
:10E270006D1CA4B2ADB2B88C00EB0901A142A2D8CA
:10E2800009B05046BDE8F08F034A10B50021D2898D
:10E290000BF0D8F8C0B210BD84020020034A10B5BC
:10E2A0000021128A0BF0CEF8C0B210BD840200200B
:10E2B0002DE9FC410C46064600210BF064F90546A9
:10E2C0004FF4802130460BF05EF9B5F90870B0F9D3
:10E2D0000850002130460BF07EF9E91901EBD171AD
:10E2E00000EB610005B230460AF0A7F9F18A00EBB5
:10E2F000D07001EB600005EBD571A0EB6100608090
:10E300002844E080694630460AF05FF9BDF8000015
:10E310002080BDF80400A080BDE8FC812DE9FF410C
:10E320000646FFF731FD040021D04FF4802739461F
:10E3300030460BF028F90546304641F25A4239463C
:10E340000BF080F806B2204608F044F901460020A0
:10E3500041F6FF72CDE90002029033462A4603A837
:10E360000FF09CF9BDF90C0004B0BDE8F08100206D
:10E37000FAE700002DE9F04104460D46668C0020C6
:10E380000423C6F3C501E2680BE000BF03EBC0073E
:10E39000D7595FEA871C03D527F07F47AF4202D0E9
:10E3A000401C8142F2D8814203D002EBC000BDE89C
:10E3B000F0814FF0806000EB76204FEAF0506084EF
:10E3C000C0F3C500C100104608F052FEE060608C4A
:10E3D000C0F3C500401E0DD06FF00702E16802EBEC
:10E3E000C00601EBC0030E44401ED6E90016C3E987
:10E3F0000016F3D10821E06808F040FF082008F07B
:10E4000069FDE16808600DF012FEE168486840F0BF
:10E4100000704860E16865F317004860E068C6E78F
:10E4200038B50C480D46144690F820004FF0020114
:10E43000C0074FF0120002D00CF0C0FD01E00CF05C
:10E44000D5FD2246294603F0A9FA0090BDF8000048
:10E4500038BD0000705200202DE9F0474FF0000C4D
:10E46000DDE90964089DDDF82CA0E1466F1E09BBBB
:10E47000052A03D0062A01D0042A02D10023012D47
:10E4800001D0002109E001225FF000019C4436F830
:10E490001180491CC4440FFA8CFCA942F6D3ACEBA2
:10E4A000030109B2072A2AD2DFE802F004070B2988
:10E4B00021160D00A4F8009021E0411A01EBD17162
:10E4C00012E0411A11E0411A09B23AB291FBF2F19D
:10E4D000A4F800900BB212E0411A09B22AB291FBE3
:10E4E000F2F10BB203EBD3714910218007E0411A1E
:10E4F0000AB2691C09B292FBF1F10BB22380002130
:10E500000BE000BF34F8112036F811C0624404EB70
:10E51000410C1A44ACF80220491CB942F2D304EB76
:10E52000450106EB450231F8021C32F8022C114479
:10E530002288891A0AB2BAF1000F0CD0002108E033
:10E5400034F8113036F81170C31ADB1B24F811307F
:10E55000491CA942F4D31046BDE8F08770B58AB0D3
:10E560000446FFF737FA05462046FFF711FE002D57
:10E570005FD000285DD069462046F7F78DFF0C215B
:10E5800007A808F07BFE2046002141F232020AF083
:10E5900059FF05462046002141F612020AF052FFBB
:10E5A00046192046002141F610020AF04BFF0544AF
:10E5B00020460AF0BCF9A18A3144081AADF82400BB
:10E5C00020460AF0BBF9E18A2944081AADF8260072
:10E5D000002507E0006807AA694650F8250000F00A
:10E5E00077FF6D1CA0684168A942F3D8009808F035
:10E5F000E9FC019808F0E6FC029808F0E3FC0398B7
:10E6000008F0E0FC002120460BF02BF80546002125
:10E6100020460AF08FFD42F2D1718D4201D088422E
:10E6200002D120460BF007FE00222B21204606F0E7
:10E63000BBF90AB070BD0021A0F13002092A01D84F
:10E64000D1B216E0612801D32038C0B24138062883
:10E650000FD2DFE800F0030507090B0D0A2108E0DF
:10E660000B2106E00C2104E00D2102E00E2100E068
:10E670000F21084670472DE9F0470446406A4FF4E1
:10E68000404102F0F0FA94F92E10A08D0122FFF71C
:10E69000BDF90546206B18B300264FF002084FF075
:10E6A0000309AF1D4FF4004A17E0206BA28D30F82C
:10E6B000261091420FD108EB8601415694F92E2085
:10E6C000914208D109EB860140565246384481B246
:10E6D000606A02F092FD761CB6B2A08EB042E4D819
:10E6E000A08D218D884211D194F92E1094F92A0021
:10E6F00081420BD194F92B00AD1D284481B2606A90
:10E70000BDE8F0474FF4804202F077BDBDE8F087E6
:10E710002DE9F0410446406D0D4600282BD0A96834
:10E72000022230F9217002EB8101465EA87B0128AC
:10E730000AD1B4F90C00B84203D1B4F90E00B042CA
:10E7400002D0201D00F088FC201D00F0E9FC00280C
:10E7500011D127816681A87B012804F104000CD027
:10E7600000F07AFC201D00F0DBFC002803D120899A
:10E77000A0816089E081BDE8F08100F07DFBF1E7D8
:10E7800070B5254C0546042160680AF0ACFF0028EE
:10E7900028D0E96A6068814224D009F049FF064622
:10E7A000E86A08B109F044FF86421CD11EB16068D6
:10E7B00006F0C6FC0FE0E86A40B10F21A26806F03F
:10E7C000F3F8284600F0ACFC00280BD1D4E9010294
:10E7D0000E2106F0E9F8284600F0A2FC002801D13D
:10E7E0006068E86270BD78B1EB6A53B1A26888B125
:10E7F0001021184606F0D8F8284600F091FC0028B1
:10E80000F0D1002EE2D0D2E7E86A0028F9D00F213B
:10E81000A268EFE70F21ECE7380100202DE9F0476F
:10E820000D460446897B40794FF0000801292AD023
:10E83000010708D520F0080121F00101C4F8448047
:10E84000617184F80880277AA87B20726868E0608C
:10E85000D4F850905FEA09007ED006F0CDFCB34EAC
:10E860000028706078D0A87B08B1A5F80C804846D5
:10E8700006F0C2FC706000286ED0A97B012905D08B
:10E8800000296AD00AE1000766D4DCE717B1012F3E
:10E8900030D003E10EF02AFC606469680A2909D0CF
:10E8A00014291AD013291BD01B291DD0484606F065
:10E8B0000DFDF3E070680BF02AFA20B910217068A2
:10E8C0000AF011FF08B1012700E00027484606F0D2
:10E8D0008DFC8743D6D1012163E0A889401E01E069
:10E8E000A889401CA881D9E01B21484606F0EEFC0F
:10E8F000202156E06079C0073DD1606C0EF0F0FB3E
:10E900002168898B8842607933D940F001006071B9
:10E910000EF0ECFBA06468680A2819D170680BF04F
:10E92000F6F920B9102170680AF0DDFEB0B1484652
:10E9300006F069FC01280BD9484606F057FC80F028
:10E940000101484606F0CDFC2021706809F0B6F9B7
:10E95000607940F00100A0E087E02CE0D6E90102F8
:10E96000052106F021F8201D00F0DAFB00287CD1FB
:10E97000EEE7C0071ED0A06C0EF0B2FB2168C98B79
:10E98000884217D90EF0B2FBA06469680A2907D043
:10E990001429A2D01329A3D0484606F097FC04E01E
:10E9A0000621D6E9010205F0FFFF201D00F0B8FBAB
:10E9B00000285AD172E0012F70D169680A2967D105
:10E9C0000BF0A5F920B9102170680AF08CFE80B315
:10E9D000484606F00BFC002860794FEAC07052D020
:10E9E00020B1484606F00FFC012847D8D6E90102BD
:10E9F000082105F0D9FF201D00F092FB00286AD104
:10EA0000D6E90102042105F0CFFF201D00F088FBAC
:10EA1000002860D1D6E90102072105F0C5FF201DBD
:10EA200000F07EFB002856D10A21484606F04EFC35
:10EA30002EE0FFE7D6E90102082105F0B5FF201D11
:10EA400000F06EFB002846D16079C00704D1D6E9FA
:10EA50000102042105F0A8FF201D00F061FB002841
:10EA600039D1D6E90102072100E034E005F09CFF2E
:10EA7000201D00F055FB00282DD109E020217068F1
:10EA800009F01CF904E018B90121484606F029FCF8
:10EA9000C4F84480607920F001006071C6F80480F9
:10EAA000A889002817D0484606F0A0FB0028B5F931
:10EAB0000C001FD0002810DA4FF0000406E000BF61
:10EAC0004FF01401484606F001FC641CB5F90C0037
:10EAD0004042A042F4DCBDE8F087FCDD002404E005
:10EAE0001321484606F0F2FB641CB5F90C00A04265
:10EAF000F6DCF0E700280CDA4FF0000403E04846AB
:10EB000006F066FB641CB5F90C004042A042F6DC3E
:10EB1000E1E7E0DD002403E0484606F009FB641C61
:10EB2000B5F90C00A042F7DCD5E700003801002061
:10EB300070B50446806A002870D194F83D00C00783
:10EB40006CD14FF40046256A03E0284609F0B6FD73
:10EB50000546002D62D0314628460AF0C4FD002843
:10EB6000F3D1B4F91000002801DD014600E0414274
:10EB70002B4A926813689B7E994209DAB4F9121005
:10EB8000002900DC4942994202DA0021218761878D
:10EB9000218F084400B22087618F638A00281944BE
:10EBA00009B2618701DD034600E043421668F67E44
:10EBB000B34206DC002901DD0B4600E04B42B342C4
:10EBC0002CDD012384F83D30002801DD034600E000
:10EBD0004342002901DD0E4600E04E42B34209DD0A
:10EBE000002894F83C0020F0F00001DD20300AE01D
:10EBF000103008E094F83C00002920F0F00001DD1E
:10EC0000803000E0403084F83C000C21284605F0BC
:10EC1000CBFE2046BDE8704000F082BA70BD000017
:10EC2000380100202DE9F0410E460446897B4079E9
:10EC3000002701291DD0010704D520F009006764D1
:10EC400060712772D4F850805FEA08007ED006F029
:10EC5000D3FA5B4D0028686078D0E2687168E160A3
:10EC6000217AB37B2372B37B012B05D0002B7AD0A2
:10EC7000A3E000076AD4E5E711B1012930D09CE098
:10EC80000EF034FA606471680A2909D01B290DD08E
:10EC9000092915D00B291BD0404606F017FB8CE044
:10ECA0000A21404606F012FB012104E01B214046E8
:10ECB00006F00CFB2021D5E9010205F075FE4AE0C3
:10ECC0000021404606F00DFB404606F031FA42E0D6
:10ECD0000021404606F005FB404606F079FA3AE08E
:10ECE00071680A2908D10221AA6805F05DFE201D7D
:10ECF00000F016FA002861D16079C00714D1606C69
:10ED00000EF0EEF92168898B884260790AD940F0CB
:10ED10000100607170680A284FD10EF0E7F90521F3
:10ED2000A064C8E7C00748D0A06C0EF0D9F92168EC
:10ED3000C98B884241D90EF0D9F9A06471680A29BB
:10ED40000FD00929BCD00B29C2D001E036E00AE07F
:10ED5000404606F0BBFA201D00F0E2F900282DD154
:10ED60002BE00621A7E7012927D172600A2A1FD1CB
:10ED70000821AA6805F018FE201D00F0D1F900282E
:10ED80001CD16079C00709D1D5E90102042105F041
:10ED90000BFE201D00F0C4F900280FD1D5E90102B7
:10EDA000072105F001FE201D00F0BAF9002805D169
:10EDB0006764607920F0010060716F60BDE8F081E8
:10EDC0003801002070B5044600680D4609880069C6
:10EDD0002182698861820268117CC1F301110229D4
:10EDE00001D003290AD111882A88891A491E29804D
:10EDF00001686A884988891A491E69800168097C06
:10EE0000C1F30111012901D0032907D169882A889A
:10EE10006A8000684088401A401E28802068006987
:10EE200002F058FF2068006902F0B6FFE06C78B18C
:10EE3000B4F90C20B5F900108A4205D1B4F90E20BE
:10EE4000B5F902309A4203D0B5F902200BF0D6FE94
:10EE500028882081688860812079012804F10400D5
:10EE600006D000F0F9F82089A0816089E08170BDAA
:10EE700000F002F8F7E700002DE9F041754D044677
:10EE8000006A6860617809077DD4A968002609686E
:10EE90000F6930B1A16A39BB4FF400510AF023FC6D
:10EEA00010BB384602F047FF211D07F068F8686084
:10EEB00070B9384602F047FF211D07F060F868601E
:10EEC00030B9384602F052FF211D07F058F868604B
:10EED000606A48B1268366832046F5F71FFF204607
:10EEE00000F01EF900284ED1206A696888423CD0A3
:10EEF000A1882181E188618140B10321AA6805F0E0
:10EF000053FD204600F00CF900283CD168682062CF
:10EF1000606250B30EF0EAF820646078012120F0BE
:10EF200001006070A682E68294F83C0020F0FF00A9
:10EF300084F83C0084F83D602687668726826682D6
:10EF4000D5E9010205F030FD204600F0E9F800287F
:10EF50007DD1A8684179090779D4001DFFF710FC1D
:10EF6000204600F0DDF8002871D1A0882189401AE0
:10EF700002B22282E0886189401A01B26182B4F94A
:10EF80001800431000E062E0B4F91A0003EB6202DB
:10EF90004010228300EB61006083A069E061686833
:10EFA000002854D00221AA6805F0FEFC204600F09B
:10EFB000B7F800284BD1A8684079000747D420460D
:10EFC000F5F720FE204600F0ABF800283FD12046A0
:10EFD000FFF7AEFD204600F0A3F8002837D1A06A65
:10EFE000002834D16078C0071DD1206C0EF078F86D
:10EFF000AA681168898B88420FD90521686805F0D5
:10F00000D3FC204600F08CF8002820D1607840F036
:10F01000010060700EF06AF86064A06A002816D1E2
:10F020006078C00713D0606C0EF05AF8AA681168B7
:10F03000C98B88420BD90621686805F0B5FC2046CB
:10F0400000F06EF8002802D10EF050F86064BDE8C0
:10F05000F0810000380100202DE9F041044640789D
:10F060004FF00006010706D526626662266420F08E
:10F070000800666460701A4D206A6860A76A18B359
:10F080000821AA6805F090FC204600F049F8002805
:10F0900024D1B7B96078C00709D1D5E901020421AC
:10F0A00005F082FC204600F03BF8002816D1D5E997
:10F0B0000102072105F078FC204600F031F8002815
:10F0C0000CD1266226646664002F07D02046F5F72F
:10F0D00025FE2046BDE8F04100F022B8BDE8F081F1
:10F0E000380100204279910716D5002141628162E2
:10F0F000C162416481640183418390F8403022F011
:10F10000030223F00F0380F840308183C18381879D
:10F11000C1874271014841607047000038010020FA
:10F120004078810702D5034A00215160C0F34000B6
:10F1300070470000380100202DE9F041044690F8A6
:10F140002A00C00738D0A08C0721B0FBF1F0E18C79
:10F15000B1FBF0F200FB121200EB40010A4492B244
:10F16000B2FBF0F300FB13200844E2842085002169
:10F1700020460AF008FA0546002120460AF02BFA3C
:10F180000746B5F90850204609F0EBF90646204637
:10F19000FEF7FAFD0246E18CE819414306EBD67012
:10F1A00005EBD573BDE8F0414010A0EB6300401AB9
:10F1B00001B210460BF0CCBEBDE8F0812DE9F8435A
:10F1C000856A0446802128460AF08DFA4D4FFE0CD0
:10F1D000C8B1284609F09DFB01281DD0022828D07F
:10F1E000032837D06786E686284609F08BFB01287E
:10F1F00047D0022850D003285AD02786A686208ED2
:10F20000002872D072E0334639463A4604F13000A5
:10F21000009601F021FBF2E7E88A0023401C01B2CE
:10F2200032462846FDF728FF6086E88A401E02B273
:10F2300009E0B5F91A10002332462846FDF71CFFF5
:10F240006086B5F91A20002339462846FDF714FFD9
:10F25000E086C9E7688BE98A0023401A401C00B2A7
:10F2600000EBD07001EB600808F1010001B23246FA
:10F270002846FDF701FF6086A8F10100002302B2D5
:10F28000E2E7B5F91410002332462846FDF76CFE7C
:10F290002086B5F9142009E0B5F91810002332468C
:10F2A0002846FDF761FE2086B5F91820002315E0F9
:10F2B000288BA98A0023401A401C00B200EBD070B2
:10F2C00001EB600808F1010001B232462846FDF763
:10F2D0004BFE2086A8F10100002302B239462846E1
:10F2E000FDF742FEA0868AE7FFE72786A08E00B9D9
:10F2F000A686608E00B96786E08E002800D1E6867B
:10F30000BDE8F88301E0FFFF70B50D4C0646002014
:10F310000D460A4620601D21304605F045FB206859
:10F3200058B1017839B12946F1F710FA28B13046C1
:10F3300021680DF087FB002070BD012070BD00002A
:10F340009C0200202DE9F04188B01F4614460D466E
:10F3500006460AF00DFD002842D0A54240D04FF4E9
:10F36000B470854202D9A5F5B475ADB2844202D914
:10F37000A4F5B474A4B2B18C4A1995B221448CB2EC
:10F38000854202D9A5F5B475ADB2844202D9A4F57F
:10F39000B474A4B207AA06A93046FEF7D4FA3946D7
:10F3A000304609F03AFE80463046394651220AF08E
:10F3B00049F804A908B1012200E00022CDE90221A8
:10F3C000CDE90048BDF81C00BDF91A1082B2BDF9A4
:10F3D00018002B4602F071FD04A930460AF085FCA6
:10F3E00008B0BDE8F0811FB5044603AA02A9FEF7E4
:10F3F000AAFA6B46BDF90C2002A92046FEF74EFC86
:10F40000694620460AF071FC1FBDF0B50546A1F51E
:10F410007F408BB00E46FF3858D0288EB04255D969
:10F42000A86A00EBC601684601F09AF903A92846CC
:10F4300009F0CBF80021284609F0A2FF0746002179
:10F44000284609F003FF0446284609F0C5F802F0F3
:10F450002FFC0A2190FBF1F2BA4201DB90FBF1F79D
:10F4600090FBF1F33AB2A34201DB90FBF1F4BDF85B
:10F470000C30BDF80000991A0844ADF80000BDF842
:10F480000E10BDF802000F1B3844BDF8047000B226
:10F490003B441A44ADF80420BDF80620ADF8020044
:10F4A0001144214409B2ADF80610AA8EB24209D126
:10F4B000EA6A32F81620920504D5091A491C401A46
:10F4C000ADF80200694628460AF00FFC0BB0F0BD0B
:10F4D0002DE9F74F0D4682B00446B1490AF00AF90A
:10F4E00000287DD12046FEF787FA82462046FEF7A7
:10F4F000D5FE5FEA000973D0BAF1000F70D0204644
:10F50000FEF770FA07462046FEF7BEFEDFF894B21B
:10F51000064620460021BBF80C2009F093FF00F0BE
:10F52000FF0820460021BBF8122009F08BFFC0B273
:10F5300001902B6807EB0A006FF00102D5F808C0B4
:10F5400033F8171002EB40001B5A3CF80000184437
:10F55000401A00B200906B6806EB090002EB400015
:10F5600033F816101A5AEB68185A1044401A0FFA5A
:10F5700080FB0021204609F07AFD01280AD1B8F16C
:10F58000000F03D0B8F1020F02D003E0022000E028
:10F5900000208046208BA18A401A401C0FFA80FA76
:10F5A000608BE18A401A401C0FFA80F94046B8F19E
:10F5B000010F1BD0022824D02868B8F1030F30F9BE
:10F5C000170028D18046608CDDF800A040F48060F0
:10F5D0006084019801287DD0022879D0032800E0BA
:10F5E000DAE0686830F9167073D119E0296800987C
:10F5F000A0EB0A0031F8171000EBD07001EB6000AF
:10F6000008E020460AF042F8296831F817200099EE
:10F610001144081A00B28046608C20F48060D7E75D
:10F62000608CD94640F40070608420460AF02EF8C1
:10F63000504504D1204609F000F8484527D0A08A5B
:10F64000ADF80000E08AADF80200208BADF80400B0
:10F65000608BADF8060020460AF013FB04F114009D
:10F660005146054601F004F94946284601F0FBF8E9
:10F6700020460AF006FB6A462921204605F094F947
:10F68000204609F01BF82246222105F08DF920467C
:10F69000002143F20C0209F0D5FE06B220460021FB
:10F6A00043F20D0209F0CEFE05B2204609F0EEFF4E
:10F6B0008146204608F0C1FF0146C6F3413064226E
:10F6C0004FF4FA634FF47A7C01281BD027E001E065
:10F6D0000AE013E06968ABEB090000EBD07031F889
:10F6E000161001EB600008E0204608F0A6FF6968EC
:10F6F00031F8162002EB0B01081A07B2608C20F4D7
:10F70000007091E726F4C040984208DC604501DDB6
:10F71000C0F57A7000FB09F090FBF2F006B2C5F379
:10F72000413001280BD125F4C040984207DC6045E8
:10F7300001DDC0F57A70484390FBF2F005B2049AFF
:10F7400008EB0600791912891044A28A801A05B2C2
:10F75000049840890844E18A401A06B255EA060036
:10F760001AD020460AF08DFAA08A2844A082208B65
:10F7700028442083E08A3044E082608B30446083F8
:10F7800020460AF07EFA05B0324629462046BDE8FA
:10F79000F04F01230AF024BB05B0BDE8F08F000054
:10F7A00001000600840200202DE9F04106461546BE
:10F7B0000F46002005E039462046B04701280AD010
:10F7C00020460EF0FDFC040002D060688000F2D1FB
:10F7D0000020BDE8F08105B12C600120F9E7038825
:10F7E0000A88934201D0981A704740884988401A85
:10F7F000704703780A78934201D0981A704740788E
:10F800004978401A704700002DE9F04142680968C4
:10F8100022F040428A4227D10446FEF78BF8DFF8F7
:10F820004C800546D8F80820131BA2EB05005E1B90
:10F83000C8F8080015D0274661193246384607F047
:10F840003FFC06E0A068401BA0602046FEF772F86F
:10F850000444D8F808008442F4D1B819294607F0C6
:10F860000DFD0120BDE8F0810020FBE7A002002093
:10F8700070B5054605F055F80446284605F08FF8A2
:10F88000064608F01BFF05462A2C01D0292C0BD177
:10F890000021304607F070FA28460FF047FB284653
:10F8A000BDE8704010F008BA70BD000070B50546A4
:10F8B00008F005FE0646002406E0A868006850F837
:10F8C0002400FFF7F3FF641CB442F6D3688CC10731
:10F8D0001ED020F00100688428460AF0ACFC2846BF
:10F8E0000AF0C9FB002E13D00021284609F030FC95
:10F8F00000280DD007494968884209D80649096897
:10F9000001EBC00050E902212846BDE870401047D5
:10F9100070BD00004C010020240200202DE9F047BA
:10F920008046089D1F46E86900FB01F39B120028F2
:10F9300007DD934207DD00BF95F8280080070DD44E
:10F940008BE09342F8DBCB1943439B12002808DD80
:10F95000934239DA95F8280080077ED40120BDE86B
:10F96000F0879342F6DCA869521C504340F395009F
:10F970000312C0B2FF22002828D000BF6E6AC0F177
:10F98000FF0404FB06F4A2EB242600BFA3EB010452
:10F99000A14636D0002C15DBBC4213DAC0F1FF00C3
:10F9A000C6F1FF014843A2EB6020C1B295F82800E0
:10F9B000800701D5C1F1FF0118F804000EF0D6FA56
:10F9C00008F80400641C1CE0A869CEE74FF0FF06AD
:10F9D000DCE7002C10DBBC420EDAA6EB6000C1B203
:10F9E00095F82800800701D5C1F1FF0118F804003F
:10F9F0000EF0BCFA08F80400686A641C361ABC42AF
:10FA000002DA686AB042E4DBBC4218DA002C16DB8A
:10FA1000A869704380127043C0F34721E869002849
:10FA200001DAC1F1FF0195F82800800701D5C1F185
:10FA3000FF0118F804000EF099FA08F8040095F890
:10FA40002800800707D54946B94506DC00290DDBAB
:10FA5000404609E001E0641C01D500207FE7BC427C
:10FA600004DC391B08EB040007F008FC022076E7F1
:10FA70002DE9F05F06460A9F8A461D46B86900FBDD
:10FA800002F18C12002800DD641C97F828305445E0
:10FA900002DA980707D4D5E08C120AEB050CA445CE
:10FAA00002DA98077ED483E0521C424341F3950169
:10FAB00042F395044FEA2129221204F0FF08C9B24B
:10FAC000A9EB0A04914505D0002803DA11B9FF21FA
:10FAD0009146641E914528D1002C0CDBAC420ADA19
:10FAE00001EB08004108980701D5C1F1FF01305D25
:10FAF0000EF03CFA305597F82800641C800706D5B4
:10FB0000A9EB0A01A9424DDA8EE030460AE0AC4288
:10FB100000DD2C46002C45D006DD00BFA5EB04011E
:10FB200006EB040007F0AAFB89E04FF0FF0B00286A
:10FB300044DAF869404248434FEAA028002C0DDB24
:10FB4000AC420BDA08FB01F0C0F34721980701D55E
:10FB5000C1F1FF01305D0EF009FA3055B969A8F125
:10FB6000FF0041438812641E11D4AC420FDAC8F181
:10FB7000FF014143ABEB6120C1B297F82800800739
:10FB800001D5C1F1FF01305D0EF0F0F9305597F865
:10FB90002800A41C800709D5A9EB0A01491EA94227
:10FBA0004DDC00E04EE00029AFDC48E0AC4202DD75
:10FBB0000120BDE8F09F002CB0DA40E0C1F1FF0069
:10FBC000F96941434FEAA128002C0EDBAC420CDA64
:10FBD00000FB08F0ABEB6020C1B2980701D5C1F182
:10FBE000FF01305D0EF0C2F93055B969C8F1FF0070
:10FBF00041438912641C0ED4AC420CDA4843C0F372
:10FC0000472197F82800800701D5C1F1FF01305D39
:10FC10000EF0ACF9305597F82800641C800707D522
:10FC2000A9EB0A01A9420DDC0029BFF66EAF06E080
:10FC3000AC4200DD2C46002C04D03FF76FAF4FF0F4
:10FC40000200B6E74FF00000B3E77CB5446A06F067
:10FC50007DF8054606F0BBF804280CD1E18E20465D
:10FC6000218708F0E5FC064605F0C0FA18B100212E
:10FC7000304605F036FB284606F0A9F8012804D0E6
:10FC8000284606F0A4F803280AD101A9284606F060
:10FC900073F8BDF906102046FDF76CFFE08620875B
:10FCA000204604F01CFBA06A10B9204609F0E9FFC9
:10FCB000E08E00906A461C21204604F075FE7CBD53
:10FCC0002DE9F0410746884600261248F5F7B1F9BC
:10FCD000044619E021460F48F5F7BDF905462068AE
:10FCE000B84200D07FB96168414502D0B8F1000F39
:10FCF00009D121460748F5F706FA204607F074F9BE
:10FD0000F6F76EF901262C46002CE3D13046BDE80B
:10FD1000F0810000C452002070B505460C46094829
:10FD2000F5F787F90BE00168A94204D14168A142C7
:10FD300007D0002C05D001460248F5F78CF90028C1
:10FD4000F1D170BDC452002010B50446402107F027
:10FD500095FA4FF4FA70A0620020E06164206062BE
:10FD60000120A0870448A06194F83E0040F0010003
:10FD700084F83E0010BD0000E3FD000838B50446DD
:10FD80004FF480650095D4E90A200023194607F056
:10FD90008FF84FF46E7332220021009500F00CFFB3
:10FDA000E269616A891A414302EBA12038BD38B586
:10FDB00004464FF480650095D4E90A2000231946D3
:10FDC00007F076F840F2B6334FF4617200210095E7
:10FDD00000F0F2FEE269616A891A414302EBA12058
:10FDE00038BD38B504464FF480600090D4E90A204D
:10FDF0000023194607F05CF8E269616A891A4143F9
:10FE000002EBA12038BDD0E90A128A4201DB406A28
:10FE10007047C06970478B1A002B00DC531A4FF4EF
:10FE20007A714B43B3FBF0F0002800D101207047FA
:10FE300070B54168054611B12868FFF741FF1948C0
:10FE4000F5F758F9184E10B10DF050F970601548DB
:10FE5000F5F714F9040024D04022294607F030F9C0
:10FE60002868A84200D12460717894F83E0061F3BC
:10FE7000820084F83E00C0070FD0216939B12046C6
:10FE80008847E1690144E161616A0844606262682F
:10FE90001AB1206808B1E1699047F6F7A1F8204649
:10FEA00070BDFEE7C45200201802002010B50020EB
:10FEB0000C468884872161852D22A285E184490032
:10FEC0002185A18E21F00601A1864FF40041E18534
:10FED000A18E2086642041F00801608688B220F05F
:10FEE0000100A0861001E0860DF000F9A063208DCE
:10FEF000A0870221204607F0E3FA4FF44071204624
:10FF000007F0A2FE2046BDE810400D210AF09BBD7F
:10FF10002DE9F04FAFB0044604F041FD07462046FE
:10FF200004F005FD2A9028AA2CA93846FDF70BFD00
:10FF300006A82A9908F0F0F8BDF9A000DFF888813A
:10FF40000DF1B00A0DF1080B00282DDD584601F027
:10FF500095FF02AA0021384609F005FC0020CDF8E3
:10FF60003CA01390CDE90780BDF8A000ADF8540087
:10FF700006AA1A213846CDF838B004F015FDB98D1F
:10FF8000B88C7A8D0144104489B280B2CDE9000169
:10FF9000BDF854302CAA02A92A9801F05FFF06AAE6
:10FFA0001B21384604F000FD4FF40039494638461D
:10FFB00009F076F906464946384609F0B7F905468C
:10FFC0004946384609F006FA04464946384609F0DB
:10FFD00013F9AE4201DD314600E02946844201DDDD
:10FFE000224600E00246914205DDAE4201DD304688
:10FFF00004E0284602E0844200DD2046BDF8A0105F
:020000040801F1
:10000000081A04B2002C34DD02A801F037FF02AA5E
:100010004D464946384609F0A6FB0120CDF83CA0E4
:100020001395CDE90780ADF8544006AA1A21384649
:10003000CDF838B004F0B8FCBDF90A10BDF9540091
:10004000814201DDADF80A00398DB88CFA8C01448B
:10005000104489B280B2CDE90001BDF854302CAA19
:1000600002A92A9801F0FAFE06AA1B21384604F0DC
:100070009BFC2DABBDF9A0202CA93846FDF70EFE48
:1000800018A803F045F94FF4403418AA2146384621
:1000900009F09CFC02201394CDE907802DA809905B
:1000A00018A80A9006AA1A21384604F07DFC2DAA49
:1000B00018A92A9803F018F906AA1B21384604F05B
:1000C00073FC2FB0BDE8F08FE09502082DE9F047F2
:1000D00086B08A46F74808F0CAF901287ED1504612
:1000E00004F01FFC0646504604F059FC05465046F5
:1000F00004F055FC0446022E11D0082E6FD0032EBA
:10010000FCD00D2E6CD0112E6BD0132E6AD0152E74
:1001100064D106B05046BDE8F047FFF7F9BE05F0E0
:1001200015FE06005AD005F052FE012856D101A94D
:10013000304605F021FE03AA02A92846FDF703FC7C
:10014000BDF80400BDF80810401AADF80400BDF871
:100150000600BDF80A10401AADF8060094F8340005
:10016000C00744D14FF40031284608F056FF064638
:10017000BDF80C004FF48031801BADF80C00284610
:1001800009F0B1FA10B1BDF80C0008E0BDF90C009F
:10019000C11700EB9171B6EBA10F00DA8E10801B36
:1001A000ADF80C0000B2012802DA0120ADF80C0015
:1001B000BDF8040010FB00F1BDF8060010FB0010B4
:1001C000BDF80C1011FB01F1884206DDA08E40F055
:1001D0000100A0860CF08AFFA06304E086E099E0AD
:1001E000B2E0D5E015E194F83400C0077ED0BDF947
:1001F000041019B9BDF80600002877D0B4F92C60B6
:10020000628DB0B2904202D200F5B47006B2BDF970
:10021000060000F032FBA18C628D401A801A00B2F9
:10022000002802DA00F5B47000B2B11AA38F09B247
:100230009A1A0FFA82F8A0EB080212B202F58C7239
:10024000B2F50C7F07D994F83400000701D50020DF
:100250000DE008460BE001EBD171B0EB610FA18E10
:1002600002DA41F0080101E021F00801A186A0EBCB
:10027000080007B2A06B0CF033FFE18E41434FF44E
:100280007A70B1FBF0F000B2874201DD074603E06F
:100290004042874200DA07B2618DB4F93220B4F9E6
:1002A000303008EB0700A6EB010CD71A4FEACC0C54
:1002B0009CFBF7F73F1D00EB2710B4F92E700844A4
:1002C000009200B2324606F0F3FD06B2B5F92E00F8
:1002D000B04211D00CF00AFFA0633146284600F06E
:1002E000F5F9BE4208D000221C2100E00FE02846AC
:1002F00004F05AFB01280AD1B4F93000B04203D00F
:10030000B4F93200B04202D10CF0F0FEA06306B0A6
:10031000BDE8F087A08E20F00100A086284608F0F6
:1003200087F9054604F062FF044605F00FFD05F06D
:100330004EFD0428EBD1002CE9D006B02846BDE8DC
:10034000F047002104F0CDBF504604F026FB0078B2
:10035000B4F92E60132806D0112804D0142805D033
:10036000122803D008E0E88D401C01E0E88D401E13
:1003700001B2284600F0AAF9B4F92E00B042C6D066
:1003800006B02846BDE8F04700221C2104F00CBB53
:10039000504604F002FB044604AA03A92846FDF7D0
:1003A000D2FAA868002608B1B0F9146000212846E6
:1003B00008F033FE0546BDF810103044081ABDF8A9
:1003C0000E20ADF81000111809B20091BDF80C1004
:1003D000121A0B18081A01B21BB212B201A800F0CF
:1003E0003BFA47F6FF773A4601A82168F3F7B8FED3
:1003F00008B100200BE005EB460002B2114601A84F
:1004000000F010FA3A4601A82168F3F7A9FE20711E
:100410007DE70021284608F043FF074600212846D3
:1004200008F084FF06460021284608F0D3FF044662
:100430000021284608F0E0FEB74201DD394600E021
:100440003146844201DD224600E00246914205DD4C
:10045000B74201DD384604E0304602E0844200DD68
:10046000204680464FF440394946284608F018FF98
:1004700004464946284608F059FF0746494628469B
:1004800008F0A8FF06464946284608F0B5FEBC42DB
:1004900001DD214600E03946864201DD324600E0BA
:1004A0000246914208DDBC4201DD204607E03846A5
:1004B00005E00000E0950208864200DD3046801C21
:1004C00004B2504604F069FAB0F90010A4EB080237
:1004D000914200DC1146018019E770B50C460546D3
:1004E000114600F07EF821462846BDE8704000F035
:1004F000B4B870B50C460546114600F006F8214622
:100500002846BDE8704000F036B870B54FF4B473BB
:1005100005460C46994202D9A1F5B474A4B2A88D3F
:10052000698D421A611A12B209B2002A02DA02F582
:10053000B47212B2002902DA01F5B47109B28E1A4E
:10054000B4369E4203D9284609F09BFB0DE0914248
:1005500003DA00230246214604E08A4205DA00233A
:10056000224601462846FEF7EDFE2846AC85BDE84A
:10057000704011F0E1BA70B54FF4B47305460C4603
:10058000994202D9A1F5B474A4B2A98D688D0A1A52
:10059000091B12B209B2002A02DA02F5B47212B2D1
:1005A000002902DA01F5B47109B28E1AB4369E42FE
:1005B00003D9284609F065FB0DE0914203DA0023D8
:1005C0002246014604E08A4205DA0023024621461B
:1005D0002846FEF7B7FE28466C85BDE8704011F04E
:1005E000ABBA70B54FF4B47305460C46994202D9C4
:1005F000A1F5B474A4B2288DE98C421A611A12B222
:1006000009B2002A02DA02F5B47212B2002902DA43
:1006100001F5B47109B28E1AB4369E4203D9284648
:1006200009F02FFB0DE04FF40033914202DA02464D
:10063000214603E08A4204DA224601462846FEF7B4
:1006400081FE2846FEF7CFFE28462C85BDE8704087
:10065000FEF7C9BE818409F014BB70B54FF4B473C2
:1006600005460C46994202D9A1F5B474A4B2298D6D
:10067000E88C0A1A091B12B209B2002A02DA02F542
:10068000B47212B2002902DA01F5B47109B28E1AFD
:10069000B4369E4203D9284609F0F3FA0DE04FF430
:1006A0000033914202DA2246014603E08A4204DA2C
:1006B000024621462846FEF745FE2846FEF793FEF1
:1006C0002846EC84BDE87040FEF78DBEB0F92E30B0
:1006D0008B420ED0B0F932208A4200DA1146B0F9CE
:1006E00030208A4200DD11468B4202D0C18511F0D4
:1006F00023BA70470A8802804A8842808A888280AA
:10070000C988C18070470A8802804A8842808A88E6
:100710008280C988C18070470A8802804A884280E6
:100720008A888280C988C18070470A8802804A8886
:1007300042808A888280C988C18070470A88028086
:100740004A8842808A888280C988C18070470A8826
:1007500002804A8842808A888280C988C180704726
:100760000A8802804A8842808A888280C988C1803B
:1007700070470A8802804A8842808A888280C988B5
:10078000C18070470A8802804A8842808A888280B5
:10079000C988C18070470A8802804A8842808A8856
:1007A0008280C988C1807047C1884088081A401C6F
:1007B00000B27047C1884088081A401C00B27047D8
:1007C000C1884088081A401C00B27047B0F9041074
:1007D000B0F90020891AB0F90620B0F90200101A09
:1007E000401C491C4843704781880088081A401CF7
:1007F00000B2704781880088081A401C00B2704718
:1008000081880088081A401C00B2704781880088DF
:10081000081A401C00B2704781880088081A401CE2
:1008200000B2704703885B1A038083881944818073
:100830004188891A4180C1881144C180704703886A
:100840000B4403808388194481804188114441808E
:10085000C1881144C180704710B5029C018042805C
:100860008380C48010BD4288491E1144C1807047F6
:100870000288491E1144818070470022002801DA55
:1008800001224042002901DA4942921C884207D9DC
:10089000C1EB011101EB4101B1FBF0F3103205E0B6
:1008A000C0EB001000EB4000B0FBF1F30020D9B228
:1008B00016290BD92C2900D80120292900D8401C41
:1008C000252900D8401C20290BD90BE0022900D390
:1008D0000120062900D3401C0A2900D3401C0F29FF
:1008E00000D3401C1844D10601D5C0F15A0091072D
:1008F0004FEAC27105D509B1B43005E0C0F1B400CA
:1009000002E009B1C0F5B47080B27047C160006800
:1009100009F0B7B900684FF0FF320168C26001F119
:100920003C02904202D182684A6205E001F14C0229
:10093000904201D182680A63006809F0A2B910B53B
:100940000C4600206421C4E90A0120636062A0868D
:100950002087E086608784F85C0004F13C01204633
:1009600000F0A5F804F14C01204600F0A0F80821A1
:10097000204607F069F91021204607F065F9204666
:100980000022BDE81040114600F0BDB810B50C467D
:10099000002104F13C00FFF793F904F14C00BDE89D
:1009A00010400021FFF78CB92DE9F0410D46314888
:1009B00007F05DFD012854D1284603F0B2FF04463C
:1009C000284603F0ECFF8046132C0AD0012C4AD0B5
:1009D000082C48D0152C44D12846BDE8F041F7F743
:1009E000EDBF4FF4003106F0FFFF0446284603F048
:1009F000D4FF0546B0F90000A04200DD04462C807B
:100A00000021404608F053FC07460021404608F00C
:100A100094FC06460021404608F0E3FC0446002111
:100A2000404608F0F0FBB74201DA394600E03146B3
:100A3000844201DA224600E00246914205DAB742DA
:100A400001DA384604E0304602E0844200DA20460B
:100A5000002806DAB5F900104042814200DC014668
:100A60002980BDE8F08108F134014046BDE8F0413D
:100A700009F03BB9FC95020890F85C0000F0030017
:100A8000704790F85C1001F00301022901D0806AE0
:100A90007047816D491C01D0406D7047006B7047F5
:100AA000816C491C01D0406C7047406A70470860F7
:100AB000002048608860401EC860704738B5134603
:100AC00090F85C2002F00302022A1BD1D0E90A420E
:100AD0008A4201DD0D4600E01546AC4201DD2146AB
:100AE00002E08A4200DC1146426A8A4200DA11467C
:100AF000026B8A4206D0009300F14C0300F13002F1
:100B000000F022F838BDF8B5456A13468D421AD078
:100B1000D0E90A428A4201DD0E4600E01646B442A0
:100B200001DD214602E08A4200DC1146026B8A4266
:100B300000DD11468D4206D0009300F13C0300F128
:100B4000240200F001F8F8BD30B591B005461498C4
:100B50001C4618B3E068401C27D0A068C4E9010116
:100B6000116000211846FFF7ABF86846FFF7ECF874
:100B70000F484FF48071CDE900400020CDE9080115
:100B800007900C48039028460021652208F05AFC83
:100B90000A906846FFF74CF911B030BD116011B0F2
:100BA0002846BDE8304009F06CB81068D6E7000070
:100BB0000D09010815090108F0B5C0F5806404FBB2
:100BC00004F5AD0A05FB04F64FEA962C00FB00F68F
:100BD000B60A06FB00F745435543BF0A0CFB01FC70
:100BE00074434FEA9C2105EB45005C43DDF814E0BB
:100BF00004EB440201EB105007FB0EF700EB125020
:100C000000EB9720F0BD10B50C461021204607F0F0
:100C10001BF82046BDE810404FF4806106F050BC40
:100C200010B50146034806F067FF044606F0D2FF00
:100C3000204610BD1896020870B50446008E154671
:100C400088420FD9E06A30F81120AA4320F8112019
:100C50002046FEF7DAFBA80504D52046BDE8704023
:100C600009F040BC70BD70B50E460546002406E094
:100C7000324621462846FFF7DFFF641CA4B2288EC7
:100C8000A042F5D870BD00000846002101864186CB
:100C90004FF6FF7282868162C162416280F836102F
:100CA000014900F0DDBA0000E401002010B5014662
:100CB000034806F021FF044606F08CFF204610BDD5
:100CC0003496020810B50C46886A06F08DF9E06A81
:100CD00006F08AF90020A062E06210BD2DE9FC4711
:100CE0008846FE4807F0C3FB012827D1404603F0A1
:100CF00018FE0646404603F052FE00270446132E17
:100D00001ED02A2E4BD0292E49D04FF6FF75012E2A
:100D100049D0022E7CD0082E7BD0062E7AD0032E0E
:100D200079D00E2E78D00F2E77D0102EFCD00D2E2D
:100D300074D0152E02D14046F8F7AEFEBDE8FC8710
:100D4000404603F02AFE8146608EA04620B300256F
:100D5000D8F8246014E000BFD8F82C0030F8150053
:100D6000C0F3402050B1608E28B1204607F0F9FB57
:100D7000618E90FBF1F0A9F80000DFE76D1CADB2C9
:100D800056F8250040B1D6A1EFF7E0FC20B156F8A7
:100D9000250000780028DFD1A9F80070CEE7616A4D
:100DA00000F05EFACAE7404603F0F7FD064620462B
:100DB000A18EFEF72AFB04F0C9FF05F008F8012810
:100DC00001D0032817D16946304604F0D5FF6946A3
:100DD0002046FCF7DDFCA8420DD0E16A31F8101086
:100DE000C1F340123AB9C1F3C00121B9A08601464E
:100DF0002046FEF70AFBA18EA9429FD0E06A30F898
:100E00001100C0F30022002A98D1C0F340229EE0D6
:100E10000CE053E093E0A2E0A3E0E1E0E7E000BFF4
:100E2000C0F3C000002889D1019141E0404603F0A1
:100E3000B4FD074604F08AFF064604F0C8FF042804
:100E40009BD0022899D06946304604F095FF694648
:100E50002046FCF79DFC0646A18E2046B1428CD070
:100E6000A94201D0FEF7D1FAA686384605F05CF813
:100E7000AE4293D0E06A30F81600C0F3401100296A
:100E80008CD1C0F3C000002888D131462046FEF73F
:100E9000BCFAE06A30F81610C1F300210029B3D182
:100EA000A18E30F81100C0F340200028ACD101968B
:100EB00001AA1C21204603F077FD3FE7A18EA9423D
:100EC00038D0E26A32F81100C0F38013B3B1C0F336
:100ED00040139BB9C0F3C0131BB194F83630DB0745
:100EE00014D040F0800000BF22F8110094F83600C2
:100EF000C00703D02046A18E0CF09FFDA18EE26AB0
:100F000032F81100C0F3002232B902E020F0800074
:100F1000EAE7C0F340226AB1C0F3401252B9C0F30D
:100F2000C00038B9019101AA1C21204603F03CFD04
:100F30000128C2D12046A18EFEF767FAFEE6A18EF7
:100F4000A942BAD0E06A30F81100C0F30012002ABA
:100F5000B3D1C0F34012002A3FF462AFEEE6A18E97
:100F600041E0404603F019FD074604F030FF064615
:100F70002FB9002004F0F0FE04F029FF06462046B9
:100F800007F056FB04F032F9A18EA94295D1022E4A
:100F900002D0042E29D140B394F836100020E26A22
:100FA000C90701D110E0401C32F81010C1F3C00392
:100FB000002BF8D1C1F34013002BF4D1C1F3C011C1
:100FC0000029F0D00AE0401C32F81010C1F3C00331
:100FD000002BF8D1C1F340110029F4D1A086ADE671
:100FE000A18EA94201D0FEF710FAA586A6E6A18E31
:100FF000FEF70BFA404603F0D0FC0078132813D01C
:10100000142831D004264FF0020912284AD01128A2
:1010100090D10021204608F019F9A28E8446AA42F8
:101020005BD1A786E26A9AE0A08EA84201D1A7868A
:1010300001E0401CA086A18E208E814200D3A786AD
:10104000E26AA18E32F81100C0F3C0033BB1491C23
:1010500088B2A086218E8842F3D3A786F1E7C0F339
:1010600040100028F3D165E7A08EA84201D1A786E1
:1010700000E000B9208E401EA086E26A06E011B1B1
:10108000491EA18602E0208E401EA086A18E32F865
:101090001100C0F3C003002BF1D1C0F340100028B1
:1010A000EDD147E70021204608F0D0F88046A08E19
:1010B0000146A8421BD1A786E26A06E0491C88B215
:1010C000A086218E884200D3A786A18E32F8110017
:1010D000C0F3C003002BF1D104E04CE034960208C9
:1010E0000A000000C0F340100028E7D122E7A26AFE
:1010F00006EBC103D35A32F830505B1B5B1C43F341
:101100004E032B440FFA83FC238E1CE009EBC0072F
:1011100009EBC105D75F555FAF4212DD32F93050A0
:1011200065450EDC06EBC005555F4544654508DBAB
:10113000E56A35F81070C7F3401515B9C7F3C00557
:101140001DB1401C80B28342E0D8834245D8F1E60D
:10115000491C88B2A086218E884200D3A786A18E22
:1011600032F81100C0F3C003002BF1D1C0F34010DE
:101170000028EDD1DEE6A16A06EBC200085A31F87C
:101180003230C01A401C40F34E00184405B2B4F986
:1011900034001DE009EBC00709EBC203CF5FCB5E53
:1011A0009F4213DA31F93030A3EB0C03AB420DDC74
:1011B00006EBC003CB5EAB4208DBE36A33F81030CA
:1011C000C3F3401717B9C3F3C00323B1401E00B2E5
:1011D0000028DFDAAEE6002888DBA086AAE6808E4B
:1011E0007047038E8B4204D9C06A30F811008243E5
:1011F00001D0002070470120704770B50446008E72
:101200000E461546B0421AD994F83600C00705D0EC
:10121000280603D580212046FFF725FDE06A30F837
:101220001610294320F8161031462046FEF7EDF837
:10123000A80504D52046BDE8704009F053B970BD3B
:1012400070B50E460546002406E032462146284683
:10125000FFF7D3FF641CA4B2288EA042F5D870BD5E
:101260002DE9F34F97B00D007BD0179C2046F4F783
:1012700007FE6562002141F26A42179808F0E2F821
:10128000C0B212900021179808F018F80B900021B6
:10129000179808F0ADF80F900021179808F070F833
:1012A00002900021179807F0D1FF0990179807F0D6
:1012B00072F90490179807F054F9618E0027C1F174
:1012C00001020299A94601FB020000B210903846C3
:1012D00086E000BF4FF0000B5D460AE0E06A791936
:1012E00030F81100FCF721FB58446D1C1FFA80FBFD
:1012F000ADB259F8250040B142A1EFF727FA20B16D
:1013000059F8250000780028E8D15DB31099608E67
:1013100001FB08F1B1FBF0F20F995318029A08FB98
:10132000023109B20891109908F101025143B1FB51
:10133000F0F10F9A0298491E08FB0020084400B201
:10134000149009990498C5F1010201FB020000B252
:101350000E90002801DA00200E904FF0000A564649
:1013600036E04BE0FFE709F1040036E0E06A30F8D0
:101370001700FCF7DAFA0E9901FB0AF1B1FBFBF258
:101380000999824406FB01210E9A09B20AFB02F078
:10139000B0FBFBF0099A401E06FB0200129A00B255
:1013A000012A06D10A460499081A01B20498801A43
:1013B00000B20B9A104403B2149800901144A06A32
:1013C00009B200EBC700089AFFF746FA761C7F1CAB
:1013D000AE42CBD309EB8500001D814608F1010028
:1013E0008046608E40453FF675AF179809F07AF851
:1013F000179819B0BDE8F04F08F043BC19B0BDE82C
:10140000F08F00000A00000070B50446008E0D4603
:10141000A84203D8A5F57F40FF380AD12046A18E07
:10142000FDF7F3FF2046A5862946BDE87040FDF78D
:10143000ECBF70BD2DE9F0410F460C4640F2E4715F
:101440002185012084F82A0084F82B00A18584F8E6
:101450002E0084F82F0000202063A086A82104F528
:101460008C7005F00BFF002108462D4B782506E017
:1014700028B14207B2F1604F08D0082808D253F8CB
:10148000202000BF04EB8006B2630CE025A2F9E740
:1014900004EB810204EB800682F8185102F58C728D
:1014A000491CC9B2B263401CC0B23828E0D31EA0A8
:1014B000C4F814013846FFF7F9FB04F13801606203
:1014C000FFF7CEFE54F8240F4FF48871FFF7B8FEF3
:1014D00000231A221549206805F0B4FF42F2640186
:1014E000206809F007FD0121384609F0D1FA0121F1
:1014F000206809F0DDFA94F90A202189384600F0C5
:1015000019F894F9073094F90620A188384600F0BC
:10151000AFF82068BDE8F0414FF4804105F0D0BF3E
:10152000600100200A0000000000000001AD00087A
:101530002C3070472DE9F05F044688B2A08555B283
:1015400084F82E50012184F82F1082462021606AF1
:10155000FFF789FB002620223146606AFFF74DFE27
:10156000761CF6B2072EF6D3564629463046FCF7CF
:10157000AFFC8346012229463046FCF747FA06466F
:1015800007464FF001080BEB06090EE004EB87005D
:10159000434636A2042100F58C700AF0C9FC7F1C7A
:1015A00008F10100FFB200F0FF08B945EED8691E4E
:1015B0005046FCF78DFC0025801B401CC7B211E093
:1015C00004EB85003B4629A2042100F58C700AF04B
:1015D000AFFC2022E91D606AFFF70FFE6D1C7F1C27
:1015E000EDB2FFB2B542EBD306EB0B00C5B201275B
:1015F00012E000BF04EB85003B461CA2042100F56D
:101600008C700AF095FC2022E91D606AFFF7F5FD59
:101610006D1C7F1CEDB2FFB22A2DEBD32046FDF7E7
:101620002AF8606AFFF7DBFDA0F57F41FF3903D0A0
:10163000F11D606AFFF7E8FE204608F022FB204615
:1016400006F03DFF064600250CE02946204606F040
:1016500024FF616A814203D022461C2103F0A4F9D1
:101660006D1CEDB2B542F0D3BDE8F09F25640000DB
:10167000018580F82A2080F82B30FCF7FCBFF0B5FC
:1016800004464FF4FA66C1F341307710642501280F
:101690000BD121F4C040B04207DCB84201DDC0F5F7
:1016A0007A70584390FBF5F001B2C2F34130012843
:1016B0000BD122F4C040B04207DCB84201DDC0F5D6
:1016C0007A70584390FBF5F002B2944201DA20465A
:1016D00000E01046884201DA0846F0BD944201DA83
:1016E0002046F0BD1046F0BDF0B504464FF4FA6652
:1016F000C1F341307710642501280BD121F4C0409B
:10170000B04207DCB84201DDC0F57A70584390FB67
:10171000F5F001B2C2F3413001280BD122F4C040F0
:10172000B04207DCB84201DDC0F57A70584390FB47
:10173000F5F002B2944201DA204600E010468842F9
:1017400001DA0846F0BD944201DA2046F0BD1046A9
:10175000F0BD002208B51146104600F074F8009064
:10176000BDF8000008BD002208B51146104600F083
:1017700082F80090BDF8000008BD002208B51146AF
:10178000104600F0C0F80090BDF8000008BD38B564
:101790000C460546FFF7F1FF2246294600F018F9EE
:1017A0000090BDF8000038BD07B58107BDF80430D2
:1017B00002D020F8023B521EBDF8041001EB01419B
:1017C0000EE002C0103A02C040F8081B40F8041CAA
:1017D00040F8101B40F80C1C40F8081C40F8041C92
:1017E000102AEED803E000BF20F8023B521E002A68
:1017F000FAD10EBD4FF478414FF4FC6201EA10219A
:1018000002EA501208B51143C0F3C4000143ADF819
:10181000001088B208BD08B5D308BDF8002063F3F6
:101820000402ADF800208A08BDF8001062F34A11E6
:10183000ADF80010C108BDF8000061F3CF20ADF88D
:10184000000080B208BD08B5D308BDF8002063F3DE
:101850000402ADF800208A08BDF8001062F34A11B6
:10186000ADF80010C108BDF8000061F3CF20ADF85D
:10187000000080B208BD08B5D308BDF8002063F3AE
:101880000402ADF800208A08BDF8001062F34A1186
:10189000ADF80010C108BDF8000061F3CF20ADF82D
:1018A000000080B208BD08B5D308BDF8002063F37E
:1018B0000402ADF800208A08BDF8001062F34A1156
:1018C000ADF80010C108BDF8000061F3CF20ADF8FD
:1018D000000080B208BD08B5D308BDF8002063F34E
:1018E0000402ADF800208A08BDF8001062F34A1126
:1018F000ADF80010C108BDF8000061F3CF20ADF8CD
:10190000000080B208BD08B5D308BDF8002063F31D
:101910000402ADF800208A08BDF8001062F34A11F5
:10192000ADF80010C108BDF8000061F3CF20ADF89C
:10193000000080B208BD08B5D308BDF8002063F3ED
:101940000402ADF800208A08BDF8001062F34A11C5
:10195000ADF80010C108BDF8000061F3CF20ADF86C
:10196000000080B208BD000008B5121DD3080A4A65
:1019700089B280B241EA014140EA00401140104082
:10198000401A584301EB5010104040EA1040ADF8A7
:10199000000080B208BD00001FF8E00708B5121D66
:1019A000D3080A4A89B280B241EA014140EA0040C4
:1019B00011401040401A584301EB5010104040EACB
:1019C0001040ADF8000080B208BD00001FF8E0072D
:1019D00008B5121DD3080A4A89B280B241EA014112
:1019E00040EA004011401040401A584301EB5010AB
:1019F000104040EA1040ADF8000080B208BD000081
:101A00001FF8E00708B5121DD3080A4A89B280B250
:101A100041EA014140EA004011401040401A584359
:101A200001EB5010104040EA1040ADF8000080B2C9
:101A300008BD00001FF8E00782B2D00AC0EBC00367
:101A400003EB0020C01D400960F317410846C2F3B4
:101A5000451101EB410303EB0121C91C890961F325
:101A60000F2002F01F01C1EBC10202EB0121C91DD1
:101A7000490961F30700FF2161F31F607047FF22EE
:101A800008B511461046FFF7F6FE0090BDF80000BD
:101A900008BD08B51F20BDF800103F2260F3040107
:101AA00089B262F34A1189B260F3CF21ADF8001018
:101AB00088B20090BDF8000008BD70B50C00054666
:101AC00011D000F0F5F810FB04F05030B0F5A07F15
:101AD0000BDB284600F0ECF810FB04F0A02150309E
:101AE00090FBF1F002E0002000E0012000B270BDA8
:101AF0002DE9F0410D461E46174604461C2105F00F
:101B0000BDFBC4E90057C4E90256BDE8F0810000FE
:101B100038B504464C2105F0B1FB4FF4A07020808D
:101B2000F02060804FF0FF30A080E0800020208116
:101B300060812069822120F0400040F0080061F3BC
:101B4000D01020614FF4FC60ADF800000090BDF8AB
:101B50000000A0860248E06320643820606438BD3D
:101B6000853D0108F8B505464648F3F787FA0400B5
:101B700002D0A86B08B10AE0FEE7686C05F0AAF98C
:101B8000060066D00146EA6B28469047AE634FF4E4
:101B9000AC71204605F072FB3B4E25602246F7688B
:101BA0000A213A48F4600BF0ABFA6060002851D08B
:101BB000286981070AD529886A8811FB02F1EA6839
:101BC000D268914202D920F002002861FF2211461A
:101BD0001046FFF780FE0090BDF800000090BDF8B1
:101BE00000006085FF2084F829000BF059FA78B3D3
:101BF0000BF0FAF9A060002006F0B8F82061002090
:101C000006F0B4F8E061002006F0B0F8204D206244
:101C10002A460021E06908F007FD2A460021206AD3
:101C200008F002FD0221E06906F00EF80221206AA8
:101C300006F00AF80021E06908F0EBFF0021206AB5
:101C400008F0E7FF206908F01CF8F7609FB113E087
:101C500001E0FEE7FEE7002009F0E2F90546052075
:101C600009F0DEF901460B48009000232A46204681
:101C70000BF0C4F9BEE7F46060680BF012FB20467D
:101C8000F8BD0000A052002000020020CD42000854
:101C9000FFFF0F00C4950208C26800211161C068EF
:101CA000416170470148C068704700000002002091
:101CB00010B90548C06820B100680069C0F3C910B8
:101CC0007047822070470000000200200068C06852
:101CD0007047000018B90948C068002809D000689A
:101CE000017CC1F30111012904D0032902D0B0F90C
:101CF00000007047B0F902007047000000020020A9
:101D000070B528B1D0F85401BDE870400BF0E8B9C7
:101D10004FF0FF35002008E0D4F854010BF0E0F953
:101D2000854200D228460546204600F015F80400FA
:101D3000F2D1284670BD10B518B9FFF7B3FF0028DF
:101D400000D0006A10BD10B518B9FFF7ABFF00282E
:101D500000D0C06910BD000018B101460248F3F779
:101D60007AB90148F3F765B9A052002010B518B947
:101D7000FFF798FF002800D0006910BD10B518B912
:101D8000FFF790FF002800D0406910BD10B508B9DA
:101D9000FFF788FF806810BD18B90948C06800289F
:101DA00009D00068017CC1F30111012904D0032985
:101DB00002D0B0F902007047B0F90000704700008F
:101DC0000002002070B5054606F006FC040020D095
:101DD00026695EB100222521304602F0E5FD20692A
:101DE00020B100222621284602F0DEFD25615DB1EA
:101DF00000222721284602F0D7FD206920B10022C9
:101E00002821304602F0D0FD2846BDE8704007F09A
:101E100038BF70BD70B50D46040002D1FFF742FF18
:101E20000446A560606A032817D1E068006806F0E0
:101E300046FB002811D1E068406806F040FB00280E
:101E40000BD1E068806806F03AFB002805D1E06815
:101E50000068BDE870400BF0B3B870BD7CB50E7B78
:101E6000DDE90654022E08D94E88002E05D0A54281
:101E700003D0CDE900540469A0477CBD38B50446C1
:101E8000102105F0FBF901206080FF202073BDF8D0
:101E90000010002060F3040189B260F34A1189B296
:101EA00060F3CF21ADF8001088B20090BDF80000BB
:101EB0000090BDF80000208038BD2DE9F04F85B0BE
:101EC000824610B294468B460FFA82F9AAEB000EB6
:101ED000DDF838800FFA8EF20492ABEB000217B2F5
:101EE00003920AEB000203F5B471119C58441E469C
:101EF000029212B203B2019088457DD04FF4B471C2
:101F00008E4202D9A6F5B476B6B2884503D9A8F5B3
:101F1000B4701FFA80F80F99ACEB010000B200908A
:101F2000109818B101EBD1704010401C05B25A2135
:101F3000B6FBF1F0B8FBF1F1C0B2C9B2042800D190
:101F40000320042900D1032188427ED146457CD854
:101F500068B3012854D0022878D003287ED106F136
:101F60005A0000B20BF0D6FA009910FB01F10AEB0F
:101F7000E130401B208030B20BF0CCFA10FB09F1AD
:101F80000BEBE130401B608008F15A0000B20BF00F
:101F9000C1FA10FB09F10AEBE1302844A0800FFAE6
:101FA00088F00BF0B7FA009910FB01F15AE130B25A
:101FB0000BF0B0FA009910FB01F10BEBE130401B84
:101FC00060805A3630B20BF0A5FA10FB09F10AEB2B
:101FD000E1302844A0800FFA88F00BF09BFA10FB48
:101FE00009F10BEBE1302844E08008F15A0000B21F
:101FF0000BF090FA009900E0E6E010FB01F129E017
:1020000030B20BF087FA10FB09F10BEBE1302844FA
:10201000E0805A3630B20BF07DFA009910FB01F1E6
:102020000AEBE1302844A0800FFA88F00BF072FA36
:10203000009910FB01F10BEBE130401B608008F1CF
:102040005A0000B20BF066FA02E036E009E005E063
:1020500010FB09F10AEBE130401B208005B0BDE820
:10206000F08F06F15A0000B20BF054FA10FB09F1A0
:102070000AEBE130401B208030B20BF04BFA0099A4
:1020800010FB01F10BEBE1302844E0800FFA88F0FF
:102090000BF040FA10FB09F10BEBE130401B6080C4
:1020A00008F15A0000B20BF035FA009910FB01F16B
:1020B0000AEBE1302844A080D0E730B1012837D0C6
:1020C000022861D003287ED099E001297CD108F153
:1020D0005A0000B20BF01EFA10FB09F10AEBE130D6
:1020E000401B20800FFA88F002900BF013FA07468D
:1020F00030B280460BF00EFA874201DA029800E017
:1021000040460BF007FA009910FB01F10BEBE130B0
:10211000401B60805A3630B20BF0FCF910FB09F11D
:102120000AEBE1302844A08001982844E08095E73C
:10213000022964D1AEEB050020800FFA88F00BF085
:10214000E9F910FB09F10BEBE130401B608006F16F
:102150005A0000B201900BF0DDF9074608F15A0071
:1021600000B280460BF0D6F9874201DD019800E00D
:1021700040460BF0CFF9009910FB01F10AEBE1307A
:102180002844A08030B269E0032938D106F15A0012
:1021900000B20BF0BFF910FB09F10AEBE130401B74
:1021A00020800398401B608008F15A0000B20BF0B9
:1021B000B1F910FB09F10AEBE1302844A0800FFAD5
:1021C00088F0804601E019E019E00BF0A3F90099CE
:1021D00010FB01F730B206460BF09CF9009910FB9A
:1021E00001F0874201DD404600E030460BF092F9F5
:1021F000009910FB01F00BEBE03096E729B1049851
:1022000020806780A280E38028E708F15A0000B2AE
:1022100003900BF07FF9074606F15A0000B20190D7
:102220000BF078F9874201DA039800E001980BF08F
:1022300071F9009910FB01F10AEBE130401B20809D
:1022400030B20BF067F910FB09F10BEBE130401BEA
:10225000608002982844A0800FFA88F00BF05AF9A9
:1022600010FB09F10BEBE1305FE7000070B516469B
:1022700004463BB1C87A022812D9A569204625B187
:10228000A84704E007A2314606E0F5F7A4F80028C5
:1022900006D104A231462046BDE870400DF0E5BCF1
:1022A00070BD00004E6F0A646174610038B5446906
:1022B000049D002C01D00095A04738BD38B50446D8
:1022C000182104F0DBFF002211461046FFF7A3FAA5
:1022D0000090BDF800000090BDF800002081FF20B4
:1022E000E072401C60800120207538BD70470000FE
:1022F0002DE9FF4FB5B0887E429F1E4692460C46A0
:1023000002287DD9206800287AD03598C069002835
:1023100076D0202221A8EEF7B7F920680390002E8E
:102320006ED0307800286BD03598514682682DA841
:10233000F1F72EFE002863D0207FB0F1000B01D111
:102340004FF0010B607F810707D4BAF80410BAF888
:102350000000081A401C03B20FE0B4F912100091FB
:1023600041F6FF72CDE90120B4F91430314608A8D6
:1023700022680BF093F9BDF920300398B4F91210DC
:102380000025B0F908906A1E01EB09000890BAF820
:102390000000ADF81000BAF80210ADF81210B4F950
:1023A00016000690B4F918000144ADF81210FFB100
:1023B000F0B9BAF9021000291ADAD7F808C0ACEB64
:1023C0000100002801DCA1EB0C0008994FF4806C9F
:1023D00049420CEB4101884200DD3A603868002830
:1023E00006DB0546BDF81210B8880844ADF81200A7
:1023F000617F0020CDE90001B4F91420701900E0DC
:10240000ACE02F930399F3F7D1F800EB050829E02E
:10241000617F0020CDE90001B4F9142006EB08002B
:102420002F9B0399F3F7C2F8454600EB0508BDF86A
:1024300012100898084400B2ADF812007FB110F5F0
:10244000806F0CDB3868002809DA3D60BDF9121096
:10245000BAF90200081A7860BAF90200B860705D33
:1024600000287BD03598BDF9121080684944B0F936
:1024700002008142CCDB5846CDF8C0B0BBF1020F60
:1024800002D0032816D029E0607F0090B4F9143000
:10249000A8EB05017019039A0BF05EF90746504648
:1024A000FEF7A8F9C01BBDF8101000EBD07001EBCF
:1024B000600011E0607F0090B4F91430A8EB0501D2
:1024C0007019039A0BF048F907465046FEF792F947
:1024D000BDF81010C01B0844ADF81000D4E9019BF2
:1024E000D94502D94846D9468346A07F800717D0F0
:1024F0001EA800F0D1F9A089ADF87800039890F9F2
:102500000E0000B90120ADF87A00A07E8DF88000A1
:10251000A07FC1089DF8810061F301008DF8810062
:1025200000200F90FFF715F9319010A800F0F0FE91
:10253000208AADF84400BDF9100032906BE100BF75
:10254000BDF81000069900270844ADF81000701976
:102550000D90A8EB050007970E90BCE05FE100210D
:10256000A9F57F420091FF3A09D0ABF57F42FF3ACF
:1025700005D0AC4A2918304612689047009007AB46
:102580000BAA0CA90D98F2F7F9FF607FC0070AD0DB
:102590000C98232802D0012F13D004E047B1012F5B
:1025A0000AD0022F0BD0E0683190022F4FD050E0BC
:1025B00007980F90012048E00027E06848E00020DD
:1025C00043E0202842D107990F98081A072801D024
:1025D000A08938E00F9A0D98694610445FF0060212
:1025E00010F8013B01F8013B521EF9D100208DF893
:1025F00006009DF80100FCF71EF807469DF8000054
:10260000FCF719F807EB001029909DF80300FCF780
:1026100012F807469DF80200FCF70DF807EB0010D2
:102620002A909DF80500FCF706F807469DF804007F
:10263000FCF701F807EB0010C2B22A98C1B2299842
:10264000C0B2FFF700F92C900220074643E02C9817
:102650003190DDE90B21039802F081FA33904FF6B7
:10266000FF70814522D0834520D0009848451DD376
:1026700058451BD2BDF81010ADF80010BDF812007F
:10268000ADF80200A28A0A443399491E1144ADF8FC
:10269000041008996A46491E0844ADF8060010A9BE
:1026A000359800F021FEE089ADF8C400BDF8C40003
:1026B000ADF8900004AA21A90C9B359800F0DAF837
:1026C0003398002807DDBDF81010A08A0144339824
:1026D0000844ADF810000E99079881423FF63FAFCD
:1026E000A07F800723D53298ADF800002068BDF99F
:1026F0007A1002ABB0F9080001EBD17100EBD07099
:10270000401000EB6100BDF812106A460844BDF8A5
:102710001010ADF80810ADF80200ADF80A00BDF8D1
:10272000C400ADF878001EA9359800F0A8F8A07F85
:10273000C0071FD03298ADF800002068BDF8121015
:1027400002AB028940891144091A03986A4690F93C
:102750000D00081ABDF81010ADF80810ADF8020011
:10276000ADF80A00BDF8C400ADF878001EA9359890
:1027700000F085F8617F0020CDE9000106EB08003C
:10278000B4F9142007462F9B0399F2F70FFF454633
:1027900000EB0508BAF80000ADF8100030980228E8
:1027A00002D0032816D029E0607F0090B4F91430DD
:1027B000A8EB05013846039A0AF0CEFF07465046BB
:1027C000FEF718F8C01BBDF8101000EBD07001EB3D
:1027D000600011E0607F0090B4F91430A8EB0501AF
:1027E0003846039A0AF0B8FF07465046FEF702F84B
:1027F000BDF81010C01B0844ADF81000BDF8121051
:1028000008980844359900B2ADF812008968B1F90A
:102810000610884203DC705D00287FF491AE39B069
:10282000BDE8F08F6C02002038B50446202104F08A
:1028300025FDFF20A076FEF78CFF0090BDF800007C
:10284000A0810B4820604FF6FF706060A060FEF72B
:1028500080FF0090BDF80000E081052008F0E0FB5B
:102860000090BDF8000020820020E07638BD000016
:10287000C495020830B4C469A44630BC604730B483
:102880004C88002C06D00C7A022C03D9046AA4468A
:1028900030BC604730BC704738B504460A2104F0AC
:1028A000EDFC01206080FF202072BDF800100020A8
:1028B00060F3040189B260F34A1189B260F3CF2159
:1028C000ADF8001088B20090BDF800000090BDF88F
:1028D0000000208038BD000010B503460A4A0020E1
:1028E00052F8304024B1401CC0B21028F8D301E0A7
:1028F000102802D34FF0FF3010BD42F8303002EB09
:10290000C002516010BD0000105400202DE9FF4F9F
:1029100081B08B460E9D16461C46B5F90A10B5F9D6
:102920000C00571AB5F9082005F11009ABEB0203AA
:1029300005F13C0AB4285DDAB5F90E20B42A7DDA37
:1029400000287BD0002A79D0904277DDB1425ADC52
:10295000696D79434FEAA12CA96A7F1C79438912DA
:10296000A0F20F15582D01D8002909DB451E592D5D
:1029700001D8002904DB5B38B32802D2002900DD2E
:102980000021A2F20F10582801D8002909DB501E9F
:10299000592801D8002904DB5B3AB32A02D2002966
:1029A00000DD0021ACEB010001EB60000125C71A3E
:1029B000A74200DD2746002F0DDD3BB232465946C7
:1029C000CDF80090019800F091F9050003D1394647
:1029D000019804F053FCA74200DD2746002F00DADF
:1029E0000027CDF800A05DE0B54276D1284605B0BD
:1029F000BDE8F08F68DDB5F90E20B42A64DD9042A1
:102A000062DDB14201DA0120F1E7696D79434FEAF5
:102A1000A12CA96A7F1C79438912A0F20F15582DA9
:102A200001D8002909DB451E592D01D8002904DBF6
:102A30005B38B32804D2002902DD00E044E0002125
:102A4000A2F20F10582801D8002909DB501E59287E
:102A500001D8002904DB5B3AB32A02D2002900DD49
:102A60000021ACEB010001EB60000125C71AA74271
:102A700000DD2746002F0DDD3BB232465946CDF82A
:102A800000A0019800F032F9050003D13946019801
:102A900004F0F4FBA74200DD2746002F00DA0027F0
:102AA000CDF800900BEB070001B20198E41B38440D
:102AB00023B20746324600F019F9060094D12146A8
:102AC000384604F0DBFB8FE70127B846B42805D071
:102AD00038B109DAB14209DC0AE047E0B14210DC62
:102AE00004E0B14202DC0CE0B14201DC032708E063
:102AF000234632465946CDF80090019800F0F6F88A
:102B00000746B5F90E00B42806D060B1B5F90A0041
:102B10000FDAB04204DC0EE0B5F90A00B04206DD7F
:102B20004FF0030803E0B5F90A00B042F8DDBFB189
:102B30000EE0B042F4DD234632465946CDF800A0FF
:102B4000019800F0D3F8804657B1B8F1000F07D0D4
:102B5000032F02D0012F05D008E0B8F1030F05D1F3
:102B6000002044E74046B8F1010FFAD002203EE7CA
:102B70002DE9F8430546884640F26710411C089C41
:102B80001746002B01DA002302E08B4200DB0346EC
:102B9000002C01DA002402E08C4200DB04469C4257
:102BA00003DAC3F5B470204403E0E01A002800DC27
:102BB000181BA5F86800AB81EC81A5F808806F812F
:102BC00015482860012028718B4200D9FEE7B42BFC
:102BD00001D2002000E00120002C01DB8B4200DD4F
:102BE000FEE7B42C05D3A4F1B401B42901D2002628
:102BF00000E0012600903A46414605F1100000F041
:102C0000CBF823463A46414605F13C00009600F0D9
:102C1000C3F8BDE8F88300000D2901082DE9F84349
:102C20001E4617468846814600250C4C0DE0009054
:102C3000D0F800C033463A4641464846E0470028AF
:102C400008D0022800D10125083420680028EED1E0
:102C500015B10220BDE8F8830120FBE710540020E5
:102C600010B50179022906D0052913D18068BDE885
:102C7000104004F0B9B90446406900280AD001693F
:102C8000002904DA406804F0AFF96069EFE74169B0
:102C9000491E416110BD000070B5134D060008D0FB
:102CA0005FF0000455F83410B9B10879022805D056
:102CB00002E02868002800D0012070BD887CB1F9AE
:102CC0001020C007304601F1080102D0F1F7F8F9F1
:102CD00001E0F1F785F90028EED0641CE4B2102C75
:102CE000E0D3002070BD000010540020F8B5069C11
:102CF000A58A266A521B658A12B2491B94F828508D
:102D000009B24FEAC57526B1009485B3FCF706FEFB
:102D1000F8BD85B1207C810727D000F0030101298F
:102D200023D0022901D1511C1FD4C043800728D1D0
:102D3000002A1ADC25E0227C02F00304022C14D0C5
:102D4000D543AD0711D0012C01D100290DDC92072C
:102D500001EB030207D0002A13DB49420FD5002103
:102D6000002B0EDD0FE0002A02DA0120F8BD10E092
:102D70004A4206D49A420ADA991A104405E0994266
:102D800001DB0020F2E7994201DA04F077FA022031
:102D9000ECE7FCF76DFEE9E72DE9FC471C46DDF8A2
:102DA000288016460F468146B42B01DDB43C24B280
:102DB00004F15A0000B20AF0ADFB07EB60152046A3
:102DC0000AF0A8FB06EB601000B2CDE900082BB2B8
:102DD00032463946484600F003F8BDE8FC8700005B
:102DE0002DE9F0470F46DDE9086998461546044687
:102DF0002C2104F043FAB54206D1B9F1030F03D1F7
:102E00006D1E761E2DB236B2B54205DD4046B8467F
:102E1000074630462E46054627816581A4F80C807A
:102E2000E68184F810906782A8EB07004B46A582E4
:102E3000002801DD014601E0A7EB0801721B002A12
:102E400001DD154600E0AD1BA94294F8281002DD13
:102E500041F0010101E021F0010184F82810002572
:102E6000E561244E2660A5612571CE074FF48015DB
:102E70000DD020B195FBF0F65643B612E66122B1B3
:102E800095FBF2F242439012A061E0690CE022B19E
:102E900095FBF2F64643B612A66120B195FBF0F021
:102EA00050438012E061A0692062980709D003F0C6
:102EB0000300012808D0022813D0D843800714D07B
:102EC00006E021F0020001E041F0020084F8280051
:102ED000216A88106062002901DA40426062BDE820
:102EE000F087206A0028EFDCEBE7206A0028EBDDA2
:102EF000E7E70000ED2C01082DE9FE4F8046DDF8E4
:102F000030900E461C4699F81200174600F0010A50
:102F1000B9F91050684609F10801FDF70FFCBDF939
:102F20000200BAF1000F2FD0B84250DCBDF9060004
:102F3000B8424CDBBDF900004119B14205DCBDF9D6
:102F400004203119521B914209DDBDF902104A19C2
:102F5000BA4240DCBDF90620521BBA423BDBBAF153
:102F6000000F18D0801B00D50020A04231DCBDF935
:102F70000410891B091A491C4218A24200DD211ABB
:102F8000002926DB4044EFE0B84213DCBDF906001F
:102F9000B8420FDBCEE7871BA7420BDC002F03DB19
:102FA0003946404604F06AF9BDF90400851B6D1CE2
:102FB000002D02DC0020BDE8FE8FA54204DA611B73
:102FC00008EB050004F05AF91FB9A54201D1012010
:102FD000F1E70220EFE7BDF80430821B181A401C0D
:102FE0000FFA80FCBDF80600401A401C03B2781AA4
:102FF00000B2A84202DA281A401E01E0591B401A0A
:10300000D9F8141000B20223CF6803EB4003FB5A37
:1030100037F810609B1B1EB28B68496833F810307C
:1030200037F810004FF0000700EB010B02EB0C002B
:10303000401B18440FFA80F95019C01A401E05B2FF
:10304000BAF1000F22D06BE0F11B01EB0B0010F87E
:10305000010C029009EB07005FEA000A08D4A245C0
:1030600006DA18F80A1002980AF080FF08F80A0039
:10307000B5EB070A08D4A24506DA18F80A10029838
:103080000AF074FF08F80A007F1C3FB2B742DBDB8E
:1030900009EB0700A04201DA014600E021460029C1
:1030A00001DA002002E0A04200DB204600B2211A33
:1030B000404404F0E3F8A81B411CA14201DA0A468F
:1030C00000E02246002A01DA002402E0A14200DAF0
:1030D0000C4621B2404647E0F11B01EB0B0010F813
:1030E000010CC0F1FF00029009EB07005FEA000A43
:1030F00008D4A24506DA18F80A1002980AF036FF3A
:1031000008F80A00B5EB070A08D4A24506DA18F851
:103110000A1002980AF02AFF08F80A007F1C3FB242
:10312000B742D9DB681CA04201DA691C00E02146E5
:10313000002901DA002504E0A04201DA6D1C00E05C
:1031400025462AB2A9EB0200A11A884201DA0346F9
:1031500000E00B46002B01DA002002E0884200DB91
:10316000084601B208EB020004F088F831E70000DD
:103170002DE9F0411546064688880A881C46801AC3
:10318000401C02B2C8884B88C01A401C00B2824260
:1031900000DA1046B5EB600F00DD4510002D00DAB7
:1031A000002506F10800FDF7C9FA3582B4743848E5
:1031B0003060022030710023C5B1364800214FF441
:1031C0007A7200BFC1EBC10400EB8404B4F918406B
:1031D000AC421BD1C1EBC10100EB81004169491C2C
:1031E00041610169102D04DA012303E07361BDE838
:1031F000F0812B110B44934205DA102D01DA0122E4
:1032000000E02A110A4402617061F0E7491C0429B8
:10321000D8D300244FEA0401C1EBC10700EB8707B4
:10322000D7F814C0BCF1000F07D12CB1D7F810C0EB
:10323000D4F810E0F44500DA3C46491C0429EBD3ED
:103240003CB16069401CC4E90430102D0EDA012045
:103250000DE01C2003F03EFE040006D01C2104F00B
:103260000DF84FF0FF3020610BE0FEE72811184405
:10327000904205DA102D01DA012000E028111A1819
:103280002261204629467461BDE8F041F3F752BE41
:10329000F92E0108A0530020F0B50025094E07467D
:1032A0002C4600BF06EBC4004068B84204D156F873
:1032B0003450204600F008F8641CE4B2102CF1D31E
:1032C0002846F0BD105400200021421C08D0054AB9
:1032D000002352F8301042F8303002EBC000436057
:1032E000084670471054002030B4D38854881B1B04
:1032F0005B1C1BB2012B09DB938814881B1B5B1C16
:103300001BB2012B02DBC36830BC184730BC7047CE
:1033100038B50446382103F0B1FFFEF7B0FB00904A
:10332000BDF8000024F8040FFEF7A9FB0090BDF8DB
:1033300000006080FEF717FA0090BDF80000E08002
:10334000FF2525720220A072FEF70DFA0090BDF84D
:1033500000006083FEF707FA0090BDF800002085AA
:103360000748206104F8015CA57584F82650A5770C
:1033700084F83250E07F20F03E001E30E07738BD08
:10338000C49502082DE9F04FCBB08346DDE95465C2
:10339000087B984614460F4602287DD9B7F90200EB
:1033A000002879D0AE4277D01AB281469246404585
:1033B00000DD914606A8FFF7ABFF787B00F0030025
:1033C0008DF81A00B86840B100208DF81B00B8686D
:1033D0000A90387B8DF8320005E0387B8DF81B00B1
:1033E0003888ADF81C002188A1EB0800ADF810006A
:1033F0006288A8F10101A2EB0802ADF8122023882F
:103400000B44ADF81430B4F802C0ADF804006144C8
:10341000ADF80830ADF81610ADF80620ADF80A107A
:10342000B7F802C06044ADF80400B7F802C06244C7
:1034300012B2ADF80620B7F802C0A3EB0C03ADF84A
:103440000830B7F802C0181AA1EB0C01401C09B2F1
:103450004FF0FF3C00B2ADF80A10CDF814C10028BF
:1034600010DD881A401C00B200280BDD012347F64E
:10347000FF7201A932A8FFF77BFE002132A8FFF7F7
:103480002BFA4590002347F6FF7204A938A8FFF7EE
:103490006FFE002138A800E024E0FFF71DFA4890F5
:1034A00006F5B470A84205D005F5B4714FF4B470B8
:1034B0008E421ED147F6FF70ADF8180004AA06A987
:1034C0005846FFF711FF4898FFF7FEFE4598401C4D
:1034D00002D04598FFF7F8FE38A8FFF7C1FB32A8E5
:1034E000FFF7BEFB4BB0BDE8F08F00BFA6F5B4768A
:1034F000B6B28642FAD202E0A5F5B475ADB2854205
:10350000FAD228B246900090B4F90220B4F9001023
:1035100033B214A84793FFF72BFB002114A8FFF741
:10352000DBF92F90B54203D9A81BC0F5B47000E0B9
:10353000701BDBF8081000913C282ADDB8F10A0F57
:1035400027D95A20B6FBF0F1B5FBF0F000F00300EC
:10355000ADF8040106A8ADF8FCA0ADF8005101F0EB
:10356000030142903E94ADF8FE60ADF80211ADF853
:10357000069104A8CDE9430B3EA8F7F771FC3EA8DD
:10358000F7F736FD3EA8F7F702FE3EA8F7F7EDFE87
:1035900004E004AA06A95846FFF7A6FE14A8FFF700
:1035A0005FFB38A8FFF75CFB32A8FFF759FB2F98A9
:1035B000FFF78AFE4898FFF787FE4598401C02D027
:1035C0004598FFF781FE787B40078BD509F0FF0215
:1035D0002FAB51464798FAF79FFDBDF8BC002188F4
:1035E0002FAA0844ADF8BC00BDF8C00021880844EB
:1035F000ADF8C000BDF8BE0061880844ADF8BE005B
:10360000BDF8C20061880844ADF8C20048A800991E
:10361000F0F7BEFC48ADC0B1002347F6FF722FA9FA
:103620003EA8FFF7A5FD00213EA8FFF755F9064685
:10363000584604AA06A9CBF80850FFF755FE3046B5
:10364000FFF742FE3EA8FFF70BFB09F0FF022FAB8E
:1036500051464698FAF760FDBDF8BC0021882FAAB4
:103660000844ADF8BC00BDF8C00021880844ADF89E
:10367000C000BDF8BE0061880844ADF8BE00BDF8CA
:10368000C20061880844ADF8C20048A80099F0F76C
:103690007FFCC0B1002347F6FF722FA93EA8FFF7B9
:1036A00067FD00213EA8FFF717F90446584604AA13
:1036B00006A9CBF80850FFF717FE2046FFF704FED7
:1036C0003EA8FFF7CDFA0098CBF808000AE770B5DE
:1036D00014460D460646F4F741F822462946304680
:1036E000BDE87040F4F70FBA7CB50446087E0D467D
:1036F00002280ED9A26868462968F0F749FC00281C
:1037000007D0E16A09B120468847626B2946204606
:1037100090477CBD2DE9F04FCD6889B00C468046BE
:1037200015B1207C002879D0207C012800D100250B
:10373000D8F8040081880088081A401C00B207905D
:10374000D8F8082005A82168F0F722FC002865D0E9
:10375000F1F7D8FE83460068D8F800A0C06980B9A8
:10376000D8F80400BDF91410B0F90020B0F9020037
:10377000891ABDF91620121A079800FB02110AEBEC
:10378000410AD4F804905FEA090013D020688288C7
:10379000B0F90010B0F90200521A521C17B2BDF96C
:1037A0001420511ABDF91620101A07FB001109EB5D
:1037B000410900E0002795B160698288B0F90010E6
:1037C000B0F90200521A521C16B2BDF91420891A1F
:1037D000BDF916202944801A06FB001500E00026DA
:1037E000D8F804004188008849420AB2404201B238
:1037F00005A8FDF724F8DBF80000C0690028606820
:1038000018D00028207E0CD001A9009781E8610023
:103810004B4605A95046079A0AF028FB09B0BDE8B7
:10382000F08F8DE86100A36805A95046079AF9F763
:103830004DFAF3E70028607E0DD018B3217E009783
:10384000CDE90360CDE901154B4605A95046079A1D
:103850000AF008F9E2E758B1217ECDE90260CDE92E
:103860000015A36805A95046079AF8F7E5FFD5E7C4
:10387000207E05A98DE86100A3685046079AF9F7F4
:1038800081F8CBE7207E01A9009781E861004B46D3
:1038900005A95046079A0AF067F9BFE72DE9FF4FDF
:1038A000B7B00C463798994616468068DDF810A1E7
:1038B0000188ADF814104188ADF816108188ADF874
:1038C0001810C088ADF81A0005A8FFF7E5F91F9099
:1038D0001C2122A803F0D2FCE07A8DF8A000207B06
:1038E00000F00F008DF8A1001F9840B9208830B972
:1038F0006088B0F5807F02D1BAF1040F03D0BAF12D
:10390000050F35D001E0A07A48B30227B18830888E
:103910000025081A401C00B21D904FF4FC60ADF861
:1039200000003390BDF81A10BDF81600BDF8142041
:10393000091A491C09B22991BDF81810ADF80820E0
:10394000ADF80C10ADF80A00ADF80E0002A88B1A05
:1039500022905B1C20880FFA83F878B90AE0CDE941
:10396000226922A93798FFF7BFFE3BB0BDE8F08F70
:103970000327CBE76088B0F5807F01D0012000E00D
:1039800000202E901F99014304D1BAF1050F01D1F7
:10399000A07A60B1F1F7B6FDFEF79CF9834605A861
:1039A000FCF714FF5946584575D9084676E0F1F7FB
:1039B000A9FDFEF78FF9044605A8FCF707FF21468D
:1039C000A04201D9084602E005A8FCF7FFFE8246A6
:1039D000400003F0ABFA8346504603F0A7FA0446D2
:1039E000259002A827900220CDF88CB08DF8980081
:1039F000BDF91620B6F90210511A1D9A514301FB68
:103A00000790BDF91410B6F90020891A01FB0709C7
:103A100000262AE0484600210BE0827862552AB150
:103A20000378427803EB02232BF81530491C384405
:103A30006D1C4145F1DB1D9810FB079905EB080152
:103A4000514505D8BDF80E00401CADF80E000BE046
:103A500022A93798FFF748FEBDF80E00401CADF8CC
:103A60000A00ADF80E000025761C29988642D1DBAD
:103A7000BDF90A10BDF90E00814206D0401EADF816
:103A80000E0022A93798FFF72FFE204603F09AFA7E
:103A9000584673E1FFE705A8FCF798FE2190400027
:103AA00003F044FA2D90219803F040FA01902590FC
:103AB00002A8279002208DF898002D9823900020CE
:103AC00004904C210AA803F0D9FB2E9820B320883B
:103AD000ADF834006088ADF836001D98CDF8289018
:103AE000ADF82C00F18870888DF83AA0081A401CB7
:103AF000ADF82E00A088ADF83000E088ADF83200B7
:103B00002089ADF83800207D00F001008DF83B00E1
:103B10000AA8F0F793FF10E0BDF91620B6F90200ED
:103B2000B6F90010101A1D9A5043BDF9142000FB7D
:103B30000790511A01FB07000490002020902B9061
:103B4000A07AC0F1FF013491B0B121898AB2D10AC3
:103B500011FB00F3209963F30F01C2F3451313FB2C
:103B600000F363F31F41209102F01F0111FB00F1EC
:103B70002B9861F30F002B90BAF1040F05D1208828
:103B800018B96088B0F5807F01D0022000E00120E4
:103B90008DF898001F9818B12199019803F09CFBAB
:103BA000BDF90A10B6F90200081A30900020CEE0E4
:103BB000DDF810B03195BDF90800B6F900104FF0EE
:103BC0000009401A329073E02E98B0B108993098ED
:103BD0000844329902B201EB090001B20AA8F0F7D9
:103BE00041FD30B101989DF83E104155BDF83C00B3
:103BF00022E001980021415556E0BAF1050F0ED0A0
:103C00000198FF2100F805109BF800109BF80100B7
:103C1000BAF1060F01EB002080B206D00CE001994A
:103C20009BF802004855E0B3EEE73399884203D190
:103C300001990020485537E0A17A81B32099349A40
:103C400089B2C30A13FB0211803101EBC11303EBEC
:103C5000C131C1F3C453BDF8D410C0F3451C63F3A4
:103C6000CF21209B1B0C1CFB0233803303EBC31CB6
:103C70000CEBC333C3F3C55363F34A112B9B00F022
:103C80001F0010FB0230803000EBC01202EBC0308E
:103C9000C0F3C45060F30401ADF8D41088B22D997C
:103CA00000E001E021F8150009F10109BB446D1C99
:103CB000C14589DB1F98C0B1BDF816100898019B5B
:103CC000084402B23198BDF90810184481464346B1
:103CD000FEF7A4FF10B1022804D006E04846414692
:103CE00003F0CCFA02208DF898001D99049811FB7E
:103CF00007000490219805EB0801814205D2BDF828
:103D00000E00401CADF80E001FE022A93798FFF707
:103D1000EBFCBDF80E000025401CADF80A00ADF824
:103D20000E00BAF1040F05D1208818B96088B0F5EB
:103D3000807F01D0022000E001208DF898001F98BC
:103D400018B12199019803F0C7FA0898401C014660
:103D5000089029988142FFF62BAFBDF90A10BDF9F2
:103D60000E00814206D0401EADF80E0022A9379801
:103D7000FFF7BAFC019803F025F92D9803F022F91A
:103D8000F3E5000010B50C463821204603F076FA22
:103D9000094820610948E0600948A0620948E061DB
:103DA0000948606109482062094860620948E06288
:103DB0000948606310BD000085330108A542010871
:103DC000CF360108DD3D01089D380108813E01081C
:103DD00025400108DD42010815370108F0B51F46EE
:103DE000064687B014460D46086800233A4602A9E5
:103DF00000F045FE002841D0BDF81020002A3DD03B
:103E0000BDF80E10002939D02088BDF812301844B2
:103E100000B2ADF804002B686488B3F808C05B8971
:103E2000ACEB03032344BDF814409B1A1B1B1BB2CD
:103E3000ADF806304418B168B1F900C064451DDB27
:103E4000B1F90440A04219DC9818B1F9022090425F
:103E500014DBB1F90600834210DC3946029800F009
:103E60000AFE00280AD00299097B890706D1009032
:103E700002AB01AA29463046F5F74EF907B0F0BD6E
:103E80002DE9F0470E46B1F9021096B01C461546D2
:103E9000814600297ED0307A02287BD9B5F900000E
:103EA000B4F90020904205D1B5F90230B4F902709E
:103EB000BB426FD0904200DB104601EBD171A0EB0A
:103EC0006100ADF84400B5F90010B4F90000B6F98E
:103ED0000220814200DD084602EBD27100EB610056
:103EE000ADF84800B5F90210B4F90200B6F90220A5
:103EF000814200DA084602EBD271A0EB6100ADF816
:103F00004600B5F90210B4F90200B6F90220814268
:103F100000DD084602EBD27100EB6100ADF84A000B
:103F200011A90846D9F80820F0F732F8002875D012
:103F300011A9D9F808A0C9F80810B5F90200B4F918
:103F40000210884206D123462A4631464846F5F7F4
:103F500043FA0EE0B5F90000B4F900102346884298
:103F60002A463146484602D1F5F79EFC01E0F5F7B6
:103F7000EDFA707A010701D440074DD502A8FFF78A
:103F8000C7F93088ADF80C0047F6FF70ADF80800AF
:103F9000307A00E042E08DF80B00B6F902004710DD
:103FA00040F3000000F10108707A400718D5288816
:103FB0006A46C01BADF800006888C01BADF802005F
:103FC0002888C119A1EB0800ADF804006888C11960
:103FD000A1EB0800ADF8060002A94846FFF784F9F6
:103FE000707A000718D520886A46C01BADF800001B
:103FF0006088C01BADF802002088C119A1EB080041
:10400000ADF804006088C119A1EB0800ADF8060006
:1040100002A94846FFF768F9C9F808A016B0BDE83C
:10402000F08700002DE9FF4F8BB01E461746032B8B
:104030007ED3002F7CD0B00002F078FF05007BD04B
:104040000024386828602046721E15E007EB8001C6
:1040500037F92030B1F904C0634505D1B1F9023018
:10406000B1F906C0634505D005EB84030968641CFB
:104070001960A4B2401C80B29042E7DB07EB8600D7
:10408000B7F9001030F9042C914205D1B7F90210AC
:1040900030F9022C914206D005EB840150F8040C53
:1040A000641C0860A4B2032C43D37D49D1E900010C
:1040B000CDE90201002027E0BDF9082035F92010E4
:1040C0008A4200DA1146ADF8081005EB8002BDF90E
:1040D0000A10B2F90230994200DB1946ADF80A1015
:1040E000BDF90C3035F920108B4200DD1946ADF8D2
:1040F0000C10BDF90E30B2F902108B4200DD1946EA
:10410000401CADF80E1080B2A042D5D30B9802A986
:10411000826805A8EFF73CFF58B10B9805A9002667
:10412000806809900B988160B5F90210012011E0B8
:1041300002E0284602F046FF0FB0BDE8F08F00BF56
:1041400005EB8002B2F902208A4201DA114606B27A
:10415000401C80B2A042F3D32C2104FB01F002F0FA
:10416000E5FE8346B2460490D1464FF00008701E2B
:1041700000D52044621E09F101010892914200DD40
:10418000002135F8262035F8203035F8217005EB70
:1041900080009B1ABF1A428805EB860005EB81015F
:1041A00040884988121A081A0021079112FB07F16A
:1041B00010FB03F0814267DA0120079001E00798C5
:1041C000F0B308980AF10106864200DD0026B9F135
:1041D000010700D5274405EB860005EB8A01B0F9FD
:1041E0000200B1F90220904216DB12D035F92630D8
:1041F00035F92A108B420CD04FF0010CCDE9000CA0
:104200005846FEF7EDFD58460499FEF765FB0BF1A5
:104210002C0B08F10108B246A04523D005EB87001E
:1042200005EB8901B0F90200B1F90220904217DBD9
:1042300013D035F9273035F929108B420DD000E025
:1042400022E00026CDE900065846FEF7C9FD584693
:104250000499FEF741FB0BF12C0B08F10108B9465C
:10426000A045ACD3DDE90B0102AAFFF73DF80498A5
:10427000FFF712F8049802F0A5FE284602F0A2FE0D
:104280000B990998886057E7BAF1010600D52644D2
:10429000089809F1010787429DDD00279BE7000090
:1042A000D49A020870B514460D460646F7F77EF913
:1042B000224629463046F3F751FA2246294630462F
:1042C000F3F721FC224629463046F3F7FEFC22464E
:1042D00029463046BDE87040F6F7A8BC704710B5D7
:1042E0000446012103F0EAFC4FF6FF7060870121CC
:1042F000606A03F0E5F820460022BDE81040202166
:1043000000F052BB70B500200C46486216A1C4E90B
:104310000B10A06294F83C1041F0300184F83C107E
:10432000E08620874FF6FF716187A08694F83C00F5
:104330004FF4806120F00F00083084F83C002046E4
:1043400003F0BEF809A1204600F090FA204604F0E0
:10435000B9F901460C4803F0CFFB054603F03AFCDF
:1043600065626C6270BD0000EF81B8004F707469C7
:104370006F6E20310A4F7074696F6E20320A4F7071
:1043800074696F6E203300006C96020810B5014608
:10439000034803F0B1FB044603F01CFC204610BDAB
:1043A0005096020870B5486A0C46002510B103F01B
:1043B000E9FC656294F83C00C00603D4206B02F06F
:1043C00013FE256370BD000070B50E463F4804F033
:1043D0004EF8012843D1304600F0A3FA0546304696
:1043E00000F0DDFA04460E2D14D00F2D21D0102D33
:1043F0001FD0082D21D02A2D23D0292D21D02C2DBE
:1044000023D00D2D2CD0152D29D13046BDE870407C
:10441000F5F700BD04F00CF900F0E8FE054601F0E8
:1044200095FC01F0D4FC042819D17DBB218F2046D6
:10443000E186BDE87040FFF752BFBDE87040F1F77C
:10444000F4BFBDE8704006F079B8304600F0A5FA38
:1044500005460021204605F08EF80089688070BD71
:10446000304600F09AFA0078132810D012280ED0A7
:10447000142817D0112815D01B28D7D00A28EED120
:1044800001F074FCA042EAD02046D6E719E02046AD
:1044900000F050F8A8B1E08EA18E401C8842DED218
:1044A000214608E0204600F045F850B1E08E002893
:1044B000D5D02146401EE086BDE8704008460AF08F
:1044C00072B82046BDE8704000F090B850960208DF
:1044D000C08E70472DE9F04104460025006B9046E0
:1044E0000E462F4620B1ECF76BF80246002008E09C
:1044F0000F70BDE8F081216B095C0A2900D16D1CA9
:10450000401C904202D2218FA942F4D10021A8F18F
:10451000010507E0B8F1000F01D0A94208D2735499
:10452000401C491C904203D2236B1B5C0A2BF1D127
:104530007754DEE710B5406A012105F0D4F880F029
:10454000010010BDF8B50F46084600F0EAF905462F
:10455000182805D03946244803F089FF01283AD1AC
:10456000384600F01CFA446A0646082D0ED0012D8C
:1045700017D0092D30D0182D2DD13846F5F743FA34
:104580003946BDE8F840184803F071BF01F0DEFB82
:1045900001F011FC00281ED13046BDE8F840FBF7C1
:1045A00054BB01F0D3FB050015D001F010FC01282D
:1045B00004D0284601F00BFC03280CD1694628469C
:1045C00001F0DAFBBDF902102046F9F7D3FA608753
:1045D000304605F056FBF8BD4FF6FF706087304659
:1045E000BDE8F84005F04DBB6C9602082DE9F84394
:1045F0000446012102F097FF204604F063F80146CB
:10460000606A06F08CFA4FF0FF31606A05F0A8FC92
:104610000121606A03F018FB00221F21204600F0F0
:10462000C3F92046F9F7A9FB8046216B02F009FC8B
:1046300042F2D171606A06F05DFC404606F0A4FCCF
:10464000606A05F023F80546204605F01FF885420C
:104650000EDC94F83C0000F00F00042801D008287C
:1046600006D1204605F012F80146606A06F042FCC9
:10467000404603F0E2FF07460021606A04F024FD93
:1046800005460021606A04F0BAFE4619002141F691
:104690001102606A04F0D6FE2844B919084407B232
:1046A00094F83C003D4600F00F06082E02D0042E80
:1046B0001ED034E0FDF7F6FAFDF76EFBB4F91A10E0
:1046C000294488422BDAFDF7EDFAFDF765FBB4F9D2
:1046D0001A10411AB4F91600814201DA042605E0E5
:1046E000FDF7E0FAFDF758FB618B401A401E15E01C
:1046F000B4F91600401B12D5FDF7D4FAFDF74CFBB8
:10470000B4F91A10B4F91650411AA94207DD082667
:10471000FDF7C8FAFDF740FB618B401A05B2BD42B8
:1047200000DD3D462946606A06F0CEF9204609F0D4
:104730003AFF0020082E06D0042E09D0012E0CD0FE
:10474000022E0FD015E0009000230D22606A0DE0CC
:10475000009000230A22606A08E0009000231022E3
:10476000606A03E000900023606A1322214602F091
:1047700045FF606A06F008FC94F83C0000F00F006A
:10478000012801D0022818D1606A04F085FF06468E
:10479000606A04F09DFF0546FDF784FAFDF7FCFA18
:1047A000A8420ADCFDF77EFAFDF7F6FA281A301A5D
:1047B000401E01B2606A06F0CBFB00214046226B2E
:1047C00003F07EF9022808D04FF0000303281A46B0
:1047D00001D0012104E0032102E000231A4609214F
:1047E00001B04046BDE8F04302F0FABE2DE9F041C9
:1047F0000E00044603D00025A586284606E0FEE705
:104800000A2902D1A18E491CA186401C315C0029D5
:10481000F6D1A08E401CA086E58625873046EBF7B2
:10482000CFFE471C206B30B194F83C10C90602D46F
:1048300002F0DAFB2563384602F04CFB206390B1AE
:104840003146EBF799FE94F83C0020F01001204629
:1048500084F83C1005F015FA606A002804D0BDE821
:10486000F04105F00EBAFEE7BDE8F08170B50E002C
:10487000044603D00025A586294606E0FEE70A285F
:1048800002D1A08E401CA086491C705C0028F6D185
:10489000A08E401CA086E586258794F83C00C006C3
:1048A00004D4206B10B102F09FFB256394F83C0008
:1048B00040F0100184F83C102046266305F0E1F931
:1048C000606A002803D0BDE8704005F0DAB970BD19
:1048D000C28E8A4207D0828E8A4200D8511EC1867B
:1048E000018705F0CEB9704710B50C464FF48061D2
:1048F000204603F0A9F90421204603F0A5F94FF45E
:104900000031204602F0DCFD0121204602F0D8FDF6
:104910002046BDE8104001F0C5BB486A0021416255
:104920007047007A20F08000704740687047017A35
:1049300015290BD0142909D0162907D0182905D01C
:10494000172903D0192901D000207047006970474A
:10495000017A01291FD002291DD003291BD0042967
:1049600019D0052917D0062915D0072913D00829F1
:1049700011D009290FD00A290DD00B290BD00C29F1
:1049800009D00D2907D00E2905D00F2903D01029F1
:1049900001D00020704700697047006970470068C7
:1049A0007047C0687047000010B588B0C0B1009073
:1049B00001908DF808100020CDE903029DF8180041
:1049C000084C20F007008DF8180060680590C4F8C6
:1049D00004D06846F7F7A0FE0599616008B010BDE5
:1049E0000120FBE72C010020027A132A06D100697E
:1049F000B0F900208A4200DD11460180704710B5F1
:104A000000F004F8BDE8104000F01EBB10B5002116
:104A10000B4802F031FA0B4CE06007F089FB208074
:104A200007F086FB40F48050608007F081FB40F483
:104A30008050A08007F07CFB40F48050E08010BDE7
:104A4000D1D300087402002010B5092900D120211B
:104A50000469F8F7FFFF002806D0616801EBC00089
:104A6000618A890B01D0002010BD00682168C0F365
:104A70001300084410BD08B142681047FEE72DE955
:104A8000F0411E4617460D4688B18DB100210446FF
:104A90002960D4F800C033463A4629462046E0470C
:104AA00038B1A97BC90604D42C60BDE8F081FEE7CB
:104AB000FEE76469002CECD1F7E700002DE9F04730
:104AC00000269A460C468146092A01D12022012659
:104AD0001146D9F81050F8F7BDFF071E3DD0E86821
:104AE0004FF0000850B151464846F8F7B3FF0200B6
:104AF00004D039464846F9F789F880466868298A1B
:104B000000EBC70001FB08F10A110168090D002E36
:104B100002D000BF4FEA4101114401F108014FEA00
:104B20001111A180417921810179E18090F906205C
:104B3000628190F90700A081688A4FEA5022A07B29
:104B400062F3030020F01000A07304D04FF6FF7052
:104B500000EA4100E0804FF00100BDE8F0871FB59A
:104B600050B113460A466946FFF789FF002801D075
:104B7000BDF8040004B010BDFEE770B504464068FF
:104B8000B0B1C268B2B121689047054660684088FC
:104B900040B1A06830B1C06808B102F025FAA06841
:104BA00002F022FA002020606060A060284670BDFC
:104BB0000B2070BD092070BD10B504460748F0F702
:104BC00038FA08E008680078A04201D1086810BDF2
:104BD0000248F0F740FA0100F4D110BDB8520020AD
:104BE00010B50446EBF7ECFC40B1215C2E2907D050
:104BF0002F2903D05C2901D0401EF6D102A010BDA0
:104C00002044401C10BD00000000000010F8011FEF
:104C10003A2900D1401C70472DE9F04117460E009B
:104C2000054624D03078FFF7C7FF040021D0616823
:104C300009B18847F8B1A068F8B13046FFF7E6FF40
:104C40000146A3683A4620469847C0B1411C16D099
:104C5000C5E90004608838B1102002F03BF9A86073
:104C600078B1102102F00AFB0020BDE8F0810B2092
:104C7000FBE70320F9E70120F7E70920F5E70C201F
:104C8000F3E7FEE77CB51C004FF0000500D025607F
:104C9000436853B11B6953B1019545686B88002B7C
:104CA00001AB06D000F012F80BE00B207CBD092010
:104CB0007CBD0093006813460A4601462E692846CB
:104CC000B047002CF4D0019921607CBD2DE9FC5F38
:104CD0000446806815468B4690E84600D0F80C8064
:104CE000606800279A46B0F80290B14237D89642E1
:104CF00035D2701A80B2A9EB00018EB2B54208EB32
:104D0000000104D82A46584602F0DAF955E0324646
:104D1000584602F0D5F94D4508D9CDF800A0D4E9A0
:104D20000010AB1B0BEB0602066920E0002001908F
:104D300001A80090D4E900104B4607694246B847E5
:104D4000A16807464868401C0860A168019A1044A1
:104D50004860A81B82B20BEB0600414628E04D4597
:104D600008D9CDF800A0066921682B465A46B047FD
:104D700007461FE0B8F1000F06D1484602F0AAF836
:104D8000A168C860C0B180460020019001A80090D1
:104D9000D4E900104B4607694246B8470746A06869
:104DA0002A460660A0680199314441604146584650
:104DB000EBF725FC0FB106E0FEE7CAF80050A0684B
:104DC0008168294481603846BDE8FC9FF8B5456894
:104DD0000446E5B1AE69E6B16B880020C3B3D2B139
:104DE000012A21D0022A11D1134620680A46014621
:104DF0002846B047002809D1D4E900106A46C369A3
:104E00009847002802D1A26800999160F8BD0B2054
:104E1000F8BD0920F8BDA2689160A3680A461D6824
:104E2000A9420CD3596808E0A3689A680A449A60BA
:104E3000A1680B689A4202D349688A42EAD9D4E948
:104E400000100023846901B0A446BDE8F04060472B
:104E5000FFE7134620680A46014601B02846B446DB
:104E6000BDE8F0406047F0B58646807889B01546C9
:104E70000C4610FB04F00012824203DCBEF8000076
:104E800009B0F0BD9EF808700EEB870212F8023CE4
:104E900013FB04F31B129D4202DB32F8040CEFE714
:104EA0000022012326E00EEB830C9CF802C01CFBC1
:104EB00004FC4FEA2C2C65451ADC0EEB830737F80F
:104EC000040DADF800000098FCF7B6FD0646B88862
:104ED000ADF800000098FCF7AFFD0146B87810FB74
:104EE00004F0BA79001212FB04F2C0EB222203E0B4
:104EF0005B1CDBB29F42D6D8281A00B2C0EB002060
:104F000090FBF2F0C0B2C0F1FF02CBB213FB00F392
:104F1000F4B214FB023303EBC31404EBC3339C0E53
:104F2000BDF8143064F30403C1F3072414FB00F448
:104F3000C6F3072515FB024404EBC41505EBC43486
:104F4000640E64F34A13C1F3074111FB00F0C6F38A
:104F5000074111FB020000EBC01101EBC030800ED5
:104F600060F3CF23ADF8143098B289E74168002987
:104F700001DA02F039B87047FEB50546407A1646A8
:104F80000C4640072FD0224F387820B9002000F07F
:104F900043F801203870687A00F00700022818D022
:104FA0004FEA060080EA640068400190002000900B
:104FB0006A4601A91748FAF7F7FB01280BD03246D9
:104FC00021462846F0F79EFF009000280BD00024D1
:104FD00018E02046E6E700980422416802EBB17130
:104FE0004FEAB1014160FEBD22462846FFF73BFF74
:104FF00002900098BDF80810806800EB4400641C23
:10500000018024B20098B0F90E10A142ECDCFEBD84
:10501000A00200208DCD000870B5094D0446286817
:1050200001F0E2FF204601F055FF2860054DA86021
:1050300020B1214602F022F96C6070BDFEE700004D
:1050400034020020A002002010B500211B4801F00E
:1050500013FF1B4C606107F06BF840F48050208018
:1050600007F066F840F48050A08007F061F840F443
:105070008050608007F05CF840F48050E08007F0DA
:1050800057F840F48050208207F052F840F48050E6
:10509000E08107F04DF840F48050608107F048F857
:1050A00040F48050208107F043F840F48050A08104
:1050B00007F03EF840F48050608210BD5DE50008C6
:1050C0008402002070B50C4606002FD0EFF7B1FF28
:1050D00005E00868A04229D03046EFF7BCFF010088
:1050E000F7D1204603F0A4FA40B1A168896829B13C
:1050F000C9680968A14201D100F087F8A06810B919
:10510000204602F0E7FBA06886603046EFF7D4FF48
:1051100005000AD030462C60EFF78BFFA84205D17E
:105120003046BDE8704000F070B8FEE770BD00008A
:10513000014A0249F8F7B6BA575000083350000840
:1051400070B5060043D003F073FA04003FD0207E10
:10515000C0073CD10021204600F0C3F82046EFF7FD
:1051600068FF32E02868B0422BD1E06888B100685F
:10517000B0420ED02046F8F721FD0246E0680F212C
:105180000068FFF711FC012821D1E068006804F0F5
:1051900078FDE560002D1AD0216909B120468847C5
:1051A0002046F8F70BFD0246E0680E210068FFF785
:1051B000FBFB01280BD1E0680068BDE8704004F0FB
:1051C00060BD29462046EFF746FF0500CAD170BDF5
:1051D000014A0249F8F766BA5F50000865500008B6
:1051E000014800687047000034010020002802D008
:1051F000007EC0F340007047002803D0C06800283C
:1052000000D000687047EFF718BF70B50446007E05
:10521000C0F3C00540F0080020764007204602D4C5
:10522000FFF786FF01E0FFF7D3FF207E65F3C300A1
:10523000207670BD2DE9F041064603F0F9F904002F
:105240003DD0E068002740B30068B04220D1207E06
:10525000C10702D020F0010020762046EFF7E9FEDA
:10526000E16888420FD12046EFF7FCFEE1688842F2
:1052700009D12046F8F7A2FC0246E0680F21006839
:10528000FFF792FB02E02046FFF7BFFFE06820B186
:10529000E0680068B04200D1E7602046EFF7C9FE41
:1052A00011E028682946B04220460AD1EFF72BFFCB
:1052B000284601F099FEB068002800D08760BDE85C
:1052C000F081EFF7C8FE0500EBD1F8E713B5FFF763
:1052D00093FF20B101AA0D21FFF766FB1CBD012041
:1052E0001CBD70B504001CD0207EC0F340028A4271
:1052F00017D061F3410020762046FFF77DFF0500BF
:105300000FD02046F8F75AFC0246E0680E210068EC
:10531000FFF74AFB012804D12846BDE8704004F09D
:10532000B0BC70BDFFB58368006800F01F04052C99
:1053300008D00B2C10D00C2C23D00D2C32D00E2CDE
:1053400047D01CE0C0F38A2010FB021000EB4000A5
:105350001844807804B0F0BD01F00704C0F38A203F
:10536000C910C01DC00810FB0210185CC4F1070171
:1053700001228A401040C84001D00020EAE7FF2007
:10538000E8E717A4C0F38A20246800948C07640F10
:105390008910C01C800810FB0210185CC4F10601C3
:1053A000032210E00FA7C0F38A20F0CF8DE8F000B1
:1053B000CC07640F4910401C400810FB0210185C19
:1053C000C4F104010F228A401040C8401DF80000BB
:1053D000C0E7C0F38A2010FB0210185CBAE7000097
:1053E0000055AAFF00112233445566778899AABB5D
:1053F000CCDDEEFF2DE9FF410D460746BDF800105C
:10540000002060F3040189B260F34A1189B260F3AD
:10541000CF21ADF8001088B20090BDF800000190D7
:105420003968BC6801F01F001646042814D006280D
:1054300012D0052810D007281DD008282AD0092806
:1054400037D00A2849D00B2851D00C284FD00D282E
:105450004DD00E284BD04BE000F04FF8C108386813
:10546000C0F38A2010FB065001FB0041022201A874
:1054700001F0BAFE3CE0C1F38A21EA10C91D05F033
:105480000700C90811FB06210834C0F10700615C60
:1054900001221CE0A807C1F38A21400FAA10C91CF1
:1054A000890811FB06211034C0F10600615C03225B
:1054B0000DE0E807C1F38A21400F6A10491C490832
:1054C00011FB06214034C0F10400615C0F228240D0
:1054D0001140C140ADF804100AE0C1F38A2010FB6E
:1054E000025004F58064205CADF8040000E00193F4
:1054F000BDF8040004B0BDE8F081014600200F298A
:105500000AD2DFE801F009090909080A080C0E109F
:10551000120C0E1012001020704718207047012046
:1055200070470220704704207047082070470146EA
:105530000020891E0D2909D2DFE801F007080807BD
:1055400008070707070707070700012070470146FC
:105550000020032901D0062900D10120704770B531
:105560004C6A0D46002C12D0287C012802D120461E
:10557000FFF703FBE06808B101F036FD206908B1D0
:1055800001F032FD204601F02FFD0020686270BD61
:105590007FB514460D46084600F08FFB20B1012868
:1055A00017D0022839D035E0296801F01F00001F0C
:1055B0000B282FD2880A216860F394212160286883
:1055C000400D60F35F512160287860F30401216091
:1055D0002FE02846FFF704FB17A1EBF7B7F8C8B98F
:1055E000022229466846FFF717FB68B903AB04227D
:1055F00021466846FFF746FB05466846FFF7BDFAB9
:1056000045B90398042805D1207800F01F00001F39
:105610000B280ED3002004B070BD2068012161F377
:105620009420C0F3140000F5001020F01F000B3090
:1056300020600120EFE7000062696E002DE9FF4F56
:1056400080465CA087B0006804905BA05BA3006804
:1056500093460F4605900FCB8DE80F00B8F8081061
:10566000002089B2CAB2090A09E000BF149C00EB0D
:105670004003401CE254149C00B2234459700A9B1E
:105680009842F3DB98F814004FF0000900F01F0077
:10569000FFF733FF8246012101FA0AF1491E88B261
:1056A00006900025D8F814002C4600F01F012E4665
:1056B0000B2906D00C2912D00D2920D00E2931D16A
:1056C0002CE0C0F38A20C01DC50804EBE70115FBE0
:1056D0000B1407F00700C0F1070604A80DE0C0F3A3
:1056E0008A20C01C850804EBA70115FB0B1407F0EA
:1056F00003000621A1EB400605A8814612E0C0F395
:105700008A20401C450804EB670115FB0B1407F0C9
:1057100001000421A1EB80066846EEE7C0F38A256C
:1057200015FB0B742846D8F8247001F0FFFB5FEAE4
:10573000000B13D098F81000A0B10022211D3846AC
:10574000FFF744FB00232A4659463846FFF79AFAEA
:105750005946CAF10802002053B222E000200BB0E3
:10576000BDE8F08FD8F8040080680119F1E70A78E5
:10577000069CF240224098F8144004F01F040E2CBE
:1057800001D019F80220149C00EB40052C44A270B3
:10579000A6EB0A0256B2002E01DA1E46491C401C36
:1057A00000B20A9A9042E2DB584601F00BFC01205D
:1057B000D5E7000000FF00000055AAFF00112233CA
:1057C000445566778899AABBCCDDEEFF2DE9FF4FE3
:1057D0008046007D81B091460E4600F01F00FFF725
:1057E0008CFE8246012101FA0AF1491E0025D8F8F3
:1057F00014001FFA81FB00F01F012F462C460729D9
:1058000006D0082912D009291FD00A2932D12BE04D
:10581000C0F38A20C01DC50804EBE60115FB09147E
:1058200006F00700C0F10707083423E0C0F38A2020
:10583000C01C850804EBA60115FB0914062106F01F
:105840000300A1EB4007103414E0C0F38A20401C91
:10585000450804EB660115FB0914042106F001005C
:10586000A1EB8007403405E0C0F38A2515FB0964ED
:1058700004F580642846D8F8249001F057FB061EF2
:1058800040D098F8100068B10022211D4846FFF76B
:105890009DFA00232A4631464846FFF7F3F9314680
:1058A000002028E0D8F8040080680119F8E70A7899
:1058B000D9F80C30FA4002EA0B0203EB42030E9DCA
:1058C0001B8800EB4004ADF800302B55BDF80030CC
:1058D0001D0A0E9B23445D70D9F81040A25C9A709B
:1058E000A7EB0A0257B2002F03DACAF1080257B237
:1058F000491C401C00B2049A9042D8DB304601F0AB
:1059000061FB012005B0BDE8F08F00002DE9FE43EA
:105910000646087C0C46012801D028B328E06068C0
:10592000FFF75EF956A1EAF711FF28B9022268468F
:105930006168FFF771F910B10020BDE8FE83606A6D
:1059400038B9142001F0C6FA606260B1142101F088
:1059500095FC606A69460C2211F8013B00F8013B96
:10596000521EF9D104E0FEE7606880680028E4D0A8
:10597000207D00F01F00042814D0052812D006282E
:1059800010D0072814D0082812D0092810D00A28CF
:105990000ED00B286DD00C286BD00D2869D00E28A6
:1059A00067D068E0207C80BB60688068A06160E0B0
:1059B000FFF7A3FD01278740606A38B9142001F082
:1059C00089FA6062B8B1142101F058FC7800656A68
:1059D00001F080FAE86078B1384601F07BFA28617E
:1059E00058B1E86878B3207C012807D060680024AB
:1059F000D0F808803BE0FEE7FEE7FEE70022042146
:105A00002846FFF7E3F900241AE032E000230422DD
:105A100069462846FFF736F99DF800209DF80110E9
:105A20009DF80200FBF73FFF0190E868BDF8041005
:105A300000EB4400018029699DF803000855641CAF
:105A4000BC42E3D315E016E008EB840618F82420E6
:105A50007178B078FBF727FF0090E868BDF8001078
:105A600000EB440001802969F0780855641CBC42B1
:105A7000EAD3012061E721463046FFF770FD5BE77E
:105A800062696E002DE9F84F0C461D461646207DD2
:105A9000DDE90A32002100F01F00042816D0052895
:105AA00014D0062812D00B2839D00C2837D00D2856
:105AB00035D00E2833D0072838D0082836D009280A
:105AC00034D00A2832D00020BDE8F88F277C012F7F
:105AD00033D198469146D4F824A0FFF70EFD07462F
:105AE0006069C0F38A2015FB00607843C110002272
:105AF0005046091DFFF76AF9002470B9FD0805FB3F
:105B000008F56B462A46494650460094FFF7BAF816
:105B100018B90098854200D1012421460DE0009279
:105B20002A4631462046FFF789FD05E000922A46C5
:105B300031462046FFF74AFE01460846C4E710B545
:105B40000446006800280BD0C2680AB1214690477D
:105B5000207C012804D1606801F046FA00206060D2
:105B600010BD000010B50548EFF788FA040004D016
:105B7000142101F083FB204610BDFEE7DC5200201B
:105B80002DE9F0410F4605460421384601F076FB29
:105B900025B1284600F091F818B105E00020BDE8D5
:105BA000F081A8680028FAD000260A48EFF741FAE9
:105BB0000BE023682BB13A46294698470646012850
:105BC00005D021460348EFF746FA0400F1D13046EC
:105BD000E5E70000DC5200202DE9FF410E461D469E
:105BE0000446282101F04AFBAEB1304600F065F8CA
:105BF00008B9B16879B1BDF8081021812074E56059
:105C000001280CD0666000272148EFF712FA0546FC
:105C100004F1140831E0002004B0BDE8F081304602
:105C2000EAF7CEFC401C01F055F9606018B131462E
:105C3000EAF7A2FCE7E7FEE72B68CBB16868B8B1EA
:105C400042463146284698470746012810D125602C
:105C50006A6821462846904707460128DCD004217F
:105C6000404601F00BFB00202062A0616062E06111
:105C700029460748EFF7EFF90546002DDCD1207CD7
:105C8000012802D1606801F0AFF93846C4E700008E
:105C9000DC5200202DE9FC4105680E46089FAC68E7
:105CA00000213CB1CDE90037134601463246284673
:105CB000A04701460846BDE8FC81032130B10078C9
:105CC000A0F120015F2903D80120704708467047E2
:105CD000802801D3022070470020704710B5044689
:105CE000202101F0CBFA002020700A202076607677
:105CF0004FF4C870A0836420E0833220E076032054
:105D0000A07610BD70B50546006920B9FBF7CAFF43
:105D10002861002814D00B48EFF7B0F9040010D028
:105D2000582101F0ABFA25606079224640F002006C
:105D300060710A21044807F0E3F9216848612046B0
:105D400070BDFEE7AC520020F95D01080148806893
:105D5000704700003801002018B101460248EFF7F3
:105D60007AB90148EFF765B9AC52002001484068A4
:105D7000704700003801002038B102681278012A0B
:105D800005D0032A03D04FF0FF30088002E00289DB
:105D90000A80408948807047002806D00168097849
:105DA000012903D0032901D00020704790F840005A
:105DB00000F00F007047002806D00168097801291B
:105DC00003D0032901D000207047C06A7047002823
:105DD00001D000680078704700220A804A800028BD
:105DE00009D002681278012A01D0032A03D1828ADD
:105DF0000A80C08A488070477FB5284CC068A06080
:105E000001680969002947D0F9F76CF9A068407961
:105E1000400741D400256946A068EEF7D1FE9DF801
:105E20000F60A068F9F75EF96560A1689DF80E0043
:105E30000871012806D008680078042809D1BDF847
:105E40000C00D0B107F052F9A16809680969C1F8DE
:105E50005401A06801680978012906D0022908D0F8
:105E600004290AD003290DD00FE06946F8F7AAFFEC
:105E70000BE06946F8F7D6FE07E06946A068F8F738
:105E8000CDFC02E06946F8F743FCA068F9F72AF96F
:105E9000002EC0D1A56065607FBD000038010020E4
:105EA00070B5204E0C460025B0B3417941F0020197
:105EB0004171B168814200D175600168097801299A
:105EC00001D002290ED114B1016BA14201D10563A9
:105ED00014B1416AA14201D1456214B1816AA14263
:105EE00000D1856270BD417941F0020141710168C4
:105EF0000978012901D002290ED114B1016BA14208
:105F000001D1056314B1416AA14201D1456214B1C6
:105F1000816AA14200D18562FFF71EFF0028E2D10D
:105F2000756070BD3801002010B50446407920F03E
:105F30000100607107F0DAF8A06407F0D7F8606438
:105F400010BD002804D0032906D00C2901D0002060
:105F50007047B0F9221001E0B0F920100068427ECD
:105F60000020C2F16402642306E0084400B212FB80
:105F700001F191FBF3F109B20029F6D170472DE947
:105F8000F0410F460546012103F0ADFB30BB394619
:105F9000284603F0B9FB06460022394605F11400F5
:105FA000EEF7DEF828B94FF40021284603F09BFBFA
:105FB00080B1284602F083FA401E04000AD4A86883
:105FC0003946006850F82400FFF7D9FF002803D1B4
:105FD000641EF4D516B12846BDE8F0810020FBE729
:105FE00010B5144C2078002821D101F00BF8EFF700
:105FF00097FAEEF70BFAEDF7B3FFEEF70DFAFCF7B1
:1060000075F9EFF763F94FF4AC710B48EFF72EF821
:1060100058210A48EFF72AF8EFF77AFAEEF7B4FDBD
:106020004420112804D0FEF7EAFC0120207010BDA6
:10603000FEE7000044010020A0520020AC520020E6
:1060400010B50C460020486214F8481F21F01801D2
:1060500004F81C19411E2160227F22F007022277DA
:1060600020836083E060C4E90110090C2161616153
:1060700044F8040C14F81C0F022120F0400004F82E
:106080004809204601F0E0FD0021204600F038FEDE
:106090002046BDE8104001A100F06EBE5465787442
:1060A0000000000010B50146034801F025FD04463C
:1060B00001F090FD204610BD8896020810B50846F4
:1060C0000C4600F00AF894F84800000702D4606A11
:1060D00000F08AFF0020606210BD10B5044690F801
:1060E0004800400603D5A06A08B100F07DFF94F88F
:1060F000480020F0400084F848000020A06210BD55
:106100002DE9FF470E463F4802F0B1F9012876D14C
:106110003046FEF706FC04463046FEF740FC0546D6
:106120002A2C1CD0132C0BD0292C18D02C2C1ED090
:10613000152C64D104B03046BDE8F047F3F790BFAA
:10614000002103F01CFAB0F9080004B0C11700EBFD
:10615000917081103046BDE8F047FEF745BC00F075
:106160009DFD04B02846BDE8F04700F04BBB002180
:1061700003F005FA81460021284603F010FA804614
:106180000021284603F020FA074695F8480000242D
:10619000C10600D50124800601D544F0020428463A
:1061A00002F0F9F90021284603F04DFAA0F51C5140
:1061B000D13905D1688C400502D441F6FF7002E068
:1061C000284602F0E8F90097CDE9010443464A4623
:1061D00003A8696A07F062FA3046FEF7DEFBB0F901
:1061E0000020BDF90C108A4200DD11460180B0F993
:1061F0000220BDF90E108A4200DD11464180BDE843
:10620000FF870000889602082DE9F04F8BB00D0043
:1062100080465BD0002141F6120203F013F9298871
:1062200041F61002081A60F30F044046002103F003
:1062300009F96988081A60F31F44A14608A9404675
:1062400002F061F9BDF82400BDF820100025401AC5
:10625000401C00B2D8F8247005902C4629464046D0
:1062600003F08DF902900021404603F0ADF9009053
:106270000021404603F093F903900298AB465E4636
:10628000B0F90800079098F84800C10600D501262B
:10629000800601D546F002060021404603F0D3F9FE
:1062A000A0F51C51D13905D1B8F82200400501D420
:1062B00046F0040640460021D8F8242001F000FCF6
:1062C00082460099079800EB010821E0FEE70020D4
:1062D000CDE90006DDE902127819059BEFF766F9B2
:1062E000044407984FEA2942584482420BDC444A4E
:1062F000009469461268384690470A280BD0385DEA
:1063000048B9641C07E008EB0B000FFA80FB254638
:10631000785D0028DBD107EB050B4FF00008BAF1E0
:10632000020F03D0BAF1030F16D025E0DDE90223F6
:10633000611B5846009607F00FFABDF82410BDF80F
:10634000202000EBD070891A491C09B201EBD171F1
:106350004910A1EB60000DE0DDE90223611B584606
:10636000009607F0F9F9BDF82410BDF82020891A2D
:10637000491C081A0FFA80F800208DF81800824690
:10638000049044BB2BE004AB6A4601A95846EFF7E2
:10639000F5F8F00706D004981BF8001006A8EFF7F0
:1063A000AFF9C0B9DDE90110009AFEF7D8FB01B2E0
:1063B0000FFA89F208EB010082421EDB04994A19A8
:1063C000A2421AD00AEB0502BA5CB2B1039A8A461D
:1063D00010440FFA80F804982844A042D3D3094C03
:1063E000584604992268904706462268294638464E
:1063F00090470BB03044BDE8F08FCDF810A0EEE729
:10640000680200206C0200202DE9F74F8AB05FEA95
:106410000209804664D0D8F8245040462A4600211C
:1064200001F04EFB8346287800285AD007A9404641
:1064300002F069F8BDF82000BDF81C100024401AD5
:10644000401C00B2049026462146404603F097F8CF
:1064500003900021404603F0B7F806900021404623
:1064600003F09DF802900398A2465746B0F9080041
:10647000059098F84800C10600D50127800601D58F
:1064800047F002070021404603F0DDF8A0F51C515B
:10649000D13905D1B8F82200400501D447F00407EE
:1064A0004B4A28460B99126890478046A85DA8B3CE
:1064B000DDE90510084409900020CDE90007DDE979
:1064C00002212819049BEFF771F80644B04526D342
:1064D000A85D18B30998344650440FFA80FAEBE7E8
:1064E000FEE70020A9F802005946BBF1010F07D0D2
:1064F00002290AD0BBF1030F04D1404602F04BF849
:10650000A9F800000DB0BDE8F08F404602F043F856
:1065100000EBD0704110A9F80010F3E7FFE7B8F1E5
:10652000000F12D005EB080010F8010C0A2801D06A
:106530000D280AD115F8080038B9DDE90501014434
:1065400001EB0A000FFA80FA44462819CDE90070E1
:10655000DDE90103A8EB0401039A07F0FDF8054605
:106560000B98A04202D00298284405B2BBF1020F5A
:1065700003D0BBF1030F16D025E00097DDE901033E
:10658000311B039A07F0E8F8BDF82010BDF81C2075
:1065900000EBD070891A491C09B201EBD171491086
:1065A000A1EB60000DE00097DDE90103311B039AC8
:1065B00007F0D2F8BDF82010BDF81C20891A491C3C
:1065C000081A284405B2A9F80050A9F802A099E7D2
:1065D00060020020406A7047006C7047C06B7047D3
:1065E0002DE9F04117000D46044627D094F84800E5
:1065F000000725D4204603F044FB606AE9F7E0FF7A
:1066000006463846E9F7DCFF8119491C606A00F04C
:106610002FFD606298B1A5F57F41FF3903D109498B
:106620000968884705463A462946606AEFF73EF80A
:106630002046BDE8F041002100F09EBBFEE7FEE7EA
:10664000BDE8F081700200202DE9F04F95B05FEABF
:10665000010A80465FD010A9404601F054FFBDF802
:106660004400BDF840100024401A401C00B2D8F885
:1066700024700A9025462146404602F080FF039090
:106680000021404602F0A0FF00900021404602F0A9
:1066900086FF029003980021B0F908000B90404655
:1066A000D8F8242001F00CFA834698F84800A14657
:1066B0004E46C10600D50126800601D546F00206E9
:1066C0000021404602F0BFFFA0F51C52D13A05D18F
:1066D000B8F82210490501D446F004060B99009839
:1066E00001EB0008385DB8B10020CDE90006DDE916
:1066F000022138190A9BEEF759FF0B990544BAF9A4
:10670000022009EB0100824206DD08EB09000FFAC6
:1067100080F92C46E6E7FEE74FF00008C146BBF1E2
:10672000020F03D0BBF1030F16D025E0DDE90232E2
:10673000291B3819009607F00FF8BDF84410BDF872
:10674000402000EBD070891A491C09B201EBD171CD
:106750004910A1EB60000DE0DDE90232291B381978
:10676000009606F0F9FFBDF84410BDF84020891AE4
:10677000491C081A0FFA80F800208DF8480008908C
:1067800004940C90FDB16D1E0498A8421BD804AB74
:106790000CAA08A93846EEF7F1FEF00706D00498D7
:1067A000395C12A8EEF7ACFF0028EDD1C1460C9A77
:1067B00008990398FEF7D3F94044BAF9001000B2E3
:1067C000814216DA04940C9A08990398FEF7C7F9E7
:1067D0000299029B0144BAF90000A9EB0302491C8B
:1067E00090420CDB4944884209DC012015B0BDE829
:1067F000F08F0299049C08440FFA80F8C4E7002047
:10680000F4E700002DE9F04F0446406A99B00028F3
:106810007ED04FF0FF3913A92046C4F8309001F024
:1068200072FEBDF85000BDF84C10401A401C0FFA23
:1068300080F80021204602F0A2FE054600212046F5
:1068400002F0C2FE07460021204602F0A8FE824662
:1068500094F848000026C10600D50126800601D51F
:1068600046F002060021204602F0EDFEA0F51C5184
:10687000D13904D1608C400501D446F0040600975C
:10688000CDE9018653462A4615A8616A06F006FF3F
:10689000204603F053FE94F848004FF6FF7B00F0CB
:1068A00007004FF00008022804D003287ED00128FA
:1068B0007DD0DFE10021204602F0A4FB0604360C67
:1068C00008D1204601F088FEFBF7F2F9032190FB86
:1068D000F1F086B26846F9F737FA4FF496700094F3
:1068E000ADF83CB00C900E90BDF85010BDF84C00C7
:1068F000BDF95420081A401C002701B2914233DA36
:106900000020891A0790CDE90801DD48014600E022
:10691000B3E101902046F9F7FFF900210A4620B1C2
:10692000C16A90F83E00C0F340020A9888420FDD29
:106930009DF83E000B9120F001008DF83E003AB129
:1069400040F002008DF83E000999079807910990E0
:106950003046099A0799F9F75EFA0A900D90684651
:10696000F9F766FA012705E0C5492046F9F7A8F9C5
:10697000A4F84480BDF85200BDF84E10BDF9562071
:10698000401A401C00B290427EDA002F7CD1821A5D
:10699000B5F908000021101ACDE90810B94807918F
:1069A000014601902046F9F7B7F901E023E0AEE097
:1069B00000210A4620B1C16A90F83E00C0F34002AF
:1069C0000A9888420FDD9DF83E000B9120F00100EF
:1069D0008DF83E003AB140F002008DF83E00099972
:1069E0000798079109903046099A0799F9F713FA21
:1069F0000A900D9087E00021204602F003FB060478
:106A0000360C08D1204601F0E7FDFBF751F90321D0
:106A100090FBF1F086B26846F9F796F90094ADF86C
:106A20003CB0BDF85000BDF84C100027401A401C87
:106A3000BDF9541000B288422CDA202211462846B3
:106A4000FEF78DF8BDF9541000EB400008444042B9
:106A5000CDE908708A48079701903046099A07994E
:106A6000F9F7D9F90A9086492046F9F755F900B1A6
:106A7000C06A0A99814206DD0B909DF83E0020F025
:106A800001008DF83E0000E016E06846F9F7D0F905
:106A9000012705E07A492046F9F712F9A4F8448065
:106AA000BDF85200BDF84E10401A401CBDF95610FA
:106AB00000B2884200DA37B172492046F9F700F98E
:106AC000A4F84680D6E0B5F90820002011444942D8
:106AD0000790CDE908016B480A46019030460799B6
:106AE000F9F799F90A9067492046F9F715F900B1C5
:106AF000C06A0A99814206DD0B909DF83E0020F0A5
:106B000001008DF83E006846F9F792F9B2E0BDF851
:106B10005200BDF84E10401A401C01B2BDF956009B
:106B2000814209DAB5F90810884205DD5649606AE4
:106B300009688847032802D8C4F82C909AE0BDF869
:106B40005000BDF84C102E22461A11462846761CDD
:106B5000FEF705F85044A0EB80003044ADF800008B
:106B6000BDF85200BDF84E10401A401C00B2ADF8FE
:106B70000200B5F90820D11990FBF1F301FB1301D4
:106B80008A42A0EB010004DCADF802002989084428
:106B900000E0C01BADF8020069462046FFF734FB59
:106BA0008146606AE9F70CFD384A07464946126893
:106BB000606A9047364D069005E02A6806A9606A2B
:106BC0009047A9F101090698C01CB842F5D80025E4
:106BD000DFF8C0B0069EAA46606A06990844DBF852
:106BE000001088472C4A2844C5B2126806A9606A7A
:106BF0009047032D07D80698B84204D80AF1010A35
:106C0000BAF1030FE8D9616A204601EB060A07468C
:106C1000FFF763FA042D12D9681C00F05BF9B86223
:106C200040B32A46514600F04BFAB96A01F8058094
:106C300097F8480040F0400087F848000BE097F8CC
:106C400048002A4620F0400087F84800514607F1E6
:106C5000280000F035FA00202E213318626A401C0B
:106C60000328D154F9D3616AF61C09F1030001F835
:106C70000680E062204603F004F819B0BDE8F08F0A
:106C8000A5F90108ADF9010870020020600200209A
:106C900068020020580200205C0200202DE9F0412B
:106CA0000446054690F8480000F00700012823D16B
:106CB000E96A481C20D0114A686AC91E12689047C8
:106CC000024694F848100020490601D5A16A06E062
:106CD00004F1280103E00F5C401CF754C0B26E6A57
:106CE0001318F75C002FF6D1095C1044315420468C
:106CF000FFF7F3F9781EE862BDE8F081600200203A
:106D000070B50D4604461A49F8F7DAFF19492046CE
:106D1000F8F7D6FF0020A4F84400A4F84600022D9E
:106D20000FD0032D0DD0042D0BD094F8480020F087
:106D3000200100BF01F0070084F84810012805D0A9
:106D40000AE094F8480040F02001F3E7E06A401CB4
:106D500002D02046FFF7A2FF94F8480065F3020036
:106D600084F848002046BDE87040FFF74BBD0000A6
:106D7000A5F90108ADF9010870B50D46044602F009
:106D800080FF05B9656A606AA8420CD194F8481082
:106D9000090708D4E9F714FC411C606A00F068F99F
:106DA0006062D0B9FEE738B194F84810090703D4FF
:106DB00000F01AF9002161622846E9F701FC401C45
:106DC00000F088F8606268B12946E9F7D5FB94F8CD
:106DD000480020F0080184F848102046BDE87040C3
:106DE000FFF710BDFEE70FB470B504460598F8B183
:106DF000204602F046FF0598D8B1606A002530B100
:106E000094F84810090702D400F0EEF8656206A96C
:106E10000598EEF790FC606294F8480020F00801B5
:106E2000204684F84810FFF7EDFC70BC5DF814FBB9
:106E3000FEE72046F7E7016402F023BFC16302F0DA
:106E400020BF70B5044690F848000D46000705D4F1
:106E5000606A18B100F0C8F80021616235B194F899
:106E6000480040F0080184F8481065622046BDE8FB
:106E70007040FFF7C7BC00002DE9F0410A4C0746FF
:106E80000A4D60680E46401CC1006060286800F032
:106E9000EFF8286038B1616800EBC10040E9027684
:106EA0000846BDE8F081FEE74C01002024020020E6
:106EB00010B59042029C01DB204610BD884201DCE7
:106EC000184610BD521AE41A401A604390FBF2F0C3
:106ED000184410BD10B588B038B101460748406865
:106EE00006F074FA040003D005E0044808B010BDB1
:106EF000684600F095F82046F8E7000038020020C8
:106F000070B50024084E254656F8340038B100F01C
:106F10006BF806EBC40046F8345085718580641C1C
:106F2000E4B2102CF0D370BD205300202DE9F041C5
:106F300005000BD00022224C4FF0FF30012600BF8D
:106F400004EBC2018B79DB0703D014E00020BDE81D
:106F5000F0818988A9420ED305D104EBC200867165
:106F600054F83200F3E7002804DB04EBC0039B88ED
:106F7000994200D250B2521CD2B2102AE0D300285B
:106F800005DB04EBC0018E7154F83000DFE7002709
:106F900004EBC7008079C00704D07F1CFFB2102F1C
:106FA000F6D3FEE754F83700294600F061F830B117
:106FB00004EBC7018E718D8044F83700C7E7FEE708
:106FC00020530020074A002152F83130834204D177
:106FD00002EBC101002088717047491CC9B2102919
:106FE000F2D37047205300200549884206D000287C
:106FF00004D001460248406806F0BAB97047000064
:107000003802002010B54FF44041034806F0A2F9C1
:107010000249486010BD0000905400203802002052
:1070200010B504461C22002100F0F6F80E48406816
:1070300006F0C9F922460D4906F048FA4FF44041DE
:107040002160A06864224243B2FBF1F1C1F1640106
:10705000217638B1E16864225143B1FBF0F0C0B24F
:10706000C0F16400607610BD38020020A1700108F4
:1070700010B539B1094A904208D1BDE81040084620
:10708000FFF728BFFFF7B0FF044810BD0A460146CE
:1070900002484068BDE8104006F0ABB93802002055
:1070A0001AB11869401C186170475868401C586034
:1070B000986808449860D8688842F5D2D9607047CB
:1070C00030B500F0030401F003050346A54243D1A7
:1070D0004EE00C781C704C785C708C789C70CC788E
:1070E000DC700C791C714C795C718C799C71CC7959
:1070F000DC710C7A1C724C7A5C728C7A9C72CC7A41
:10710000DC720C7B1C734C7B5C738C7B9C73CC7B28
:10711000DC730C7C1C744C7C5C748C7C9C74CC7C10
:10712000DC740C7D1C754C7D5C758C7D9C75CC7DF8
:10713000DC750C7E1C764C7E5C768C7E9C76CC7EE0
:10714000DC760C7F1C774C7F5C778C7F9C77CC7FC8
:10715000DC772031203A2033202ABAD805E000BF5E
:1071600011F8014B03F8014B521E002AF8D130BD33
:107170004CB3C4F1040405E011F8015B521E03F89E
:10718000015B641EFCB1002AF6D11CE010C9203A54
:1071900010C310C910C351F8084B43F8084B51F8FD
:1071A000044C43F8044C51F8104B43F8104B51F881
:1071B0000C4C43F80C4C51F8084C43F8084C51F86F
:1071C000044C43F8044C202AE0D802E010C9121FF6
:1071D00010C3042AFAD804E011F8014B03F8014B5C
:1071E000521E002AF8D130BD10B5034605E000BF9D
:1071F00011F8014B03F8014B521E002AF8D110BDC3
:1072000010B5034605E000BF11F8014B03F8014B30
:10721000521E002AF8D110BD10F0030309D0C3F1AB
:10722000040303E0521E00F8011B5B1E0BB1002A91
:10723000F8D101EB012303EB014303EB01630EE003
:1072400008C0203A08C040F8083B40F8043C40F829
:10725000103B40F80C3C40F8083C40F8043C202A25
:10726000EED801E008C0121F042AFBD803E000BFDB
:1072700000F8011B521E002AFAD1704710F00303D8
:107280004FF0000219D0C3F1040303E0491E00F8D7
:10729000012B5B1E8BB10029F8D1704704C0203947
:1072A00004C040F8082B40F8042C40F8102B40F89C
:1072B0000C2C40F8082C40F8042C2029EED801E0D2
:1072C00004C0091F0429FBD803E000BF00F8012B0C
:1072D000491E0029FAD1704710F003024FF0FF0356
:1072E0000AD0C2F1040203E0491E00F8013B521E1D
:1072F00012B10029F8D170474FF0FF320EE004C000
:10730000203904C040F8082B40F8042C40F8102B1A
:1073100040F80C2C40F8082C40F8042C2029EED81A
:1073200001E004C0091F0429FBD802E000F8013B7A
:10733000491E0029FAD1704710B50C46242104F1EA
:107340002400EDF793FE04F13000BDE810401C214D
:10735000EDF78CBE10B50C4601F13000EDF753FE91
:1073600004F12400BDE81040EDF74DBE2DE9F043D7
:1073700097B00D46324801F07AF801285DD12846D1
:10738000FDF7CFFA06462846FDF709FB0446152E01
:1073900053D12846FDF7CBFA81466946204601F0D5
:1073A000B2F86A4649462046F0F74AF96A46494625
:1073B0002046F4F7D7FE6A4649462046F3F744FBD9
:1073C000BDF80400BDF80010401A401C00B200EBEC
:1073D000D07040100E18BDF802100D1804A8FBF76D
:1073E00097FF4FF4003804AA4146204602F0EEFA17
:1073F000204641F20102414602F024F800B200EBBF
:10740000D0704710204641F20402414602F01AF8BB
:1074100000B200EBD070F11B4010ADF85410291AE7
:10742000ADF85610F119ADF858102844ADF85A00CF
:1074300015AA04A94846FBF757FF17B0BDE8F0832B
:10744000649902082DE9F0411D4616460F46044690
:1074500000F040FAA068817E491CC9B28176A0681C
:1074600001EB41018900C068FFF702FEA168C86016
:10747000A16820B3897E6FF0030301EB41026FF036
:107480000B0101EB82028750A068C268807E00EB8E
:10749000400003EB80000B1D1654A068C268807E7C
:1074A00000EB400003EB80001550A068C268807EAE
:1074B00000EB400001EB80001044BDE8F081FEE7E6
:1074C0007FB50C46054602F03DFC0646E00702D0BB
:1074D000284602F0D6FBE8692043E861E00702D0C5
:1074E000284602F0CEFB284602F02CFCB04202D126
:1074F00014F0C07F07D0284601F0E0F802F05BFCF2
:10750000284602F058FCE0060CD502AA6946284637
:1075100001F01CFA6946284602F0E7FB02A928465A
:1075200002F0E3FB7FBD028C11438A4201D003F0DD
:107530008FBB70472DE9F047174688464FF6FF7915
:10754000044600234A46394609F004FF618C0025B1
:107550000426C1F3C502E06809E000BF06EBC503DD
:10756000C3585FEA831C01D4DB0102D56D1CAA421B
:10757000F4D84FF0806202EB71214FEAF15161843F
:10758000C1F3C501C900FFF773FDE060608C6FF0C7
:107590000702C0F3C50009E0E16802EBC00C01EB93
:1075A000C0036144D1E900C1C3E900C1401EA84243
:1075B000F2D8E068082100EBC500FFF75FFEE16844
:1075C00041F83580E06806EBC501425867F31702C1
:1075D00042504A4639462046BDE8F04702F0C6BF51
:1075E00070B516461D460446002203F02BFC2A46C1
:1075F00031462046BDE8704003F000BB2DE9FF4F47
:1076000081B093468846019803F0BEFCB8F1000FA4
:1076100003D1019801F052F88046002425460198D4
:1076200001F04CF88146002101F040FD06460021A2
:10763000484601F027FE30440FFA80FA0021484600
:1076400001F0BAFE304400B200900021404601F043
:107650002DFD06460021404601F014FE304407B2DD
:107660000021404601F0A8FE304406B2BBF1000FF5
:107670000FD0BBF1160F34D2DFE80BF0D511233455
:107680003F4454676913828797A1A6B5BFC5CBD184
:10769000FDFC0021404601F0C7FC012822D03C46F9
:1076A0001EE0404600F077FF0246019801F0EEFF31
:1076B000014602EBD270401001EBD171A0EB6100EA
:1076C0004DE0404600F067FF0246019801F0DEFF02
:1076D00002EBD271491000EBD070A1EB600009E021
:1076E0003546A0E0404600F056FF0246019801F002
:1076F000CDFF101A384404B2F2E73C461CE0304497
:1077000005B290E0404600F046FF0246019801F0C5
:10771000BDFF014602EBD270401001EBD171A0EB2E
:10772000610007E0404600F036FF0246019801F094
:10773000ADFF101A384404B2404600F012FF024672
:10774000019800F07AFF101AD9E73C4609E040465C
:1077500000F021FF0246019801F098FF101A38440A
:1077600004B2404600F0FDFE0246019800F065FFBD
:1077700002EBD271491000EBD070A1EB6000BEE7C4
:10778000019800F05AFF4042BAE7404601F07EFF00
:107790000246019801F07AFF014602EBD2704010D8
:1077A00001EBD171A0EB610007E0404601F06EFFF4
:1077B0000246019801F06AFF101A04B2E0E7404661
:1077C00000F03BFF05462EE0404601F05FFF024619
:1077D000019801F05BFF02EBD271491000EBD07011
:1077E000A1EB600007E0404601F050FF024601981F
:1077F00001F04CFF101A04B2E1E7019801F046FFD6
:10780000404204B20FE0019801F040FF404204B250
:1078100041E0019801F03AFF404204B24EE0404698
:1078200001F034FF04460021484601F0FDFB012829
:1078300048464CD000F0A8FFB8F8142004990A4438
:10784000B9F81410511A0144A1EB0A00204404B203
:10785000484601F065F8B8F816200E990A44B9F8C0
:107860001610511A014400980022081A284405B243
:10787000012101E01EE00AE0019803F0E3FA01981B
:1078800005B02A462146BDE8F04F03F0B7B940469F
:1078900001F0FCFE0446404600F0CFFE024601988F
:1078A00000F0CBFE02EBD271491000EBD070A1EBDF
:1078B000600025E7404601F0E9FE0446404600F03E
:1078C000BCFE0246019800F0B8FE101A18E700F05E
:1078D000BBFFB1E710B504468068002813D10B4800
:1078E0004168491C41601C20FFF7F4FAA06058B1C0
:1078F0001C21FFF7C3FCA1680F204876A068017E19
:1079000041F00301017610BDFEE7000044010020B4
:107910002DE9FC410E460546012101F0E4FEE0BBE5
:10792000284600F0CFFE044600F056FE0746FAF760
:107930001DFAA0420ED03846FAF720FAA04209D02C
:107940003846FAF700FAA04204D03846FAF7F3F9BD
:10795000A04232D14FF400273946284601F0C3FE39
:1079600028BB2846EDF711FC044605F114016846D2
:10797000F8F7C9FEBDF80000001BADF80000BDF827
:107980000200001BADF80200BDF804002044ADF871
:107990000400BDF80600204400E00EE0ADF806004B
:1079A00031466A460846ECF7F3FA002806D0284626
:1079B00014E0012101F097FE10B10020BDE8FC8128
:1079C0003946204601F08FFE38B9314604F11402E1
:1079D0000846ECF7DDFA0028F0D0204600F06EFEF5
:1079E0000400E6D10120E9E72DE9F0410E46074603
:1079F000002501F0B1FD040035D03146384601F0D4
:107A00009DFD02282FD904EBD470012101EB600405
:107A10003146384601F099FD20440FFA80F831468E
:107A2000384601F07DFD04463146384601F07FFDC1
:107A3000002C01DD214600E06142002801DD024604
:107A400000E04242914205DD002C01DD204604E0C9
:107A5000604202E0002800DC4042404400B20028BE
:107A600000DA284605463146384601F0A9FB0400F5
:107A70000ED03146384601F095FB022808D9314630
:107A8000384601F096FB2044A84200DB05462DB2A3
:107A90003846314640F60A0201F0D4FC04B23846BA
:107AA000314640F60B0201F0CDFC00B2844200DC0E
:107AB0000446002C01DD281905B22846BDE8F081F6
:107AC00070B50D46064641F25D4201F0BBFCC4B202
:107AD0003046294641F26A4201F0B4FC04B901245F
:107AE000204670BD002803D00068884201D10120E3
:107AF00070470020704700002DE9F0410D46074611
:107B00000026334900E00068B8B182690A42FAD021
:107B10008069C0F30F108046FFF7DCF9041E4BD0DC
:107B20004146FFF7ABFBC4E900754FF001086FF069
:107B3000030725B1A86848B32BE03046EBE7FAF716
:107B4000B1F8051E38D0EA68C2B1686A401C8100ED
:107B500068621046FFF78CFAE860696A07EB8101FA
:107B60004450A682E6820020FAF7B4F8401E208333
:107B70000020FAF711F9401E60831CE00420FFF793
:107B8000A9F9E8600460C5F82480EAE72846FFF711
:107B9000A1FEA868016889B14168491C4160A868D4
:107BA00089000068FFF764FAA9680860A968496855
:107BB00007EB810144502046BDE8F0810420FFF727
:107BC00089F9A96808600460A968C1F80480F2E72F
:107BD000F0FF0F0070B5054602F0EDF8002000F050
:107BE000A3FA284605F0ECF9284600F06FF80120CA
:107BF00000F09AFA4FF6FF724FF47021284602F017
:107C0000B5FC284602F09AFCFDF7EAFA030007D01B
:107C1000284602F089F818B129461846FDF752FAAD
:107C2000284600F04BFD04000DD02A462221FCF727
:107C3000BBFE2A4623212046FCF7B6FE2846BDE8B7
:107C4000704002F01EB870BD7FB50C46064602F0CB
:107C500079F80546E0060CD502AA6946304600F0E0
:107C600075FE6946304602F040F802A9304602F03F
:107C70003CF8F069A043F061E0070ED0304602F016
:107C800000F8304602F05EF838B1304600F016FDDC
:107C900002F091F8304602F08EF8304602F052F8C9
:107CA000A84202D114F0C07F07D0304600F006FD94
:107CB00004B0BDE8704002F07EB87FBD028C22EABD
:107CC00001018A4201D002F0C3BF704770B5046859
:107CD0000546206818B128602846FFF7F7FF2C609A
:107CE00062682046002A03D02946BDE8704010474C
:107CF00070BD00002DE9F0414D680C46FDB12846ED
:107D000000F042FD0646284600F00AFE07462846D7
:107D1000002141F6100201F095FBE98A41F61202BA
:107D20000844C01BE082401E60832846002101F009
:107D300089FBA98A0844801BA082401E208341F24F
:107D40000200E061002D06D043F20200C4F81C00DE
:107D500043F20230E06140F0740040F40060E06102
:107D600002D040F40040E061BDE8F08110B501466A
:107D70000348FFF7C1FE0446FFF72CFF204610BD65
:107D8000F05F020870B5054601F07BFF284600F061
:107D900095FC040001D002F035FE2846A4B106F09F
:107DA00032FA0021204602F01DF9204602F02AFE98
:107DB000002222212046FCF7F7FD2046BDE8704056
:107DC00000222421FCF7F0BD00F006FC040007D0DF
:107DD0002069A842284604D106F015FA0020206147
:107DE00070BDBDE8704006F00EBA000070B50C46DC
:107DF0000846ECF7F5FA002000F096F92046144A00
:107E0000002102F011FC012000F08EF90021204633
:107E1000F7F756FF204600F00BFC10B12046FDF7A7
:107E200009FAA068002811D00068002518B1FFF7F2
:107E3000DBF8A0680560A068C06818B1FFF7D4F847
:107E4000A068C560A068FFF7CFF8A56070BD00000E
:107E5000FFFF0F002DE9F047A2B08046FCF761FD5F
:107E600006464046FCF79BFD012700240546122EDE
:107E700072D0DFF8A092152E6CD0182E7AD1404621
:107E8000FCF755FD824601462846F3F73BFB0021EF
:107E9000284601F02EF950B105F59070FBF7FCF97A
:107EA000060004D0FAF7DCFE3046FFF78BF800211D
:107EB000284601F0F3F800285CD002A8FBF728FA66
:107EC0008DF80B408DF822408DF832408DF83E4001
:107ED00002AA0021284601F079FD0021284601F080
:107EE0009DFB80460021284601F08AFB064605F1ED
:107EF00014016846F8F7FEFBBDF80010A1EB08007E
:107F0000BDF80410ADF8000001EB0800ADF8040066
:107F1000BDF802005146801BADF80200BDF8060016
:107F20003044ADF8060010A800F0F6F802A814904E
:107F300068461D94CDE91270CDF8449010AA1A211C
:107F40002846FCF731FD6A4602A95046FBF7CCF9FA
:107F5000DAE001E05BE00DE04046FCF71EFD06467E
:107F60000078022806D00021284601F0C2F820B18E
:107F70000220307022B0BDE8F0870021284601F0D1
:107F8000C9FA82460021284601F048FB81460021BB
:107F9000284601F035FB804605F114016846F8F7E4
:107FA000A9FBBDF800105246A1EB0900BDF8041072
:107FB000ADF8000001EB0900BDF80210ADF80400B7
:107FC000A1EB0800BDF80610ADF8020001EB0800B7
:107FD000ADF8060069467068ECF702F898B1002128
:107FE000284601F04FF8FD280DD3284600216822CD
:107FF00001F028FA10F0FF0F05D10021284601F00A
:10800000BCF8FD2801D23770B4E73470B2E74046BF
:10801000FCF78DFC804602A8FBF77AF90021284680
:1080200001F03CF828B19DF82B0040F001008DF8DC
:108030002B0002AA0021284601F0C8FC0021284696
:1080400001F0ECFA06460021284601F0D9FA07466D
:1080500005F114018A466846F8F74CFBBDF80000AC
:108060004146801BADF80000BDF804003044ADF877
:108070000400BDF80200C01BADF80200BDF8060008
:108080003844ADF8060010A800F046F802A8149095
:108090006846CDE91240CDF8449010AA1A2128462E
:1080A0001D94FCF781FC0021284601F022F830B134
:1080B000BDF8080018B1069E0127069401E0069E4F
:1080C00000276A4602A94046FBF70EF9E7B11820DF
:1080D000FEF72CFF0746BDF9082000235146FBF7A9
:1080E00047F805F590713846FAF7F6FB66B18DF85A
:1080F0000B408DF82A408DF832408DF83E406A469C
:1081000002A94046069621E710AA1B212846FCF743
:108110004BFC2FE7F05F020870B50D46044648217E
:10812000FFF7ACF8256070BD01490870704700008A
:10813000540100202DE9FF4188460846FCF7F1FB79
:1081400004464046FCF7F1FB0546012C21D0082CE3
:1081500021D0032C3CD02A2C3CD00D2C4AD00E2C04
:108160007ED0092C7DD00A2C7CD00F2C7BD0292CE2
:108170007AD0222C79D0132C78D0152C03D0182C3F
:1081800001D0122C34D104B04046BDE8F041FFF7D5
:1081900061BE2021F9E02021FFF790FD4046FCF769
:1081A000FCFBFDF708FE002822D10821284601F03B
:1081B0009AFA00281CD095F820004FF00101C00762
:1081C000284602D0FFF77AFD30E0FFF7ACF92DE04A
:1081D0002021F7E000F073F90646002406E0A868C5
:1081E000006850F8240001F0E6FD641CB442F6D3A8
:1081F000BDE8FF81082101F076FAF8B14046FCF7AE
:10820000CCFB0478132C06D0112C04D0142C07D0EE
:10821000122C05D008E001212846FFF784F903E07D
:1082200001212846FFF74AFD0A2CE1D004B0284678
:10823000BDE8F04100221C21FCF7B6BB4FF4016100
:10824000284601F050FA0028D2D0284601F05FFD00
:108250000028CDD10027284600F096FA064606E011
:1082600069E091E096E0ACE0B1E0CDE0F0E02846D6
:1082700000F0EAFA04464046FCF78FFB007812282B
:108280001BD011280CD013282BD01428B0D128468D
:1082900000F072FA800703D0002E38DC002C36DCA8
:1082A000284600F0CAF90446284600F047FBE117CB
:1082B00004EB9171A0EBA1000BE0284600F0BDF9A2
:1082C0000446284600F03AFBE11704EB917100EBFD
:1082D000A10001B204B03A462846BDE8F04102F0E0
:1082E0007BBB284600F048FA8007E6D0002E01DC70
:1082F000002CE2DD284601F0C9F90446284600F0CA
:1083000016FBE11704EB917100EBA1000BE028468E
:1083100001F0BCF90446284600F009FBE11704EB24
:108320009171A0EBA10001B204B03A462846BDE825
:10833000F04102F03BBB4FF4806101F0D4F918B179
:108340000121284602F015FB284600F071F9FCF7E0
:108350004DFF06460224FDF7F9FC10B94046FCF734
:10836000F7FAFDF734FD022801D0042800D10624D5
:108370001EB144F00801284607E021462846FFF7D1
:10838000D2F8082128461DE0402104B0BDE8F041A4
:10839000FFF7C9B84021FFF791FC284600F0FEFD29
:1083A00002287FF425AF02AA6946284600F0CEFADB
:1083B0006946284601F099FC02A9284601F095FC7F
:1083C00016E70E2104B0BDE8F041FFF777BC0021AD
:1083D00000F00AFE04460021284600F0B2FE2043C9
:1083E00002D0284601F0E7FC284600F068F806466F
:1083F000002406E0A868006850F8240001F0DBFCC7
:10840000641CB442F6D3F3E6002141F2010201F00C
:1084100019F806B22846002141F2040201F012F8D0
:1084200004B20021284600F0DFFD0746002128465F
:1084300000F087FE384305D142F2D170864201D068
:108440008442BDD104B02846BDE8F04101F0B3BC80
:108450004046FCF7A2FA044600212846FFF7C4FA7A
:10846000B4F90010814200DD08462080C0E610B556
:108470000C4600B96068006868B101690029FAD04B
:108480000021E160026921469047217E0120C90751
:1084900000D0002010BD012010BD8068002809D048
:1084A000002902DA4268511803D443680A468B4215
:1084B00001D800207047006850F82200704780689B
:1084C000002800D04068704770B50C46054600F1A2
:1084D00014012046F8F717F9A868002812D021885F
:1084E000808A081A2080A968A088898A0844A08008
:1084F000A9686088898A401A6080A968E088898AAA
:108500000844E08070BD70B50C460546002100F0BF
:10851000CDFD06462146284600F057F8704202B2CB
:1085200011462046F8F77EF90021284600F0AAFE01
:108530002188084420800021284600F0E9FEA18817
:10854000081AA0800021284600F036FF6188084400
:1085500060800021284600F041FEE188081AE08092
:1085600070BD70B50446002100F026FF05460021CD
:10857000204600F033FE06460021204600F096FD1E
:108580000246204600F059F8401B801B514200EB88
:10859000410000B270BD70B50446002100F072FECB
:1085A00005460021204600F0B3FE06460021204685
:1085B00000F07CFD0246204601F068F8401B801B5D
:1085C000514200EB410000B270BD0A4600F11401B7
:1085D0001046F8F798B8000010B5416809B100F0EE
:1085E00071F804460A48ECF724FD0EE00021426AC7
:1085F00005E0C36853F82130A34208D0491C8A42E1
:10860000F7D801460248ECF726FD0028EED110BD50
:10861000A05200208068002803D0827E8A4201D8C0
:1086200000207047C06801EB410100EB81007047FA
:108630008068002800D080687047418BC08A081A83
:10864000401C00B2704770B5064600F037F80500D0
:1086500001D000240AE0002070BD21462846FFF723
:108660001CFFB04201D1204670BD641C2846FFF7B4
:1086700026FFA042F1D84FF0FF3070BDF0B4468C19
:1086800000240425C6F3C50613E000BFC76805EB48
:10869000C40C57F80C705FEAC71C09D527F07F4758
:1086A0009F4205D1C06850F83400F0BC03F08EBC86
:1086B000641CA642EAD8F0BC00207047002800D015
:1086C0004068704700B50146FFF7F8FF0028FAD16F
:1086D000084600BD2DE9F047DFF894800646444681
:1086E000FFF7EDFE07460025DFF888A00EE0B06832
:1086F0005146006850F82500814600F0FBFF20B984
:10870000B9F91A00A04200DB04466D1CBD42EED34D
:108710000021304600F057FE81460021304600F02F
:1087200064FD07460021304600F0C7FC054644457D
:1087300004D0708BC01B401B201A04B2304600F0DE
:1087400035FC80463046FFF778FFA0EB0900C01BE0
:10875000694200EB4101A8EB0101304600F0EEF860
:10876000081A00B2844200DD2046BDE8F087000010
:1087700001E0FFFF01000400806818B1407E00F0B6
:108780000F0070470F2070472DE9F84F0646002173
:1087900000F051FC012807D0B068002802D0008A00
:1087A000404200B2BDE8F88F0021304600F0B7FD2E
:1087B00000900021304600F06CFD814600213046DB
:1087C00000F07BFC804641F6FF7A54463046FFF7C6
:1087D00076FE074600250EE0B0681949006850F89B
:1087E0002500834600F086FF20B9BBF91400A042A3
:1087F00000DC04466D1CBD42EED3544506D0B28A5F
:1088000009EB08001044001B04B200E00D4C304698
:1088100000F0DAFB0546304600F038FF0099411AB7
:10882000A1EB0901C8F1000001EB4000291A304614
:1088300000F07DF8084400B28442B3DD2046B1E781
:108840000100040001E0FFFF2DE9F047064600218A
:1088500000F0F1FB01280AD0DFF8A0803046444642
:10886000FFF72DFE07460025DFF894A015E0B0685D
:10887000002801D0B0F91000BDE8F087B06851467B
:10888000006850F82500814600F034FF20B9B9F99E
:108890001800A04200DB04466D1CBD42EED300214F
:1088A000304600F03CFD07460021304600F0F1FC68
:1088B00081460021304600F000FC0546444504D0C6
:1088C000308BC01B401B201A04B2304600F07CFBEA
:1088D0008046304600F0DAFEC11BA1EB0900694278
:1088E00000EB4101A8EB0101304600F020F8081A26
:1088F00000B28442C0DD2046BEE7000001E0FFFF79
:10890000010004008068002802D0007EC0F38100CE
:1089100070478068002802D0007EC0F301107047C5
:108920008068002802D0408A404200B270478068C8
:10893000002802D0008A404200B2704780680028B8
:1089400002D0408A404200B2704700002DE9F04F4B
:1089500091B016460C464FF0FF37054600223B46C5
:10896000114620460097F7F777FF00223B46114655
:1089700030460097F7F770FF1021284600F0B3FE4D
:10898000002816D0284600F009FB070011D000206F
:10899000FDF7E2F98046022F08D010E0FDF70BFA50
:1089A000A84209D04046FDF7D7F98046B8F1000F3C
:1089B000F4D111B0BDE8F08FB8F1000FF9D028461E
:1089C000FFF7AEFF05902846FFF784FE0C9028467F
:1089D000FFF7DAFE0A902846FFF736FF0890284690
:1089E000FFF7CAFE8146002019F00C0F009014D04A
:1089F000012F10D0032F02D0022F07D00DE00598D1
:108A0000002808DC0C98002805DC06E04046FDF74D
:108A1000C3F90C2801D101200090002009905FEAE1
:108A2000897014D0012F10D0032F02D0022F07D04D
:108A30000DE00A98002808DC0898002805DC06E00C
:108A40004046FDF7A9F9032801D1012009900099BA
:108A500009980843ADD04FF480373946284600F0D6
:108A6000EAFA012800D000200E903946284600F08E
:108A7000AAFC06903946284600F0B7FB0F9039460D
:108A8000284600F006FC80463946284600F047FCA0
:108A90008146284641F20102394600F0D3FC0FFA24
:108AA00080FB2846FFF7C9FD0490284600F0EEFD44
:108AB0000390009800B158468246099800B1584684
:108AC000109028463946212200F0BCFCC0B2022892
:108AD00008D228463946312200F0B4FCC0B2022840
:108AE000FFF467AFDDE9040101440C98A0270844B6
:108AF00000B20B900098002870D00B980028FBD093
:108B0000E88A7080688BF0800E9840B1A98A01EBEA
:108B100008003080ABF101010844B08007E0298BE8
:108B2000A1EB0900B080A0EB0B00401C308006993F
:108B30000498411A0F98091A1098081A049900907D
:108B400048430B9990FBF1F000B205900020F9F733
:108B5000AFF800EB8001502000EB4100B0F5A07FA2
:108B60000ADB0020F9F7A4F800EB8001502000EBAD
:108B7000410090FBF7F000E001200599884201DAFE
:108B8000084616E00020F9F793F800EB800150202A
:108B900000EB4100B0F5A07F0ADB0020F9F788F870
:108BA00000EB8001502000EB410090FBF7F000E06B
:108BB0000120009900B2091A0AB2049B0B99C91A44
:108BC00009B200290BDCE98A069808447080698B99
:108BD0000F98091A1098081A401EF08090E00C9B1C
:108BE00012FB03F393FBF1F1511A069AEB8A11443D
:108BF000194409B2401E71800844F080B5F916206E
:108C000006981044814238DA70800020F9F750F855
:108C100000EB8001502000EB4100B0F5A07F0ADBA3
:108C20000020F9F745F800EB8001502000EB4100EF
:108C300090FBF7F000E00120B6F902100844B6F905
:108C40000610884219DD0020F9F732F800EB8001A8
:108C5000502000EB4100B0F5A07F0ADB0020F9F7BF
:108C600027F800EB8001502000EB410090FBF7F06B
:108C700000E0012071880844F080B5F91A201098AE
:108C8000B6F90610121A0F98101A814238DDF080DA
:108C90000020F9F70DF800EB8001502000EB4100B7
:108CA000B0F5A07F0ADB0020F9F702F800EB8001A5
:108CB000502000EB410090FBF7F000E00120B6F9F6
:108CC0000610081AB6F90210884219DA0020F8F7DF
:108CD000EFFF00EB8001502000EB4100B0F5A07FDA
:108CE0000ADB0020F8F7E4FF00EB8001502000EBE6
:108CF000410090FBF7F000E00120F188081A708035
:108D00000A99039801440898084400B2049009980D
:108D100000283FF44EAE04980028FAD0698B0F98D3
:108D2000081AE080A0EB0B00401C6080A88A20801D
:108D3000288BA0800399A1EB0801A1EB0901A1EB0D
:108D40000A00039900904843049990FBF1F000B2A7
:108D500002900020F8F7ACFF00EB8000502606EBF5
:108D600040004FF4A07B584509DB0020F8F7A0FF36
:108D700000EB800006EB400090FBF7F000E00120E4
:108D80000299884201DA084613E00020F8F790FFC4
:108D900000EB800006EB4000584509DB0020F8F7A7
:108DA00087FF00EB800006EB400090FBF7F000E04F
:108DB0000120009900B2091A0AB2DDE90331C91A8B
:108DC00009B2002916DCA98A0E9840B14144AAF1E3
:108DD000010008442080298BA1EB090008E001EB89
:108DE00008002080298BA1EB0901A1EB0A00401E9D
:108DF000A080DEE5089B12FB03F393FBF1F1511A0F
:108E00000E9A09B2EAB3AA8A401E531808EB0A0266
:108E1000991809B221800844A080B5F914001044C3
:108E2000884233DD20800020F8F742FF00EB80000D
:108E300006EB4000584509DB0020F8F739FF00EB4E
:108E4000800006EB400090FBF7F000E00120B4F951
:108E500000100844B4F90410884217DD0020F8F728
:108E600027FF00EB800006EB400058450ADB00209E
:108E7000F8F71EFF00EB800006EB400090FBF7F0D8
:108E800001E03AE0012021880844A080B4F90410F0
:108E9000B5F9182078E0A0800020F8F709FF00EB72
:108EA000800006EB40005D46A84273DB0020F8F727
:108EB000FFFE00EB800006EB400090FBF7F000BFE8
:108EC000B4F90410081AB4F90010884291DA0020AD
:108ED000F8F7EEFE00EB800006EB4000A8425BDBFB
:108EE0000020F8F7E5FE00EB800006EB400090FB69
:108EF000F7F0A188081A20805BE5AB8A4144194449
:108F000009B2401E21800844A080B5F9142002EB6C
:108F10000800814232DA20800020F8F7C9FE00EB19
:108F2000800006EB4000584509DB0020F8F7C0FE42
:108F300000EB800006EB400090FBF7F000E0012022
:108F4000B4F900100844B4F90410884216DD00207A
:108F5000F8F7AEFE00EB800006EB4000584509DB59
:108F60000020F8F7A5FE00EB800006EB400090FB28
:108F7000F7F000E0012021880844A080B5F918200E
:108F8000B4F90410A2EB0A02A2EB0900814282DCD0
:108F90000FE5FFE7012093E70120AAE7806818B1F9
:108FA000007E00F0030070470320704708B50549B4
:108FB0006A46496800912C21FBF7F6FCBDF90200D6
:108FC00008BD00000C60020808B505496A4609683A
:108FD00000912C21FBF7E8FCBDF9000008BD000062
:108FE0000C600208008C704710B541F2090200F0D5
:108FF00029FAC0B210BD10B541F2090200F022FA00
:10900000C0B210BD662200F01DBA10B5512200F0AA
:1090100019FA002800D0012010BD10B54FF40562E8
:1090200000F010FA00B210BD10B541F26A4200F033
:1090300009FAC0B210BD10B541F26A4200F002FA5E
:10904000C0B210BD10B541F26A4200F0FBF9C0B2E7
:1090500010BD10B541F26A4200F0F4F9C0B210BD83
:1090600010B541F26A4200F0EDF9C0B210BD10B582
:1090700041F26A4200F0E6F9C0B210BD44F22002AB
:1090800000F0E0B910B5212200F0DCF9C0B210BD4B
:1090900010B5682200F0D6F9C0B210BD10B5342268
:1090A00000F0D0F9002800D0012010BD10B541F229
:1090B000320200F0C7F900B210BD10B541F2320221
:1090C00000F0C0F900B210BD10B541F2320200F05C
:1090D000B9F900B210BD10B541F2320200F0B2F998
:1090E00000B210BD10B541F2320200F0ABF900B28F
:1090F00010BD10B5612200F0A5F9002800D00120B4
:1091000010BD0000034A10B5128900F09BF9C0B2EF
:1091100010BD00007402002010B541F2040200F0FE
:1091200091F900B210BD10B541F2040200F08AF9C5
:1091300000B210BD10B541F2040200F083F900B294
:1091400010BD10B541F2690200F07CF980B210BD8B
:1091500010B541F2690200F075F980B210BD10B58A
:1091600041F2060200F06EF900B210BD10B541F2F6
:10917000050200F067F900B210BD10B540F262427E
:1091800000F060F9C0B210BD10B540F2624200F0CC
:1091900059F9C0B210BD10B540F2624200F052F968
:1091A000C0B210BD10B540F63C0200F04BF9C0B2A1
:1091B00010BD10B540F63D0200F044F900B210BDFC
:1091C00010B540F63A0200F03DF900B210BD10B5FE
:1091D00041F6110200F036F900B210BD10B541F6AB
:1091E000110200F02FF900B210BD10B541F61102C6
:1091F00000F028F900B210BD10B541F6110200F0E0
:1092000021F900B210BD10B541F6110200F01AF9B3
:1092100000B210BD10B541F6110200F013F900B212
:1092200010BD10B541F6110200F00CF900B210BDEE
:1092300010B541F6110200F005F900B210BD10B5ED
:1092400041F6110200F0FEF800B210BD10B541F673
:10925000150200F0F7F800B210BD10B541F6150286
:1092600000F0F0F800B210BD10B541F6150200F0A4
:10927000E9F800B210BD10B541F6120200F0E2F8B4
:1092800000B210BD10B541F6120200F0DBF800B2DA
:1092900010BD10B541F6120200F0D4F800B210BDB6
:1092A00010B541F6120200F0CDF800B210BD10B5B5
:1092B00041F6120200F0C6F800B210BD10B541F63A
:1092C000120200F0BFF800B210BD10B541F6120254
:1092D00000F0B8F800B210BD10B541F6120200F06F
:1092E000B1F800B210BD10B541F6120200F0AAF8B4
:1092F00000B210BD10B541F6120200F0A3F800B2A2
:1093000010BD10B541F6130200F09CF800B210BD7C
:1093100010B541F6130200F095F800B210BD10B57B
:1093200041F6130200F08EF800B210BD10B541F600
:10933000130200F087F800B210BD10B541F6130219
:1093400000F080F800B210BD10B541F6130200F035
:1093500079F800B210BD10B541F6130200F072F8B2
:1093600000B210BD10B541F6130200F06BF800B268
:1093700010BD10B541F6130200F064F800B210BD44
:1093800010B541F6140200F05DF800B210BD10B542
:1093900041F6140200F056F800B210BD10B541F6C7
:1093A000140200F04FF800B210BD10B541F61002E3
:1093B00000F048F800B210BD10B541F6100200F000
:1093C00041F800B210BD10B541F6100200F03AF8B5
:1093D00000B210BD10B541F6100200F033F800B233
:1093E00010BD10B541F6100200F02CF800B210BD0F
:1093F00010B541F6100200F025F800B210BD10B50E
:1094000041F6100200F01EF800B210BD10B541F692
:10941000100200F017F800B210BD10B541F61002AE
:1094200000F010F800B210BD10B541F6100200F0C7
:1094300009F800B210BD10B541F6100200F002F8B4
:1094400000B210BD2DE9F04186B00C460646154627
:10945000C2F38028C2F380379FB122F4804510E028
:1094600002AB2A4621463046F4F7E1FD60BBB8F175
:10947000000F08D00CB1002403E03046FFF71EF9BE
:109480000646002EECD13CB941F201018D4207D0D5
:10949000A5F58050043803D0284602F0D1FD12E033
:1094A000306807E08D4202D1828A3AB901E0C28A6F
:1094B00012B900680028F5D18D4202D1B0F914002C
:1094C00001E0B0F91600029017B302983500009041
:1094D0001AD0304621466322FFF7B4FF060012D0AF
:1094E000306880B1284621466422FFF7ABFF10F0B8
:1094F000FF0208D033683046009998470190BDF8C4
:109500000400ADF800000098029006B0BDE8F081BC
:109510000298FAE710B56022FFF794FF00B210BD81
:1095200010B540F64102FFF78DFF00B210BD10B537
:1095300040F64202FFF786FF00B210BD10B540F6BC
:109540004502FFF77FFFC0B210BD10B540F64302E1
:10955000FFF778FF00B210BD10B54FF40462FFF7BB
:1095600071FF00B210BD44F25742FFF76BBF41F2EA
:109570005942FFF767BF41F25942FFF763BF41F21B
:109580005942FFF75FBF41F25942FFF75BBF41F21B
:109590005942FFF757BF41F25942FFF753BF10B589
:1095A00041F25A42FFF74EFF00B210BD10B541F232
:1095B0005A42FFF747FF00B210BD10B541F25B42BF
:1095C000FFF740FF00B210BD10B541F25B42FFF75C
:1095D00039FF00B210BD10B541F25B42FFF732FF18
:1095E00000B210BD10B541F25B42FFF72BFF00B295
:1095F00010BD10B541F25B42FFF724FF00B210BD71
:1096000010B540F60B02FFF71DFF00B210BD10B5FC
:1096100040F60B02FFF716FF00B210BD10B540F682
:109620000A02FFF70FFF00B210BD10B540F60A02A4
:10963000FFF708FF00B210BD10B541F20102FFF7BD
:1096400001FF00B210BD10B541F20102FFF7FAFEB2
:1096500000B210BD10B541F20102FFF7F3FE00B2F7
:1096600010BD10B541F20102FFF7ECFE00B210BDD3
:1096700010B541F20702FFF7E5FE00B210BD10B5CC
:1096800041F20802FFF7DEFE00B210BD018B808AB6
:10969000081A401C00B2704770B50546FFF70EF877
:1096A000040012D0E88AE18A451A2046FFF746F9FD
:1096B000054400212046FFF77FFE2D1A0021204699
:1096C000FFF7F4FC281A00B270BDB5F9160070BDA2
:1096D00010B50446FFF7E0FF02462046FEF7ADFF57
:1096E000104400B210BDC069814301D00020704712
:1096F00001207047C069084000D001207047008CED
:10970000084000D0012070477FB50D460646022173
:10971000FFF7E9FF002820D080213046FFF7EFFF58
:10972000E8B902A93046FEF7CFFE0022294602A87A
:10973000EAF716FD040012D04FF480313046FFF7EF
:10974000D2FF70B101208DF8040000956A46112106
:109750003046FBF729F99DF8040004B070BD0020E5
:10976000FBE72046F9E7F8B514460D4606464FF4E8
:109770000562FFF767FE00B26080002839D03046EE
:1097800029465322FFF75EFEC0B22073022830D96B
:1097900029463046FFF7F8FCFD2804D2217B11FB57
:1097A00000F0000A2073207B022822D93046294687
:1097B00044F25202FFF746FE0090BDF80000208000
:1097C000304629465422FFF73DFEA0603046294628
:1097D0005122FFF737FE00B10120617B60F3820167
:1097E000617329463046FFF753FC617B60F301014A
:1097F0006173F8BDF8B514460E4605464622FFF7DC
:1098000021FEC0B2E07202283CD931462846FFF75B
:10981000BBFCFD2804D2E17A11FB00F0000AE072E3
:10982000E07A02282ED9002020804FF480706080DA
:10983000288BA98A4822401A401C00B200EBD07045
:109840004010A080688BE98A401A401C00B200EBEF
:10985000D0704010E08028463146FFF7F3FD10F04D
:10986000FF00A07209D02846314644F24702FFF7B4
:10987000E9FD0090BDF80000208131462846FFF741
:1098800007FC2073F8BDF8B514460D4606464FF4A4
:109890008B62FFF7D7FDC0B2A076022841D92946D6
:1098A0003046FFF771FCFD2804D2A17E11FB00F0C9
:1098B000000AA076A07E022833D929463046FFF759
:1098C00052FE0090BDF80000A0813046294641F2CA
:1098D0005A42FFF7B7FDA0823046294641F25B426B
:1098E000FFF7B0FD60823046294640F25C42FFF748
:1098F000A9FDA17F60F30201A17729463046FFF759
:10990000C7FBA17F60F3C501A17729463046FFF769
:109910002EFE20603046294641F25D42FFF792FD5F
:109920002077F8BDF8B514460D46064640F64902C4
:10993000FFF788FD00B26080002846D030462946F7
:109940004E22FFF77FFDC0B2207202283DD9294682
:109950003046FFF719FCFD2804D2217A11FB00F0F4
:10996000000A2072207A02282FD93046294644F274
:109970004D02FFF767FD0090BDF8000020803046E3
:1099800029464A22FFF75EFD00B2A08028B130468A
:1099900029464B22FFF756FDE080304629464C22EF
:1099A000FFF750FD08B1012100E00021607A61F36A
:1099B0008200810861F3C300607229463046FFF7D8
:1099C00067FB617A60F301016172F8BD2DE9F8432C
:1099D00014460D4606466022FFF734FD208025B16F
:1099E00029463046FFF7D0FB00E0FF20804629469D
:1099F0003046FFF7C9FB0746022802D9B8F1020F2B
:109A000009D80020E07084F8220084F8360084F839
:109A10002A00BDE8F88329463046FFF739FBA070DD
:109A2000E078002851D0304629462122FFF70AFD70
:109A3000C0B2E070022848D929463046FFF71EFB25
:109A40000090BDF80000A080304629462622FFF78E
:109A5000F9FC010007D0487A400704D00A22A01D73
:109A6000FDF72EFB31E0304629462322FFF7EAFCC2
:109A7000E17B60F30201E17348071DD029463046BF
:109A8000FFF7FCFA0090BDF80000E0803046294660
:109A900044F22202FFF7D6FC0090BDF8000060817E
:109AA000304629462422FFF7CDFC20723046294655
:109AB0002522FFF7C7FC2073304629462722FFF7EF
:109AC000C1FCE17B60F3C501E1733046294641F2F8
:109AD0003202FFF7B7FC00B2208408B394F82200EA
:109AE000F0B1304629463122FFF7ACFCC0B284F811
:109AF0002200022814D9304629463322FFF7A2FC5F
:109B000094F8231044F2300260F3450184F82310E6
:109B100030462946FFF796FC0090BDF80000E08330
:109B200029463046FFF74CFBE084C8B194F82A0080
:109B3000B0B129463046FFF735FB84F82A000228E9
:109B40000ED929463046FFF734FB2085304629469A
:109B500044F23B02FFF776FC0090BDF80000A084C1
:109B6000A07E68B33046294640F62802FFF76AFC1B
:109B7000206128B3304629462922FFF763FCC0B292
:109B8000A07602281CD92069FCF797F802286AD031
:109B90003046294644F22A02FFF754FC0090BDF8F3
:109BA00000002083304629462B22FFF74BFCE0764D
:109BB000304629462C22FFF745FC00B101202077D2
:109BC00094F8360050B329463046FFF7C5FCE085CF
:109BD00020B394F83600022820D929463046FFF7F2
:109BE000ADFC84F83600022818D929463046FFF724
:109BF00097FC208629463046FFF799FC6086294667
:109C00003046FFF7A2FCA0863046294644F24402C3
:109C1000FFF718FC0090BDF80000A085B8F1FD0F1B
:109C200002D218FB07F0070AFD2FBFF4F2AE14F8BA
:109C3000030F10FB07F0000A04F8140BE07810FB88
:109C400007F0000AE070E07A10FB07F0000AE0720B
:109C5000E07F10FB07F0000AE077E07C10FB07F0E4
:109C6000000AE074D5E629463046FFF780FC6061C3
:109C700029463046FFF777FC0090BDF800002083AE
:109C80009EE77CB505464FF4002403E02846FEF726
:109C900015FD0546FEF712FD28B121462846FFF7BF
:109CA00022FD0028F2D12846EBF76FFA044605F1B1
:109CB00014016846F6F727FDBDF800006946001B51
:109CC000ADF80000BDF80200001BADF80200BDF8C1
:109CD00004002044ADF80400BDF806002044ADF8AF
:109CE0000600284600F001F87CBD1CB50446684615
:109CF000F6F709FD69462046FDF70AFE002805D063
:109D00002046FEF769FC6946EBF720F91CBD0068A8
:109D1000002808D0017E8907F9D0007E00F00300FA
:109D2000012800D0002070470068002809D0017E7B
:109D300011F00C0FF8D0007EC0F38100012800D094
:109D40000020704710B504460849FFF7D3FC08B15E
:109D5000002010BD2046FEF7B1FC0028F9D00021FC
:109D6000FFF7F6F90028F4D0012010BD010006002D
:109D70007CB50546EBF709FA044605F1140168467F
:109D8000F6F7C1FCBDF800006946001BADF8000005
:109D9000BDF80200001BADF80200BDF8040020442D
:109DA000ADF80400BDF806002044ADF806002846D2
:109DB000FDF7AEFD7CBD10B5418C41F00101418441
:109DC000FEF780FC418C41F002014184FEF704FC67
:109DD0004068002803D0BDE8104003F06BBA10BD06
:109DE0002DE9F0479946174688468246FEF767FBFD
:109DF0000646002523E000BFDAF80800B9F1000F9D
:109E0000006850F8254005D04FF480212046FFF728
:109E10006AFC98B9A18A002301EB0800A082E08ABD
:109E20003A463844E082218B01EB08002083608BA6
:109E30004146384460832046FFF7D2FF6D1CB5428F
:109E4000DAD3BDE8F0872DE9FF47456816460F468F
:109E500004469DB300212846FFF714FA80460021EE
:109E60002846FFF7A9FA81464FF480212046FFF7E4
:109E70003AFC48B1A98A07EB0800084407B2E98A0E
:109E800006EB0900084410E02846FEF750FDAA8AB8
:109E900002EB0801081A384407B22846FEF74EFDC7
:109EA000EA8A02EB0901081A304406B2002128466A
:109EB000FFF7FCF8391830440FB206B2A08A381AFE
:109EC00007B2E08A301A06B20FB9002E40D0204601
:109ED000FFF7D7FE02A92046FEF777FB4FF00008F8
:109EE00075B169462846FEF70EFB0022694602A8B6
:109EF000EAF776F85FEA000802D1284600F082FD12
:109F0000A08A32463844A082E08A39463044E08252
:109F1000208B002338442083608B304460832046AC
:109F2000FFF75EFF8DB1224622212846FAF73CFD5D
:109F30002046FFF7A6FE0022694604F11400EAF766
:109F40004FF8B8F1000F07D104E02046FFF799FE63
:109F5000BDE8FF870028FBD0284600F053FDF7E757
:109F600070B50C00064604D5FEF7A8FBFEF7A7FA6D
:109F700004443046FEF767FB02463046FEF79EFB80
:109F80000546002C2DDBFEF79AFAA04229DD94420B
:109F900027D015DA6FF00301A24214DDA86801EBA7
:109FA00082030068C35840F82230521EF4E7A868C4
:109FB00001EB82030068C35840F82230521C00E0D5
:109FC0000421A242F3DBA86800222221006840F8A5
:109FD00024602846FAF7E8FC2846BDE87040FFF701
:109FE00050BE70BD2DE9F0410D460646FEF791FCCE
:109FF000A0B93046FEF794FC04463046FEF76AFBF3
:10A0000000280BDA002C09DD4042844200DB0446C4
:10A0100022B22B460021304600F0A0FB3046FEF76E
:10A0200071FC002825D13046FEF7AEFB04463046D1
:10A03000FEF70AFC074600213046FEF7FCFF012828
:10A040000BD0002F15DA002C13DD7842844200DBA0
:10A05000044621B22B46002206E0002C09DA002F2C
:10A0600007DD2B46002221463046BDE8F04100F0D6
:10A0700075BBBDE8F0812DE9F14F82B00298FFF782
:10A0800061FE00287DD10298FEF718FB00900021A8
:10A090000298FFF7EDFA824600210298FFF7EFFAE7
:10A0A0000746009868B1FEF776FA81460098FEF7F9
:10A0B00058FA0546CAF341304FF0640B012803D02B
:10A0C00012E03A46514694E02AF4C040B0F5FA6FE7
:10A0D0000ADCB0F57A7F01DDC0F57A7000FB09F08B
:10A0E00090FBFBF00FFA80FAC7F3413001280DD145
:10A0F00027F4C040B0F5FA6F08DCB0F57A7F01DDD7
:10A10000C0F57A70684390FBFBF007B2002143F280
:10A110000C020298FFF796F906B2002143F20D02F5
:10A120000298FFF78FF902B20298FFF7AFFA804664
:10A130000298FEF782FA0446C6F3413001280ED198
:10A1400026F4C040B0F5FA6F09DCB0F57A7F01DD86
:10A15000C0F57A7000FB08F090FBFBF006B2C2F38A
:10A16000413001280FD122F4C040B0F5FA6F0ADC6B
:10A17000B0F57A7F01DDC0F57A70604390FBFBF0AB
:10A1800000E056E002B20AEB060006B2B81807B2C9
:10A1900000210298FEF72FFF50B1012827D0801E22
:10A1A000082824D2DFE800F00B13202B3318383BAB
:10A1B00000210098FEF738FF012808D017E009EBCE
:10A1C000D971491008EBD870A1EB600001E0A9EB50
:10A1D0000800304406B20AE005EBD570401004EBED
:10A1E000D471A0EB610000E0281B384407B23A4666
:10A1F0003146029803B0BDE8F04FFFF724BE09EBEB
:10A20000D971491008EBD870A1EB600001E0A9EB0F
:10A210000800304406B2E7E7A9EB080006E009EBC6
:10A22000D971491008EBD870A1EB6000304406B238
:10A23000D2E7BDE8FE8F2DE9F04F0446408C87B091
:10A24000410501D580057ED42046FEF737FA5FEA46
:10A25000000878D02046FEF797FA0190608C00261F
:10A2600040054FF4FA6B42F2D17A03D52046FFF74E
:10A270000DFA5FE000212046FFF7DEF90546504564
:10A2800001D1012600E00026C5F34130012805D1A7
:10A2900025F4C040584501DC012000E00020814643
:10A2A0004046FEF778F9074626B12046ECF79AFAC1
:10A2B00005462BE0B9F1000F28D0B8F82200400580
:10A2C00018D400214046FFF7B7F9504512D10021BC
:10A2D0002046FEF7EBFE054600212046FEF7D2FFA2
:10A2E00000EB050900212046FFF712F8411901EBA8
:10A2F00009000AE025F4C040B0F57A7F01DDC0F521
:10A300007A707843642190FBF1F005B22046002179
:10A3100041F20202FFF796F80FFA80F92046002179
:10A3200041F20302FFF78EF802B23B464946284647
:10A33000F7F7DAF907462046FEF7F2FA00904FF0F9
:10A340000009608C00E06FE0800503D52046FEF731
:10A3500074F955E000212046FEF7DEFEA0F51C5101
:10A360000546D13906D000208146C5F34130012889
:10A3700002D007E00120F7E725F4C040584501DC92
:10A38000012000E0002083464046FEF7EAF88246BE
:10A39000B9F1000F04D02046ECF7B2F905461BE0F6
:10A3A000BBF1000F18D0B8F82200800507D40021B7
:10A3B0004046FEF7B1FEA0F51C51D13938D025F446
:10A3C000C040B0F57A7F01DDC0F57A7000FB0AF07D
:10A3D000642190FBF1F005B22046002141F2050214
:10A3E000FFF730F80FFA80FB2046002141F2060209
:10A3F000FFF728F802B2534659462846F7F73FF9C7
:10A40000054656EA090605D0DDE90021002320466D
:10A4100000F0A1FA2046FFF739F9B8421BD12046D7
:10A42000FEF70BF9A84216D1002007B0BDE8F08F67
:10A4300000212046FEF73AFE054600212046FEF7A1
:10A44000BBFF00EB050B00212046FEF7C7FE4119BC
:10A4500001EB0B00BFE72046FFF713FC02A92046E3
:10A46000FEF7B3F804A94046FEF74DF8002204A910
:10A4700002A8E9F7B5FD060002D1404600F0C2FA95
:10A48000E08A6D1E2844608300212046FEF7CCFD43
:10A4900001281CD0A08A7F1E3844208302AA2921CB
:10A4A0002046FAF781FA224622214046FAF77CFA42
:10A4B0002046FFF7E6FB00212046FFF793FD002230
:10A4C00004A904F11400E9F78BFD36B904E0208BF0
:10A4D000C01B401CA082E1E710B1404600F092FA98
:10A4E0000120A2E738B50446EAF74FFE05460020F2
:10A4F000ADF800006A4613212046FAF755FABDF977
:10A500000000A84202D02046FFF7BBFBA06818B1AC
:10A51000BDF80010C18209E0BDF8000030B120464E
:10A52000FDF7D8F9A168BDF80000C882BDF90000A8
:10A53000A84202D02046FFF7A4FB38BD70B50546FF
:10A540000021FFF779F8044600212846FEF7E4FDD4
:10A5500042F2D1718C4203D0884201D0002070BDFC
:10A560002846FFF728FC012070BD00002DE9F047C8
:10A5700006462C4814460D46007800284FD0304639
:10A58000FFF77FFB05F47F05E0044FF470294FF6D9
:10A59000FF771ED54D4514D09DB13046002141F2C4
:10A5A0000402FEF74FFF00B242F2D178404508D0D6
:10A5B0003046002141F20102FEF744FF00B240455F
:10A5C00014D100222A213046FAF7EEF93046FFF77F
:10A5D000F2FB4D4500D04DB9BC4201D0A00405D5D9
:10A5E0003046FEF76BF808B1FFF7E5FBBC4201D03F
:10A5F000200502D53046FFF775FF3046FFF741FBD7
:10A60000BC4204D060050AD514F4C05F07D0B5F58C
:10A61000803F04D03046BDE8F04704F078BEBDE886
:10A62000F0870000540100202DE9F05F4FF6FF7A1B
:10A630000F0005461FFA82F802F47F09564602D041
:10A64000F87900B900260024214659E0EA68042080
:10A6500000EBC40B964652F80B00C0F307424FEADA
:10A66000024C524683B2904501D0434509D1B9F519
:10A67000702F01D0CC4504D12FB15EF83430BB42ED
:10A6800001D0641C3CE0800104D5002349462846E3
:10A6900006F060FEE86850F80B10CA0101D4890189
:10A6A0000CD550F8340001F0AEFDE86850F83400E5
:10A6B000FCF79AFCE968002041F8340020460822A3
:10A6C0000AE0E96802EBC00C01EBC0036144401CE6
:10A6D000D1E900C1C3E900C1698CC1F3C501491EBC
:10A6E0008142EED8688CC108491E61F3C8006884B5
:10A6F000C0F3C500C100E868FCF7BAFC0121E860BE
:10A70000688CC0F3C500A042A0D8002908D0002E54
:10A7100006D0324649462846BDE8F05FFFF726BF1F
:10A72000BDE8F09F70B506460B480078002812D0AF
:10A7300000200CE0002506E0E06850F825103046C7
:10A7400004F0C1FE6D1C606AA842F5D82046F7F7F8
:10A7500003FB0400EED170BD540100202DE9F0414F
:10A760001646074690B00D4651EA060076D0012BFA
:10A7700019D03C493846F5F7A3FA04463A49384619
:10A78000F5F79EFA804632462946384605F01AF813
:10A7900054EA080462D010B03846BDE8F041002207
:10A7A0000A21FAF701B93846FDF716FF80466846D8
:10A7B000F5F7CAFA2D484FF4C874009703902DB3EB
:10A7C0004046F7F787FA40102A460021F5F723FBA9
:10A7D000C82801D2C82002E0A04200D920460A9031
:10A7E0003846FEF7A4F84142281ACDE908101E4861
:10A7F00001901F48079106906A4609213846FAF7EA
:10A80000D3F801282AD16846F5F712FB002E25D08F
:10A810004046F7F7C1FA401032460021F5F7FBFA3F
:10A82000C82801D2C82002E0A04200D920460A90E0
:10A830003846FEF783F84142301ACDE9081009483E
:10A8400001900B48079106906A4609213846FAF7AD
:10A85000ABF8012802D16846F5F7EAFA10B0BDE876
:10A86000F081000089F8010871F801081FF501085E
:10A87000AFFD00082DE9F0471546824699460C4683
:10A8800051EA050065D0504600F07EFB5046FEF7C9
:10A890004EF840420FFA80F808EB040004B20021A1
:10A8A0005046FEF7C8FB012813D0002C13DC25DA34
:10A8B0005046FDF769FF06465046FDF7C5FF304498
:10A8C00000B2002800DA00204042844216DA04B2C6
:10A8D00014E0002C02DA4FF000040FE00EDD5046C9
:10A8E000FDF752FF06465046FDF7AEFF304400B27A
:10A8F000002800DA0020844200DD04465046FEF7BE
:10A900001DF8404206B2701905B2002D02DD4FF06D
:10A91000000510E00FDA5046FEF702F807465046F1
:10A92000FDF7D8FE384400B2002800DA002040428B
:10A93000854200DA05B2A4EB080001B2A81B02B2FE
:10A9400051EA020005D04B465046BDE8F047FFF7FC
:10A9500005BFBDE8F08770B516461D4604461A4689
:10A9600000F024F82A4631462046BDE8704000F049
:10A9700033B8F8B50E46044600F006FB0020009000
:10A980002046FDF79BFE054604F114070AE0334616
:10A990006A462146384604F0CFFD2C462046FDF796
:10A9A0008DFE0546002DF2D1F8BD000070B50D46B4
:10A9B000144606460749F5F783F93046FDF7B7FF19
:10A9C000401B01B223463046BDE870400022FFF72D
:10A9D00051BF000071F8010870B50D4614460646D7
:10A9E0000749F5F76DF93046FDF7A8FF401B02B2A5
:10A9F00023463046BDE870400021FFF73BBF000012
:10AA000089F801081FB5044602AA6946FDF79EFFB2
:10AA10006846F5F7DBFE20B902A8F5F7D7FE002857
:10AA200010D06846F5F7D2FE18B169462046FFF708
:10AA30005CF902A8F5F7CAFE002803D002A9204657
:10AA4000FFF753F91FBD70B50D460446FCF742FFF2
:10AA5000A068858270BD000070B516461D4604468C
:10AA6000002200F013FA00223146204600F0F6F9E9
:10AA700000222946204600F011FA0448002280896D
:10AA800081B22046BDE8704000F016BA7402002082
:10AA900010B50446002200F0E9F90448002280893C
:10AAA00081B22046BDE8104000F006BA74020020D2
:10AAB00010B50446002200F0E1F92046FDF7FEFD46
:10AAC000BDE81040FFF777B938B50C4605460023BE
:10AAD0006A4641F20401FDF7D1FD012807D00028A4
:10AAE00004D100222146284600F0E0F938BD009844
:10AAF000A042F6D138BD2DE9F0410C4615461F465F
:10AB000006461946F3F744F92A46214601F054FC5B
:10AB1000224639463046BDE8F041FFF727BD70B503
:10AB2000064640680C46002867D0002C65D03046A9
:10AB3000FFF7A7F82046FCF7CDFE30467568FDF715
:10AB400082FD0146042207E0A86802EB8103006849
:10AB5000C35840F82130491C2846FDF7B0FC801E40
:10AB60008842F1DAA9684868401E4860A96805D0A3
:10AB7000820008681146FCF77BFA03E00868FCF7DE
:10AB800033FA0020A9680860A1684868401C486042
:10AB9000A26881001068FCF76BFAA1680860204683
:10ABA000FDF78DFC6FF0030101EB8000A1680968DF
:10ABB0000E50002128467460FFF714FA2846FFF76C
:10ABC00021FF324622212846F9F7EEFE00222421F9
:10ABD0002846F9F7E9FE324622212046F9F7E4FE3D
:10ABE000002223212046F9F7DFFE3046FFF7E3F885
:10ABF0003046BDE87040FFF744B870BD70B51546EB
:10AC0000044600F08EF929462046BDE8704000F069
:10AC10009FB970B50C460546FCF75CFEA868017E3E
:10AC200001F00302A24207D064F301010176284635
:10AC3000BDE87040FFF725B870BD70B515460446F5
:10AC400000F058F929462046BDE87040FFF73CBFA8
:10AC50002DE9F34F87B08146008C089988427DD05A
:10AC60000390A9F820104846089A0399EAF734FBA4
:10AC70005FEA000872D04FF420742046FCF756F9C2
:10AC800021460290FCF7FAFA0025284693E000BF1F
:10AC9000D9F80C10042201EBCA0002EBCA0404909C
:10ACA000085920F07F4000F06DF90090D9F80C00B1
:10ACB000005920F07F4000F062F906900899009852
:10ACC000884376D104984068800172D40498672242
:10ACD0000068838819040AD5006804E0914201D114
:10ACE00044681DE0083001880029F7D161E0C1798E
:10ACF000A9B301290FD90468002004EB810307E000
:10AD000033F81060964202D104EB800007E0401C4B
:10AD10008142F5D84DE0C3F30E01672949D104689B
:10AD2000002740E0002620E0029806EB860100EBB9
:10AD300081010591D1F804B0584600F023F9019043
:10AD4000584600F01CF9216831F817200599098947
:10AD50008A4209D10699884206D101E06FE028E0D5
:10AD6000DDE90001814202D2761CAE42DCD3AE4264
:10AD700018D1029A05EB8500A18922F82010029AC9
:10AD8000218A02EB80006D1C4180A168C1602168AE
:10AD900031F817100181616801610499496821F057
:10ADA0007F4141607F1C206830F8170008B1202DDA
:10ADB000B8D30AF101008246B9F82200C0F3C501F8
:10ADC000514502D9202DFFF463AF002410E000BFED
:10ADD000029804EB840100EB8106706800F0CFF864
:10ADE000014600964846089B039AEAF7D5F9641C89
:10ADF000AC42EDD30298FCF7E5F8B8F1010F0ED0A4
:10AE0000B8F1030F11D0B8F1020F18D14846FEF780
:10AE100038FF09B04846BDE8F04FFFF763BB09B003
:10AE20004846BDE8F04FFEF72CBF09B04846BDE8E4
:10AE3000F04F4FF6FF724FF47021FFF797BB09B048
:10AE4000BDE8F08F13460A4641F20901FFF753BEF1
:10AE500013460A4640F62801FFF74DBE13460A4640
:10AE600001498988FFF747BE7402002013460A464D
:10AE700001490988FFF73FBE7402002013460A46C5
:10AE800001490989FFF737BE7402002013460A46BC
:10AE900001494988FFF72FBE7402002013460A4675
:10AEA0000149C988FFF727BE7402002013460A46ED
:10AEB00041F20401FFF71FBE13460A4641F2690141
:10AEC000FFF719BE13460A4641F25D41FFF713BE74
:10AED00013460A4641F20101FFF70DBE13460A462A
:10AEE00041F20701FFF707BE13460A4641F2080187
:10AEF000FFF701BE38B50C46054600236A4641F20D
:10AF00000101FDF7BBFB012807D0002804D1002276
:10AF100021462846FFF7DCFF38BD0098A042F6D155
:10AF200038BD38B50C46054600236A4641F2070194
:10AF3000FDF7A4FB012807D0002804D100222146F8
:10AF40002846FFF7CBFF38BD0098A042F6D138BDA8
:10AF500038B50C46054600236A4641F20801FDF764
:10AF60008DFB012807D0002804D100222146284665
:10AF7000FFF7BAFF38BD0098A042F6D138BD00F403
:10AF80007F00704780B2704770B50B4D297800295B
:10AF900011D101212970FDF795FB044606E000BFA1
:10AFA00020F0020060842046F4F780FC608C81076A
:10AFB000F6D40020287070BD4C01002008B513287D
:10AFC00002D209B1042905D9F6F7D7FB0090BDF8E4
:10AFD000000008BD044A491EC9B202EBC00000EBE4
:10AFE0004100008808BD0000F897020808B5132842
:10AFF00002D209B1052905D9F6F7BFFB0090BDF8CB
:10B00000000008BD054A491E00EB8000C9B202EBF2
:10B01000400000EB4100008808BD00003A9702089C
:10B0200008B5132805D3F6F7A8FB0090BDF800007B
:10B0300008BD024901EB4000008808BD14970208D2
:10B04000002801DAC0F57A7040F4005000B2704771
:10B0500010B5B0F90420B0F900304088D21A02EBE4
:10B06000D27252100C88134449881044E31A081A0B
:10B0700012FB02F113FB03F210FB0020884201D8FF
:10B08000012010BD002010BD10B50E48F6F740FDA0
:10B090000C4CF0200D4A20804FF48C7060800A48E0
:10B0A000A2F5525160614FF4D253A1F11C00F6F7A2
:10B0B0001FFD04F14C00E060BDE810404C38F6F78D
:10B0C00051BD00009015012021760008784A01202A
:10B0D00010B50648FAF702FE044801210170044940
:10B0E0004160FAF70FFE0349486010BDF87E012069
:10B0F000D9100208B40200202DE9F04F544E054645
:10B1000089B0706801688C6BC968896821600168C2
:10B1100009698A0701D4C90723D0F6F73DFE401E0E
:10B1200007B27068F6F7D6FD401E03B20022114642
:10B1300001A80097F5F790FB01A9616070680068AD
:10B14000027CC068920705D5826942F002028261E2
:10B15000A16076E08169826961F341028261A56044
:10B160006FE0A9882A88891A491C0FFA81F9E988B1
:10B170006A88891A491C0FFA81F8F6F70DFE014614
:10B18000B5F90600814203DC7068F6F705FE401E43
:10B1900007B242464946B2467068F2F761FE814600
:10B1A0000026B5F902000DF10C0B28E02A88ADF855
:10B1B0000C20AA88ADF81020ADF80E00ADF81210E2
:10B1C000C4F804B0C4F808B0DAF804000168C9682B
:10B1D00089682160BDF91210B94201DDADF8127025
:10B1E000BDF91260B74205D10068C068816941F0BD
:10B1F00002018161204600F02DF80FFA88F000EB83
:10B200000908A8F10101B942D0DDB7421CD0298854
:10B21000ADF80C10A988ADF81010ADF80E00ADF81F
:10B220001270C4F804B0C4F808B0DAF80400016879
:10B23000C968896821600068C068816941F00201BD
:10B240008161204600F006F809B0BDE8F08F0000EB
:10B2500058010020F0B54E4C06468FB06068F6F7F6
:10B2600035FD0546006850B1686828B107E06068A0
:10B270000068816A01B1884728690028F7D1002554
:10B280006068F6F773FD0146706800F0CDF8074678
:10B290006068416919B1706800F0C6F8054657EA60
:10B2A00005004BD1B06AB0B16846F8F731F8606874
:10B2B000C16A049190F829108DF81A10418DADF8EB
:10B2C000041090F829008DF80300B36A69463046EF
:10B2D0007268984732E06068C06AF8B109A9FAF765
:10B2E0004FFC01282AD109980022410D491EC0F3C4
:10B2F0008A230091114607A85B1EF5F7ADFA01A855
:10B30000F6F7DCFF606807AA90F829108DF80F1097
:10B31000C36A01A93046F6F7A9FF0FE06846F7F7C0
:10B32000F7FF6068418DADF8041090F829008DF8A2
:10B330000300694630467268F7F7D6FF60684069D7
:10B3400028B105B905462946304600F071F90FB914
:10B35000606807693046394600F06AF96068F6F7B8
:10B36000F2FC0146304600F063F96068F6F7E3FC52
:10B370000146304600F05CF960680168097C890785
:10B3800004D40FB0BDE8F040EDF79AB80FB0F0BDAF
:10B390005801002070B5234D002028606868B0F87F
:10B3A0005041002C3DD0002603E0011991F83011E6
:10B3B00079B1641EF9D50168C9688A6922F0010271
:10B3C0008A610068C068816921F0020181610024FE
:10B3D00022E02646EFE7011991F83011D9B9B442BD
:10B3E00005D10168C9688A6942F001028A61016871
:10B3F000C9688A6922F002028A6100EBC400303019
:10B40000FFF77AFE686800EBC4003030F5F7DEF92C
:10B41000296808442860641C6868B0F85011A1428B
:10B42000D9DC70BD580100202DE9FC410D460024F7
:10B43000804622461431E8F7D3FD58B3012128464F
:10B44000FEF751F930BB00208DF800006A4612214A
:10B450002846CDF80480F9F7A7FA9DF800000228E5
:10B4600005D02846FDF72BF8074600260CE0002003
:10B47000BDE8FC81A868006850F826104046FFF738
:10B48000D3FF040006D1761CBE42F3D39DF8000022
:10B4900000B92C462046EBE72DE9FC410025DFF8FA
:10B4A000B4804FE0294491F83011E9BB002441E019
:10B4B000011991F83011C1BBA5423AD000EBC4018B
:10B4C00000EBC50030303031E8F7DEFD68B370685E
:10B4D000B04600EBC40200EBC501684630313032A3
:10B4E000E8F7D1FE6846F5F771F90646D8F804008A
:10B4F00000EBC5003030F5F769F90746D8F80400CD
:10B5000000EBC4003030F5F761F93844864210D2C0
:10B51000D8F80400464600EBC50069463030F5F720
:10B52000FBF80120716801E00BE002E0214481F8A2
:10B530003001641CD8F804004646B0F85011A1420E
:10B54000B6D86D1CD8F80410B1F85021AA42A9D879
:10B55000BDE8FC81580100202DE9F04388460446EF
:10B5600087B001214046FEF7BEF800285DD102A950
:10B570004046A668FDF729F84046E9F706FE014671
:10B58000024602A8F5F74EF902AA314604A8E8F7E8
:10B59000FFFC002849D00DF1100922461421404635
:10B5A000C4F80890F9F700FA224615214046F9F749
:10B5B000FBF9224616214046F9F7F6F94FF400212F
:10B5C0004046FEF790F820B1306800907068019016
:10B5D00006E008F1140231466846E8F7D9FC90B15C
:10B5E000C4F808D04046FCF76AFF0746002508E08B
:10B5F000D8F80800006850F825102046FFF7ACFF87
:10B600006D1CBD42F4D3224617214046C4F8089071
:10B61000F9F7CAF9224618214046F9F7C5F922463A
:10B6200019214046F9F7C0F9A66007B0BDE8F083DC
:10B630002DE9F0470C00814605D11B484068F6F71C
:10B6400095FB04002AD021464846FFF785FF1FE0FE
:10B650000027FCF734FF0646002508E0A0680068D4
:10B6600050F82510E7B14846FFF776FF6D1CB5424C
:10B67000F4D34A4617212046F9F796F94A4618218D
:10B680002046F9F791F94A4619212046F9F78CF935
:10B69000A0464046FDF712F80400D9D1BDE8F08776
:10B6A0004145E3D10127E1E75801002010B591F8A9
:10B6B0002A000C4620F0010081F82A00002088842E
:10B6C000C884088510212046FCF7BEFA4FF40071AB
:10B6D0002046FCF7B9FA21460548FCF70DFAFCF7BD
:10B6E00079FA2046BDE81040002202A100F00AB914
:10B6F000C09602084F7074696F6E20310A4F7074E3
:10B70000696F6E20320A4F7074696F6E20330A4F72
:10B710007074696F6E20340A4F7074696F6E2035D3
:10B7200000000000F8B50E465648FCF7A0FE0128C0
:10B730002ED13046F9F7F5F805463046F9F72FF9DE
:10B7400004462C2D1CD02A2D23D0292D2DD0012D9F
:10B750002DD0022D37D0082D50D0032D4ED00E2DD8
:10B7600050D00F2D5DD00D2D66D0132D7CD0152D12
:10B7700001D0182D0CD13046BDE8F840EEF7A5BD3C
:10B780003046F9F70AF905462046F2F7C7FD28804A
:10B79000F8BDF2F7F9FA18B100222A21F9F704F9F5
:10B7A0002046FEF7CBFE002141E0002140E0A06AE8
:10B7B00020F400312046A162F2F7E6FABDE8F84035
:10B7C0003149F4F77DBAFAF7C1FA6946FAF704FB92
:10B7D000BDF802000028DBD02046F2F7D5FA054676
:10B7E000FDF75AFFBDF80210084401B22846FFF7E2
:10B7F000AFFBA06A40F40030A062F8BDBDE8F8409D
:10B8000003F0A4BDFCF714FFF9F7F0FC0546FAF7C6
:10B810009DFAFAF7DCFA042800D115B1E08C2085F6
:10B82000F8BDE18C208D8142FAD0E08401212046D0
:10B83000BDE8F84003F084BC3046F9F7AEF8007874
:10B84000132812D0122810D0142801D01128E7D1C3
:10B85000E08C0028E4D0258D401E81B201222046D4
:10B8600000F0BBF82585F8BD06E0E08CA18C401CFB
:10B870008842F8D2258DF0E7F2F786FABDE8F84065
:10B88000FEF730BEA4960208B5F9010870B50E4661
:10B890000846F9F746F80446152805D031461848F9
:10B8A000FCF7E5FD012823D13046F9F778F8054685
:10B8B000132C08D0292C1CD0152C19D13046BDE8EA
:10B8C0007040EDF7B5BB3046F9F767F804462846F7
:10B8D000FCF7F4FEF2F722FD06462846FDF7D6FEF9
:10B8E0000246B4F90000B11A884200DC0846208004
:10B8F00070BDFCF7E3FEBDE87040002103F020BC02
:10B90000C09602082DE9F84F15465FEA0109044682
:10B910000DD02046F2F738FA4FF0000B0090A4F853
:10B9200026B0A4F828B0A4F824B0584606E0FEE7F4
:10B930000A2902D1A18C491CA184401C19F80010CD
:10B940000029F5D1A08C401CA08494F82A00DDB316
:10B9500040F0010184F82A104846E4F731FE471C04
:10B96000C7EBC7008246FBF7E1FA06460025A0F1C7
:10B97000010800BF07FB05604946E4F7FDFD6D1CAB
:10B9800007FB05F10A20EDB201F80800072DF1D3FD
:10B990000AEB060101F801BC31460098FBF7ECF90F
:10B9A0003046FBF70FFBA08C00EB4001E184C0EBBD
:10B9B000C000A0842046F3F7BFFBE08C20850098F0
:10B9C000BDE8F84FFEF78EBD20F0010084F82A0094
:10B9D00049460098FBF7D0F9EFE730B490F82A30E9
:10B9E000DB070BD0C38C0724B3FBF4F313B1A3EB39
:10B9F000C3042144C3EBC303194489B2838C8B4233
:10BA000000D8591EC184018530BC114603F098BB93
:10BA100070B50020086791F874000C4620F0030010
:10BA200081F874004FF440712046FCF70DF91021A5
:10BA30002046FCF709F90020F6F73AF9502505EB06
:10BA4000C000B0F5A07F08DB0020F6F731F905EB68
:10BA5000C000A02190FBF1F000E0012001B22046DF
:10BA6000BDE87040FEF7EFBF2DE9F34F83B0FE480D
:10BA70000499FCF7FCFC012852D10498F8F751FF17
:10BA800005460498F8F78BFF044600F047FA06468F
:10BA9000112D17D0012D46D0022D78D0082D77D04A
:10BAA000032DFCD00E2D74D0292D73D0132D72D000
:10BAB0000D2D71D0152D33D1049805B0BDE8F04F90
:10BAC000EDF7F2B90498F8F768FF0546A06810B1E1
:10BAD000B0F9147000E0002704F168016846F4F73B
:10BAE00048FE3A4611466846F4F79CFE0022684636
:10BAF0002968E8F735FB2871002811D1022E0FD1F3
:10BB000004F160016846F4F734FE3A46114668468F
:10BB1000F4F788FE002268462968E8F721FB2871BF
:10BB200005B0BDE8F08F2046FEF7ABF894F874003E
:10BB300040F0010184F874109EB1012E11D0022E44
:10BB4000EED1FAF703F96946FAF716F92046FDF740
:10BB50009DFD05462046FCF770FD854204DB01256E
:10BB600003E004F124003BE0002500212046FDF71E
:10BB700069FAA5B30128BDF900000ED0B4F96C1024
:10BB80008842EEDCB4F96010884241DB0DE062E0EF
:10BB9000D6E008E115E11AE189E1B4F968108842BC
:10BBA000DFDBB4F96410884232DCB4F96410B4F914
:10BBB0006000091A01EBD17100EB6102BDF90000D0
:10BBC000111A002900DC811A0BB2B4F96C20B4F907
:10BBD0006810521A02EBD27201EB62022EE00DE005
:10BBE00020679DE708B298422DDA04F1240044F85A
:10BBF000700F207920F00200207191E7BDF902005A
:10BC0000B4F96A209042ACDBB4F96610884202DDD8
:10BC100004F13000E4E7B4F96230C91A01EBD171E4
:10BC200003EB6103191A002900DCC11A0BB2B4F945
:10BC30006E10891A01EBD17102EB6102111A002911
:10BC4000D0DC811ACEE704F1300044F8700F20797F
:10BC500040F00200D0E7206F0028C2D0FAF776F853
:10BC60000546FAF7B4F80128BBD169462846FAF729
:10BC700083F800212046FDF7E5F982462046FDF7CE
:10BC800005FD06462046FCF7D8FC05460021204667
:10BC9000FDF71BFB804600212046FDF75CFB0746B5
:10BCA00000212046FDF7B2FB814600212046FDF72A
:10BCB000B8FA0246D4E90A010B1AAE421FDBA6EB22
:10BCC0000802D21B15B2BAF1010F11D0B4F91470E9
:10BCD000BDF9006007EB0802B21A5A4392FBF5F275
:10BCE000236F04F130050244AB4214D1616A13E0C2
:10BCF000B4F91820BDF90060D21B921BEDE7AE1A13
:10BD0000A6EB0905B4F91A70BDF902603A44B21AFB
:10BD10002DB25242E1E7206B824201DA024602E094
:10BD20008A4200DD0A461868904296D020461A6082
:10BD3000FDF7A7FF00221C212046F8F735FEEFE6AD
:10BD400094F8740020F0010184F87410002120465A
:10BD50002167FDF796FF2046FCF76AFC0546F9F7D8
:10BD600045FA0646F9F7F2FFFAF731F80428E6D16A
:10BD7000002EE4D0204600F0D1F802280CD194F82F
:10BD80007400810704D440F0020084F87400C7E610
:10BD900020F0020084F8740005B02846BDE8F04F9A
:10BDA0000021F9F79EBAF9F7D1FFFAF710F8042845
:10BDB00001D00228C3D114F8740F20F002002070C3
:10BDC000AEE605B02046BDE8F04FFEF78BBB4FF462
:10BDD000403739462046FDF778FA814639462046F5
:10BDE000FDF7B9FA804639462046FDF70FFB0646B7
:10BDF00039462046FDF715FA0546204643F60E0261
:10BE00003946FDF71FFB00B2009039462046FDF78A
:10BE10000CFC824639462046FDF7F9FB8346204656
:10BE2000FDF734FC00EB4A072046FCF706FC00EB6C
:10BE30004B008742204604DAFDF728FC00EB4A005D
:10BE400003E0FCF7FAFB00EB4B000099401010FBFD
:10BE500001F040F30F2049464246C14500DC11463F
:10BE6000B54203DD2A4602E0DC96020832469142E2
:10BE700007DD49464246C14501DD0D4604E0154651
:10BE800002E0B54200DC354605444FF4403120461F
:10BE9000AD1CFBF7A9FD284404B20498F8F77DFD1A
:10BEA000B0F90010A14200DD0C46048038E6049889
:10BEB000F8F773FD0078132812D0112810D0142839
:10BEC00001D01228F2D194F874008007204616D4CD
:10BED000F4F7E6FD411E01222046F4F714FE15E0BA
:10BEE00094F874008007204604D4F4F7D9FD0122A9
:10BEF000411CF1E7F4F7C5FD0122411C03E0F4F712
:10BF0000C0FD411E01222046F4F7D8FD05B02046B1
:10BF1000BDE8F04F00221C21F8F746BD10B5F4F73C
:10BF2000ABFD012802D0022800D0002010BD000087
:10BF30000FB40A4608B505A9009101460348049BC1
:10BF4000E9F756FD01B05DF814FB0000E559000863
:10BF500030B50C4691B002212046FBF775FE6846CD
:10BF6000F3F7F2FE1548CDE900404FF6FF70ADF84B
:10BF70003C00134801680A914268079202F5B470C8
:10BF8000CDE908206846F3F753FF0E4806900020DD
:10BF90004FF4B475CDE9080507900B480190684649
:10BFA000F3F746FF2A4600212046F4F7A2FA4FF4A1
:10BFB00087712046F4F74EFB11B030BD7561000863
:10BFC000B40100207DFD00087B610008F0B5848885
:10BFD0004FF0010623040BD5006804E08B4201D129
:10BFE000406815E008300388002BF7D10020F0BD31
:10BFF000C379002BFAD0012B11D90468002004EB7F
:10C00000830509E035F810708F4204D154F8200000
:10C0100010603046F0BD401C8342F3D8E6E7C4F31D
:10C020000E038B42E2D1006810600120F0BD0821B0
:10C03000FBF724B9C07908B1002070470120704790
:10C040001CB50022FF214E2866D01EDC332865D0A7
:10C050000EDC292860D006DC20284BD022284DD0C9
:10C06000252841D158E0302848D031283CD153E030
:10C07000462851D004DC3B2840D0442834D13DE050
:10C0800047283BD04D282FD138E040F63C04A0F69D
:10C090003C03A04240D010DC40F25744A0F257438A
:10C0A000A0422BD004DC522828D053281CD133E0E6
:10C0B000012B31D00B2B17D12EE040F2CA74A3F222
:10C0C000CA70A3422FD006DC092B25D0A3F5E0636C
:10C0D000C73B09D127E0A0F58060533821D0A0F2FA
:10C0E000B530B0F5005F02D0009200981CBD4FF44F
:10C0F000807014E0FF221146104602E00022114633
:10C100001046F5F718FC0190BDF804000190BDF849
:10C110000400ADF80000E8E70091E6E70F2000908A
:10C12000E3E70248FBE741F6FF70F8E7C495020831
:10C1300002490888401C80B20880704740020020F5
:10C140002DE9F041828804460F46100459D4E07965
:10C15000002851D0012804D02668002106EB800574
:10C160004DE0C2F30E0088424BD1D00BC003A0803B
:10C170000020E0713FE000BF35F81130BB423DD1F7
:10C18000022811D0401E00EB40004000FAF7A2FE4A
:10C19000010036D02160E079401EC0B2E07101EBB1
:10C1A0008003002002461FE00120E071002907D033
:10C1B000B5F8000060F30E02A28003D1706802E0BF
:10C1C0006888F7E73068206012E000BF35F810C0DB
:10C1D000BC4508D056F820E041F822E035F810C000
:10C1E00023F812C0521C401C94F807C08445EDD2BD
:10C1F0003046FAF7F9FE0120BDE8F081491C88427B
:10C20000BAD80020F8E710B50446808800040BD4A3
:10C21000E079012802D92068FAF7E6FE2046BDE859
:10C2200010400821FBF72AB810BD0A46652100F02E
:10C23000C3B803B482B0BDF80C10ADF80010009A7A
:10C24000522104B000F0B8B80A46512100F0B4B849
:10C250000A464FF4056100F0AFB803B482B0BDF8F0
:10C260000C10ADF80010009A202104B000F0A4B822
:10C270000A46212100F0A0B803B482B0BDF80C102A
:10C28000ADF80010009A302104B000F095B80A46CD
:10C29000342100F091B80A46332100F08DB80A46E7
:10C2A00041F2320100F088B80A46612100F084B8FA
:10C2B0000A46632100F080B80A46642100F07CB889
:10C2C0000A4641F2040100F077B803B482B0BDF829
:10C2D0000C10ADF80010009A4D2104B000F06CB8BD
:10C2E0000A4640F6490100F067B80A4641F20601E5
:10C2F00000F062B803B482B0BDF80C10ADF80010C5
:10C30000009A3B2104B000F057B80A4640F63C01C1
:10C3100000F052B80A4640F63D0100F04DB80A461A
:10C3200040F63A0100F048B870B50C46054600F0FA
:10C330002EF82146284600F02FF82146284600F026
:10C3400035F821462846BDE87040AFF300800A4624
:10C3500041F6110100F030B80A4641F6150100F02F
:10C360002BB870B50C46054600F01BF82146284650
:10C37000BDE87040FFF7F0BF70B50C46054600F011
:10C3800006F821462846BDE8704000F005B80A4688
:10C3900041F6120100F010B80A4641F6130100F010
:10C3A0000BB80A4641F6140100F006B80A4641F6F9
:10C3B000100100F001B800002DE9F041044680882A
:10C3C0000E46010410D4E17901271546012935D91B
:10C3D0002268084602EB810308E000BF33F810C072
:10C3E000B44503D142F82050BDE8F081401EF5D598
:10C3F000491C01EB410041001046FAF739FE0100EB
:10C40000F2D02160E07901EB800205E002EB400C04
:10C4100032F81030ACF80430401EF7D5E079401CFB
:10C42000C2B201EB820000EB4200E27120F8026C24
:10C43000E07901EB800040F8045C20E01AD1C0F301
:10C440000E00B04201D12260CEE70C20FAF742FD87
:10C450000028C9D022682060E179491CC9B2E17185
:10C46000A38800EB8101C3F30E030B804E80C0E96B
:10C47000002504E0E77166F30E00A08022603046DC
:10C48000E9F747F8A17987403943A171ACE70A463B
:10C490006021FFF791BF03B482B0BDF80C10ADF876
:10C4A0000010009A442104B0FFF786BF0A4640F608
:10C4B0004201FFF781BF0A4640F64501FFF77CBF06
:10C4C0000A464FF40461FFF777BF70B50C46054686
:10C4D00000F02AF821462846BDE87040FFF7F0BE7C
:10C4E0000A4641F25D41FFF767BF03B482B0BDF871
:10C4F0000C10ADF80010009A40F2574104B0FFF75D
:10C500005BBF0A4641F25B41FFF756BF0A4640F661
:10C510000B01FFF751BF0A4640F60A01FFF74CBF77
:10C520000A466721FFF748BF0A4641F20101FFF7BB
:10C5300043BF00002DE9F0470F46DDE908891E469C
:10C54000154604461421FAF799FE276005B9044DF3
:10C55000C4F80490083484E86001BDE8F087000066
:10C56000E3FD00084162FDF78CBB00684FF0FF312E
:10C570004162FDF786BB10B54FF0FF300C464862B4
:10C5800010212046FBF760FB08212046FAF798FFB0
:10C590002046BDE810404FF48061FAF791BF08468D
:10C5A0000021F3F78DBB00002DE9F047894635489F
:10C5B000FBF75DFF01285CD14846F8F7B2F9044665
:10C5C0004846F8F7ECF98046132C08D01C2C52D0C2
:10C5D000152C4ED14846BDE8F047EDF738BF4FF473
:10C5E00040352946FCF778FE074629464046FCF7C9
:10C5F000B9FE064629464046FCF70FFF0446294689
:10C600004046FCF715FEB74201DD394600E03146F1
:10C61000A04201DD024600E02246914205DDB7421C
:10C6200001DD384604E0304602E0A04200DC20464E
:10C63000841C29464046FBF7D7F9204405B24846FA
:10C64000F8F7ABF90446B0F90000A84200DD054652
:10C6500025804FF4003529464046FBF7C5F90146D1
:10C66000B4F90000814203DB29464046FBF7BCF9E0
:10C670002080BDE8F08700F007F84046BDE8F047AD
:10C68000FDF7FFBAF8960208F0B591B00646002112
:10C690006522FCF7D7FE07002DD03046FCF7A2FC40
:10C6A000746A00F00100611C4FF4807501D038B944
:10C6B00005E008B1002403E02C46002503E0002536
:10C6C000601B002801DD601B00E0281B7843070A7F
:10C6D00000213046F3F7F4FA6846F3F735FB0748D4
:10C6E00008A9CDE9006006480390079481E8B000EE
:10C6F0006846F3F79DFB11B0F0BD000065C5010869
:10C700006BC5010810B501208884C8840C4602203E
:10C71000FAF7E0FB2063E08C4000FAF7DBFBE06215
:10C72000216B82200880E16A0880E08CA18C48435C
:10C730008100A06AFAF79CFC0021A062016010BD94
:10C7400070B500250C462E460AE000BF50F82500C3
:10C7500020B1FAF749FCA06A40F825606D1CADB223
:10C76000A08CE18C4843A842A06AEFDC08B1FAF73C
:10C770003BFCE06A08B1FAF737FC206B002803D0D5
:10C78000BDE87040FAF730BC70BD00002DE9FC41F7
:10C790000F466B48FBF76BFE012843D13846F8F78C
:10C7A000C0F805463846F8F7FAF804462A2D14D0A2
:10C7B0002C2D17D0012D37D0022D35D04FF6FF7616
:10C7C000082D49D00E2D66D00D2D68D0152D29D1FC
:10C7D0003846BDE8FC41EDF7EBBEBDE8FC41002169
:10C7E00002F038BD3846F8F7D8F803460020014675
:10C7F000A28C05E0256B35F81150491C284400B285
:10C800008A42F7D800210A46E58C05E0E66A36F848
:10C810001260521C314409B29542F7D8401E18806C
:10C82000491E5980BDE8FC8101AA6946F1F78FFBDA
:10C830000128F7D1A18EBDF80400814204D1E18E18
:10C84000BDF800209142EDD0A086BDF80010204632
:10C85000E186FDF716FAE5E7FDF713FAF9F776FA40
:10C86000F9F7A9FAA18EB1420AD0E18EB14207D000
:10C8700030B900221C212046F8F796F80128D1D1C2
:10C88000F9F764FAF9F7A3FA012801D00328C9D10E
:10C89000A686E686C6E7BDE8FC41FDF7F2B9384654
:10C8A000F8F77BF8A18E0568E08E0F468446B1420A
:10C8B00001D0B04204D10020A086E0862046EAE7FD
:10C8C000A38C8B4200DC0021E28C824200DC002041
:10C8D000142D0ED0132D0ED0112D0ED0122DA1D14E
:10C8E000401C8B420DDC511E814208DD0021401CA2
:10C8F0000EE0491EF5E7491CF3E7401EF1E7591E1B
:10C9000006E0002904DA10B1591E401E00E00021A3
:10C91000824201DC501E02E0002800DA00208F4233
:10C9200001D1844597D0A186E0862046FDF7A9F97C
:10C9300002B02046BDE8F04100221C21F8F734B8CF
:10C940004899020873B592B00446139810900020DD
:10C9500010AD119029462046F2F7D6FC012862D18D
:10C9600094F85C00000704D513980A285BD00D28C2
:10C9700059D0304A002113A812689047014620463A
:10C98000EAF7B6F800284ED094F85C00400702D5CC
:10C99000204602F067FAA06A38B1606AF9F71AFE19
:10C9A000007810B92046FDF76CF92A46216C606AC0
:10C9B000F9F716FE204600F0D3F894F85C00400723
:10C9C00027D5E06AE3F7FCFD06462846E3F7F8FDC5
:10C9D0003118491CE06AFAF74BFBE06228B32A469B
:10C9E000216CE8F763FE208F00B36846F3F7ACF9DB
:10C9F00011480121CDE90040208F0A9000200790C6
:10CA0000CDE908010D4806900D4803906846F3F7FC
:10CA10000FFA216C2046491C00F062FA00221C210A
:10CA20002046F7F7C1FF14B070BDFEE7204602F0C4
:10CA300019FAEEE75C020020F9EE010807FE000893
:10CA4000FBEE0108F0B591B00D00044609D094F852
:10CA50005C00400702D5204602F004FA206B18B9AA
:10CA600000E0FEE7606BA0B10020374E374F00902A
:10CA700009E0326869462846904739688847014688
:10CA80002046FFF75FFF0098285C0028F1D111B025
:10CA9000F0BD29462046F2F737FC0128F7D1A06AFD
:10CAA00038B1606AF9F796FD007810B92046FDF7B5
:10CAB000E8F82A46216C606AF9F792FD204600F0FA
:10CAC0004FF894F85C00400727D5E06AE3F778FD5B
:10CAD00006462846E3F774FD3118491CE06AFAF768
:10CAE000C7FAE06250B32A46216CE8F7DFFD208FD9
:10CAF00028B36846F3F728F915480121CDE900402D
:10CB0000208F0A9000200790CDE908011148069077
:10CB1000114803906846F3F78BF910492846266CB4
:10CB2000096888473118204600F0DAF911B020462C
:10CB3000BDE8F04000221C21F7F736BFFEE7204693
:10CB400002F090F9E9E700005C0200206402002096
:10CB5000F9EE010807FE0008FBEE01087002002054
:10CB600070B50446406AF9F739FD4FF6FF75A842E3
:10CB700004D1606AF9F730FDA84209D02946606AFD
:10CB8000FAF75CF92946606ABDE87040FAF753B9D4
:10CB900070BD000010B591F85C000C4620F0040058
:10CBA00081F85C000020C86240F2DC5121872063DC
:10CBB000606394F8501041F0010184F85010012195
:10CBC000216494F8501041F0020184F85010A087BD
:10CBD00094F85C1021F00A0184F85C106062A06295
:10CBE0002046F9F75FFA60626420FEF729FA0146F1
:10CBF000606AFEF77FF90CA1606AFAF7BDF80023BE
:10CC00001A460A49606AFAF71DFC4FF48061204613
:10CC1000FAF756FC0021204600F062F92046BDE8F4
:10CC2000104003F049B800000000000071F800084F
:10CC300038B50446016C406A6A46F9F7E5FB002105
:10CC40002046FCF7D6FC054600212046FCF7A3FC55
:10CC50000089BDF802106D1C08442844ADF802009C
:10CC6000A08FADF80000606AFBF7E7FCBDF9021089
:10CC7000884209DD6946606AF9F7C6FA014620462E
:10CC8000A58F00F02DF9A58738BD016C002902D0D1
:10CC9000491E00F025B97047016C491C00F020B90D
:10CCA00038B50446016C406A6A46F9F7ADFB0021CD
:10CCB0002046FCF79EFC054600212046FCF76BFC55
:10CCC0000189BDF802002944401A401CADF8020059
:10CCD000A08FADF800006946606AF9F795FA014641
:10CCE000A58F204600F0FCF8A58738BD38B504466E
:10CCF000006C00283FD021A06946006800902046C3
:10CD0000F2F702FB012836D1606AF9F763FC216C67
:10CD100005460122491EE8F711FC2946606AFAF728
:10CD20002BF82046FFF71CFFA06A38B1606AF9F7BC
:10CD300051FC007810B92046FCF7A3FF94F85C0082
:10CD400040070ED5216C0122491EE06AE8F7F6FB88
:10CD5000E06AE3F735FC411CE06AFAF789F9E06222
:10CD600050B1216C2046491E00F0BAF800221C2167
:10CD70002046F7F719FE38BDFEE700007F000000EF
:10CD800070B5056C0446691C00F0AAF8206CA84236
:10CD900004D02046BDE87040FFF7A8BF70BD70B555
:10CDA000C86A0C46002510B1FAF71EF9E562A06AC0
:10CDB000002802D0FAF718F9A56270BD70B50E46CA
:10CDC0003F48FBF754FB012878D13046F7F7A9FD1F
:10CDD00004463046F7F7E3FD05460E2C12D00D2C25
:10CDE00014D0012C60D0022C5ED0032C5CD0082C17
:10CDF0005AD0152C5DD0182C60D13046BDE870405B
:10CE0000EBF74ABDBDE8704002F056BF3046F7F779
:10CE1000C4FD0168132910D0142913D0112916D08C
:10CE2000122919D008291CD07F291FD0022922D00D
:10CE3000032922D00A2927D031E02846BDE87040D6
:10CE4000FFF72ABF2846BDE87040FFF71EBF2846FF
:10CE5000BDE87040FFF724BF2846BDE87040FFF7EB
:10CE6000E7BE2846BDE87040FFF740BF2846BDE852
:10CE70007040FFF785BF002101E047F6FF712846AB
:10CE8000BDE8704000F02CB8284600F01BF830B127
:10CE90002846BDE8704000221F21F7F785BD2846CF
:10CEA000BDE87040FFF74EBD3046BDE8704004F06D
:10CEB000DBBA3046BDE87040EDF782BF70BD0000C0
:10CEC0008099020890F85C00C0F3C000704790F8A9
:10CED0005C10490702D4406AF9F77CBBC06A70470E
:10CEE000F8B50546006C0C46A04266D0686AF9F7B2
:10CEF00071FB324909688847002C00DA04448442F7
:10CF000003DCA4F5FE41FF3900D1044628462C6419
:10CF1000FEF73AF800212846FCF73DFB06466A4634
:10CF20002146686AF9F770FAB6F908402846FBF717
:10CF3000F7FCBDF90210884203DD01222846FDF707
:10CF40004BFD2846FBF70DFB06462846FBF7E8FCA1
:10CF5000BDF902100A19101AB04206DD881B2044E0
:10CF600001B201222846FDF737FD2846FBF70CFCED
:10CF7000BDF90010884203DD01222846FDF716FDA9
:10CF80002846FBF708FB06462846FBF7FDFBBDF9E4
:10CF900000100A19101AB04206DD881B204401B2A5
:10CFA00001222846FDF702FDBDF800102846A9879A
:10CFB00002F082FE284601F0B9FFF8BD70020020A1
:10CFC00070B5044600F081F805000AD02046054AF5
:10CFD0000021FDF729FB21462846BDE87040E9F70E
:10CFE000B9B870BDFFFF0F0000B500F059F8002878
:10CFF00000D0014800BD0000705200202DE9FF471D
:10D00000994607460C9E00F04BF8214D40B9002090
:10D0100028704FF4B070F9F75DFF1E490860E860B2
:10D02000F4F740FEF4F756FE4FF00108B0F5A07F8C
:10D0300001DC032007E0F4F735FEF4F74BFEB0F512
:10D04000347F02DA0220687001E085F80180124C1A
:10D05000A4F12800E760BDF804100187BDF80810AE
:10D06000418766610D48A6612060C4E9076902F046
:10D0700053FE27B13846F4F789FEA04202D10020C2
:10D08000FDF750FB85F8008004B00348BDE8F08749
:10D09000BC0100202C02002070520020D50902089B
:10D0A00002480068002800D0012070472C020020B0
:10D0B00008B500F00AF808B1006902E01120FDF798
:10D0C000AFFF0090BDF8000008BD10B510B1FBF730
:10D0D00083FA01E0F4F7E6FDBDE81040F4F756BE30
:10D0E00010B5044600F002F8001B10BD03490122F0
:10D0F00048680A700B78002BFBD0704710020020A4
:10D100002DE9F041074615460E460B48E7F7B6FFF6
:10D11000040010D0A7604FF0FF302660206100208F
:10D120006061FFF7E3FFE56004496060012008717A
:10D130002046BDE8F081FEE7945200204402002022
:10D1400010B5044601460548E7F7DDFF0449012014
:10D15000C8702046BDE81040F9F746BF9452002041
:10D16000440200202DE9F047494CA07810B101207D
:10D17000BDE8F0870120A0702078002628B1FFF7D5
:10D18000B5FF5FEA000902D007E0A670EFE720696B
:10D19000401C2061642800D926613E4D4FEA0608F4
:10D1A00084F8038084F804803B48E7F742FF286056
:10D1B00037E03948E7F74FFF2E680746307DC00754
:10D1C0002ED18246304600F078F888B93069B0F147
:10D1D000000A01DD401E3061FFF788FF7060B16812
:10D1E00021B1BAF1000F01D0304688474FF0010A53
:10D1F000E07820B9306910B93046FFF7A1FFBAF1E5
:10D20000000F0DD02079E178084309D02868002864
:10D21000C6D100BF4FF0FF351F48E7F70AFF11E006
:10D220002F6029680029C4D1F4E7307DC00705D1FB
:10D23000304600F042F8A84200D205463146164872
:10D24000E7F709FF0600F0D14846FFF749FFE1681C
:10D250000844E060A068FFF743FFB0F5FA7F13D3FE
:10D26000E16864225143B1FBF0F0C0B26070642801
:10D2700001D9002001E0C0F1640060702646C4F8C6
:10D280000C80FFF733FFB06084F8028028466FE718
:10D290004402002028020020945200200121416114
:10D2A000704710B50446FFF721FF2168401A401E61
:10D2B000606010BD00214161704710B504464068B0
:10D2C000FFF70EFF2168814201D8002010BD081A27
:10D2D00010BD70B50346083A0C4602F00300111A5F
:10D2E000A00705D1A1F10C004FF6F572904201D3D1
:10D2F000002070BD2078251F00F00300084320F0B7
:10D30000020040F00101216029461846E8F753FF6A
:10D310002846E8F785FF017902214160204670BD6B
:10D3200070B5810701D0002070BD00238060C0E986
:10D330000303194600EB810200EBC1145361002284
:10D3400004EB8206521CF063202AF9DB491C0A29EF
:10D35000F0DB70BD70B50C460546FFF7E1FF0646F1
:10D36000A4F23C5205F23C51FFF7B3FF304670BDCA
:10D3700070B5002926D00839064608790C46C00742
:10D3800000D0FEE70846E8F7A1FF2179304689077B
:10D390000CD52568A5B12979C90712D02946E8F727
:10D3A000FDFF21462846E8F7EBFE044621463046BD
:10D3B000E8F7A6FF01463046BDE87040E8F7FBBE3F
:10D3C000FEE7FEE770BD00F23C50704770B50A46BC
:10D3D000054604211046E8F735FD04460146284677
:10D3E000E8F724FF014622462846BDE87040E8F7EA
:10D3F000ADBF2DE9F05F90460C0081464FF000056F
:10D400001FD0B8F1000F18D0A4F108052846E8F79E
:10D4100092FF82466868042120F00307DAF80400CE
:10D4200020F00300384400F1040B4046E8F70AFD01
:10D4300006462879C00709D0FEE74846FFF798FF5F
:10D4400041E01146FFF7C2FF05463CE0BE4216D957
:10D450009AF80400C00701D05E4510D941464846FD
:10D46000FFF7B4FF05002ED04046474500D30746DE
:10D470003A4621462846F9F723FE2146DDE7BE421B
:10D4800006D929464846E8F73BFF2846E8F72BFF30
:10D4900028794F46C00700D0FEE731462846E8F716
:10D4A00080FE78B131462846E8F789FF014640689A
:10D4B00020F0020048603846E8F722FF014638466F
:10D4C000E8F779FE25462846BDE8F09F70B5164678
:10D4D00001B90D49001F0D460DE000BF10F0010F0E
:10D4E0000FD0002220F0030104F108003346A847C2
:10D4F0002046E8F720FF040002D060688108EDD1E3
:10D5000070BD0122EEE70000A97500085A3000B294
:10D51000AFF300804FF4B47190FBF1F201FB120005
:10D52000002802DA00F5B47000B20E495A2802DA77
:10D5300031F910007047A0F15A025A2A03D2C0F103
:10D54000B40000B2F4E7A0F1B4025A2A01D210B23A
:10D5500002E0C0F5B47000B231F81000404200B2F1
:10D5600070470000909802082DE9FF4F83B05FEAF2
:10D570000009119F7BD099F80000002877D004980B
:10D58000002871D01098800702D541F6FF700690F0
:10D5900000243F4A009401945268A346254626463B
:10D5A0004FF0FF3869464846904782460098019000
:10D5B00050E0374A01A94846526890478346109880
:10D5C000761CC00704D051461298E8F799F898BB2A
:10D5D0005A4651460498F7F7C2FA00B229180DB21C
:10D5E000002802DD0598284405B2B8F1FF3F05D1B7
:10D5F0000598291A0698814200DDA0465046BAF1E6
:10D600000A0F1AD0BAF10D0F17D00146A0F59C40B1
:10D6100045F2A512904210D9002005E01DA2125C2F
:10D620008A420AD0401CC0B21AA2125C002AF5D16C
:10D6300017B1B8F1FF3F08D008E024B9B8F1FF3FB7
:10D6400001D107B13D60761E08E03D60DDE9004094
:10D65000DA46009019F804000028AAD1B8F1FF3F7B
:10D6600006D0139870B1404607B0BDE8F08F0CE0CB
:10D670002EB1BAF10D0F03D1BBF10A0F00D1009CFE
:10D680002046F1E70FB1002038600020ECE70000F1
:10D6900058020020202C2E3B3A2D5F002DE9FF4F31
:10D6A00083B004464FF00000DDF848A0DDF840905C
:10D6B000208093460F00608049D0BBF1000F46D018
:10D6C0005FEA8A7002D541F6FF7011900025A846E6
:10D6D000BBF8086025E00020CDE9000A7819029027
:10D6E0005946119B069AE7F761FF8044B4F902009E
:10D6F00006EB09010144B1F5004F28D230444844FB
:10D700006080A8EB0501CDF800A05A46069B029860
:10D7100000F022F8B4F90010814200DB08462080B6
:10D720004546785D0028D6D15DB1781910F8010C16
:10D730000A2801D00D2804D1618806EB09000844AD
:10D740006080B4F9020028B1A0EB0900608007B046
:10D75000BDE8F08F6680FAE72DE9FF471E46DDF849
:10D76000309090460D4607000CD0B8F1000F09D05C
:10D770003878002807D00020044602908DF80C006D
:10D78000EDB923E0002004B0BDE8F08702AB01AAA8
:10D7900069463846E7F7F2FE5FEAC97004D003A88D
:10D7A0000099E7F7ADFF50B9DDE900124046F7F701
:10D7B000D6F900B2002802DD2044304404B20298B9
:10D7C000A842E3D3002C01DDA01B04B22046DAE717
:10D7D00010B50146802825D3002301F03F0242F016
:10D7E0008002B1F5006F0AD2C0F3841141F0C0018C
:10D7F00061F3070062F30F2063F3174010E0C1F3F9
:10D80000851444F08004B1F5803F0CD2C0F303319D
:10D8100041F0E00161F3070064F30F2062F3174069
:10D8200063F31F6010BDB1F5881FFBD2C1F38243C3
:10D8300043F0F003C1F3053163F3070041F08001C9
:10D8400061F30F2064F3174062F31F6010BD000006
:10D850002DE9F04100240F4606462546DFF82480D6
:10D8600007E0D8F800103019884700B901200444B7
:10D870006D1CBD4202D2305D0028F2D12046BDE8C9
:10D88000F081000058020020F8B5074600200D4640
:10D890000446064E009004E0726869463846904798
:10D8A000641C0098A842F7D32046F8BD5802002017
:10D8B000F8B500240546074E009404E072686946F6
:10D8C00028469047641C0098285C0028F6D1204622
:10D8D000F8BD00005802002078B5002504460095E8
:10D8E00001B969460A68A05C030601D4054634E024
:10D8F00006260223B6EB501F06D1C006400D24E0D9
:10D9000004F03F031D1828E00E26B6EB101F02D1CD
:10D910000007000C0FE01E26B6EBD00F1DD1521CE5
:10D920000A604007A55CC00AB3EB951F13D105F050
:10D930003F0500EB0530521C0A60A55CB3EB951F58
:10D9400009D105F03F0500EB8510521C0A60A45C6C
:10D95000B3EB941FD4D0002078BD521C28460A6037
:10D9600078BD0000F8B5074608680025401E0C4643
:10D970000D4E086001E0042D13D220683168384450
:10D98000884718B9216861B1491E21606D1CEDB24C
:10D990000028F0D0206800907268694638469047A9
:10D9A000F8BD0020F8BD00005802002000780106F4
:10D9B00001D4012070470621B1EB501F01D1022094
:10D9C00070470E21B1EB101F01D1032070471E21BB
:10D9D000B1EBD00F01D10420704700207047000048
:10D9E00008B5009313460A4601460248E8F700F8D6
:10D9F00008BD0000E55900080E4900200860E3F763
:10DA0000CDFCE5F7F1FF62B6E5F782FDE5F748FDED
:10DA1000E5F714FDE5F79AFDE5F7E8FDE5F70AFE01
:10DA2000E5F740FE00F08AFCE5F760FD00F098FCA9
:10DA3000FEE7000008ED00E0704770B50D460646B1
:10DA40008022F3F7CEFB044680213046F3F70BF932
:10DA5000002C06D029463046BDE870408022F3F7FE
:10DA6000CCBB70BD2DE9FF4F98468A880B8883B0E8
:10DA7000D21A521C16B2CA8849888146511A491CCA
:10DA80001498DDF848B00FB201280AD002280AD055
:10DA900003282FD1314D00BF5FEA0B0027D00020B3
:10DAA00058E02F4DF8E72F4DF6E7002415E000BFB2
:10DAB00009EB440B119ABBF80000ADF8040008EB29
:10DAC00044000088ADF80000DDE90001A84700909F
:10DAD000BDF80010ABF80010641CB442E8DB0599F7
:10DAE0000AF1010009EB4109109908EB410882464F
:10DAF000B842DADB07B0BDE8F08F00241EE000BFBB
:10DB00001BF80400C8B1FD2801D3119A02E0119955
:10DB10004843020A09EB440001900088ADF8080070
:10DB200008EB440002990088ADF800000098A8476F
:10DB300000900198BDF800100180641CB442DFDB46
:10DB400005990AF1010009EB4109109908EB410818
:10DB500013998B448246B842CFDBCBE7677200084B
:10DB6000F3710008CD7200082DE9FF4F06468A8840
:10DB700008888BB0101A401C07B2CA884888DDE9B3
:10DB800019BA101A401C0FFA80F85FEA0A001D4605
:10DB9000584605D0FD287CD9A7F1040B002027E1C9
:10DBA000FD2813D300247F000BE03A462946304677
:10DBB000F9F786FA0D98641C06EB4006189805EBF9
:10DBC00040054445F1DB0FB0BDE8F08F002021E0B7
:10DBD000002415E006EB440A5A46BAF80000ADF8F6
:10DBE000180005EB44000088ADF81400DDE90501DC
:10DBF000F3F708FF0590BDF81410AAF80010641C94
:10DC0000BC42E7DB0D9806EB4006189805EB400593
:10DC100009F1010081464045DADBD4E7D146002412
:10DC20001CE000BF99F80020AAB1FF2A06EB4400CF
:10DC30001AD009900088ADF8200005EB4400008858
:10DC4000ADF81C00DDE90701F3F7DCFE0690BDF836
:10DC500018100998018009F10109641CBC427CDAA2
:10DC60005FEA8970DED178E005EB44010988F1E7CD
:10DC7000D9F80000F0B3401C74D099F80020BAB174
:10DC8000FF2A06EB44007AD009900088ADF8200006
:10DC900000E0B6E005EB44000088ADF81C00DDE9CB
:10DCA0000701F3F7AFFE0690BDF818100998018040
:10DCB00009F10100059099F80120AAB1FF2A06EBAD
:10DCC000440060D009904088ADF8200005EB440086
:10DCD0004088ADF81C00DDE90701F3F793FE0690DC
:10DCE000BDF81810099841800598401C05900278ED
:10DCF000BAB100E02EE0FF2A06EB440047D00990BD
:10DD00008088ADF8200005EB44008088ADF81C0049
:10DD1000DDE90701F3F776FE0690BDF818100998C3
:10DD2000818005984278AAB1FF2A06EB440032D0E0
:10DD30000590C088ADF8200005EB4400C088ADF820
:10DD40001C00DDE90701F3F75DFE0690BDF8181031
:10DD50000598C18009F10409241D5C4588DB3BE07E
:10DD600000E00CE005EB440006EB440102880A8069
:10DD700042884A8082888A80C088C880EAE705EBAA
:10DD80004401098893E705EB44014988ABE705EBBB
:10DD900044018988C4E705EB4401C988D9E700BF7D
:10DDA00099F80020AAB1FF2A06EB440025D009907B
:10DDB0000088ADF8200005EB44000088ADF81C0099
:10DDC000DDE90701F3F71EFE0690BDF8181009986B
:10DDD000018009F10109641CBC42E1DB0D981B992B
:10DDE00006EB400618988A4405EB40050198401C54
:10DDF00001904045FFF612AFE5E605EB44010988C6
:10DE0000E6E700202DE000241FE000BF1AF8040020
:10DE1000D0B1FD2801D35A4602E000FB0BF0020A04
:10DE200006EB440003900088ADF8180005EB4400B1
:10DE30000088ADF81400DDE90501F3F7E3FD059076
:10DE40000398BDF814100180641CBC42DEDB0D9801
:10DE50001B9906EB400618988A4405EB400509F12A
:10DE6000010081464045CEDBADE600002DE9FF4FC5
:10DE700085B09A460C46DDF850B0E7F743FB0390B7
:10DE8000A0882188401A401C06B2E0886188401AA8
:10DE9000401C0FFA80F8BBF1000F01D000204BE0CE
:10DEA00000271DE0002515E0139802900AEB4500BD
:10DEB000079A0088ADF804006088384400B20090EA
:10DEC00020880599284403B203980068D0F81CC044
:10DED000E0476D1CB542E7DB12997F1C0AEB410A53
:10DEE0004745DFDB09B0BDE8F08F00251BE000BF30
:10DEF0001BF80500B0B113994843000A02900AEBE1
:10DF00004500079A0088ADF80400618801EB09001C
:10DF100000B2009020880599284403B20398006855
:10DF2000C769B8476D1CB542E2DB159909F10100DC
:10DF30008B4412990AEB410A81464045D5DBD1E773
:10DF400070B515460E460446802805D2E11700201C
:10DF500004EB9171891006E003F0B6F8411FCC4044
:10DF600084F02001801F3060296070BDFD2902D23D
:10DF7000022901D80020704710FB01F000EBC0110E
:10DF800001EBC030C0F3C750704700002DE9F041ED
:10DF9000F6F705FD0746FAF791FB0646FAF78EFB02
:10DFA0000546F3F7C5FA046800213046FAF775FA1A
:10DFB000B84244F3074008D1012801D0401E07E0D1
:10DFC0000C2060F31744601E1FE00C2819D0401C81
:10DFD00060F3174444F30747A1B20C463A4628467B
:10DFE000F3F7A8FA01213046FAF757FA0849224612
:10DFF00001EB870151F8043CBDE8F04105A1F8F7B9
:10E00000F2BE012060F31744601C60F30F04E1E7E7
:10E010007C010020256420257300000070B50546B2
:10E02000F6F7BDFC04462846F6F7BBFC054620463D
:10E03000F6F74EFA04462846F3F77AFA0088641C8D
:10E0400062B262F3174081B22846BDE87040F3F730
:10E0500071BA000070B50D4600212846FBF780FF1D
:10E0600000212846FCF714FD002302221946284609
:10E07000FCF7F2FC2846F2F7D3FD0646002228A161
:10E08000FCF7E6FE42F264013046FCF71DFD304627
:10E09000FCF77AFF3046FAF7D0FA044601463046DC
:10E0A000FCF728FF002307221E493046F9F7CAF97A
:10E0B00004213046F9F7C8FD2846F7F7F3FF064676
:10E0C0000321F8F71DFE002202213046FCF7FAFE7C
:10E0D00001213046FCF7ECFC2846F2F7A1FD06468C
:10E0E000002211A1FCF7B4FE224611463046FCF78F
:10E0F000A4FD002307220B493046F9F7A3F90421B8
:10E100003046F9F7A1FD00231C2208492846F9F7FB
:10E1100099F92846BDE8704000221C21F6F744BC5E
:10E12000EF8193008DDF0108EF819400AD1A0208A2
:10E130002DE9F0410F460846FAF7C0FA04460021DF
:10E140003846FBF70DFF00213846FCF7A1FC3846A6
:10E15000F6F71CF9164D06466968F6F747FB2346A5
:10E160001C2214493046F9F76DF901213046FCF7BD
:10E170009FFC3846F6F70AF906462968F6F736FB9B
:10E1800023461C220C493046F9F75CF90121304640
:10E19000FCF78EFC00231C2208493846F9F752F997
:10E1A0003846BDE8F04100221C21F6F7FDBB000017
:10E1B000AC010020052602081DE00108F11A020842
:10E1C00070B5094D04466868002808D044B120465F
:10E1D000EFF7B0FBA9682044884200D3002070BD4F
:10E1E0000248006870BD0000A00200203402002038
:10E1F000002902D00068091D42507047002901D053
:10E200000068425070472DE9F04104460022212168
:10E21000F6F7CAFB00287ED000212046FAF73DF928
:10E2200010B1FFF7F0FFF7E72046FAF701FA0646CC
:10E230000020F7F791FD054600271CE0686AA04220
:10E2400002D0A86AA04203D121462846F7F728FE4B
:10E25000286BA04200D12F63286DB04207D1F7F799
:10E2600085FDA04203D121462846F7F719FE28462E
:10E27000F7F772FD0546002DE0D12046E6F777FF5F
:10E28000606804260028204602D0FAF7DCF929E06D
:10E29000FAF7A2F905460020EA68696A04E052F834
:10E2A0002030A3420AD0401C8142F8D806E0E96839
:10E2B00006EB80028A5841F82020401C696A491EFA
:10E2C0008142F4D8686A401E81006862E868F8F705
:10E2D000CFFEE8601BE0096806EB80028A5841F82F
:10E2E0002020401C616889684A68521E8242F2D828
:10E2F000606880684068401E486061688200896884
:10E3000008681146F8F7B4FE61688968086020461D
:10E31000BDE8F04100E001E0F8F766BEBDE8F0813D
:10E3200010B5EFF3058111B16FF0050403E000248F
:10E3300008B103F08DFA204610BD0000EFF3058010
:10E3400010B16FF0050070470448016811B14FF03B
:10E35000FF3070470121016000207047FC00002061
:10E3600010B5EFF3058010B16FF0050010BD08483F
:10E370000168012902D04FF0FF3010BD054A00218D
:10E3800082F8141D0221016003F012FB002010BD71
:10E39000FC0000200BE000E0F8B51D466FF0030222
:10E3A0006FF002064FF00004EFF30583ABB100B34A
:10E3B000F9B1F5B90022134600926A4603F0D6FD82
:10E3C000012818D10098B8B10C494FF0805008606E
:10E3D000BFF34F8FBFF36F8F0EE050B149B10023F1
:10E3E0002A4603F013FD012806D025B16FF0010481
:10E3F00002E0144600E034462046F8BD04ED00E09B
:10E400002DE9FF414FEA01034FF00005EFF30581CD
:10E41000039549BB40B38027182100244AB31668EE
:10E4200006B1344696691EB13146761E382E02D2A8
:10E430001679F60703D0002004B0BDE8F0815669D4
:10E4400006B1B708D2F808C0BCF1000F0DD0D568EE
:10E450005C2D18D312693AB136B18DE806103A46F0
:10E46000214603F0E6FE03900DE0D6685EB912691E
:10E470004AB903AACDE90012BAB2214603F0ACFEB4
:10E48000012800D003950398D6E7F0B50027DDE911
:10E4900005458E1A012B05DC03280CD004280AD070
:10E4A000052808D0891A09B206282AD2DFE800F028
:10E4B000290A0320140E2F80208806EBD67100EB6A
:10E4C00061001CE02F802088304418E05B1E18B2E9
:10E4D00091FBF0F02880F0BD91FBF3F0298808440F
:10E4E00000B22880218800EBD07001EB600006E0CC
:10E4F0005B1C18B291FBF0F0288021880844208032
:10E50000F0BD2F80F0BD2DE9F05F05460C46501E92
:10E5100053B12188A1EB620121800844A080E88AE0
:10E520006080688BE08009E06188A1EB6201618016
:10E530000844E080A88A2080288BA0804FF44036D1
:10E5400031462846FAF7C1FE814631462846FAF799
:10E5500002FF824631462846FAF758FF8046314688
:10E560002846FAF75EFE834631462846FBF75DF8FB
:10E57000074631462846FBF74AF80146208809EB52
:10E580000702801A2080A0880AEB07021044A080AE
:10E59000608808EB0102801A6080E08859440844D2
:10E5A000E080BDE8F09F70B50446EFF7E6FB05009C
:10E5B0001DD0FAF742F806462046F9F7D2FF864208
:10E5C00015DD00212846FAF7D6FF068900212846E6
:10E5D000FAF7F3FFE18E3044414309B20022606A4A
:10E5E000FCF7FAF9606ABDE87040FBF74ABB70BD02
:10E5F0002DE9F041134C0F460546E6682068001DE2
:10E6000002F0F1FF681C07D137B12168BDE8F04185
:10E610000D48091D03F038B820683544B5424560FF
:10E62000216805D2A06BBDE8F041091D03F014B8C4
:10E63000606B091D03F010F8A06A854200D2A56244
:10E64000BDE8F081AC000020640A00202DE9F04113
:10E65000054603F025F82D4CA068401CA0602068FA
:10E660002B4F10B1606930B32BE02560A068012802
:10E6700027D1002606EB860007EB800002F0DEFFC4
:10E68000761C382EF6D3234802F0D8FF21481430E8
:10E6900002F0D4FF1F48283002F0D0FF1D483C3064
:10E6A00002F0CCFF1B48503002F0C8FF19486063ED
:10E6B0001430A06305E02068E96AC06A884200D887
:10E6C0002560606A401C60626864E86A216988426B
:10E6D00000D9206100EB800007EB8000291D02F0CB
:10E6E000D3FF02F0FDFF606900280CD02068E96AC2
:10E6F000C06A884207D208494FF080500860BFF3D3
:10E700004F8FBFF36F8FBDE8F0810000AC00002099
:10E71000B4050020140A002004ED00E038B502F032
:10E72000BFFF104C2068C8B90F4802F087FF0E48A1
:10E73000143002F083FF0C48E060143020610A4B73
:10E740000020F03B009003F1500210210A2003F05A
:10E75000E5FA206010B105A103F044F8BDE83840A7
:10E7600002F0BEBFE8000020680B0020546D72511B
:10E770000000000030B4026C0B46002A0BD0C168C8
:10E780001144C1608468A14201D30168C16030BCFA
:10E790001846E1F734BF30BC70472DE9F041856B76
:10E7A000174604460026026C82B1C7B1E068E1F763
:10E7B00026FFE168206C091AE1602268914202D2CA
:10E7C000A168081AE060022F16D017E02068A8B9E7
:10E7D000A06803F0D9FD06460020A0600EE0606846
:10E7E000E1F70DFF216C606808446060A168884211
:10E7F00004D32068606001E005B16D1E6D1CA56347
:10E800003046BDE8F08110B5044690F8590058B183
:10E8100001280CD002280FD0502080F31188BFF3BC
:10E820004F8FBFF36F8FFEE7206B02F06DFF204626
:10E83000BDE8104002F068BF10BD000010484FF462
:10E840008041420706D0C01D0D4920F00700411A43
:10E85000C1F580410B4A00230144C2E90003083995
:10E86000183A21F0070111604B600B600B1AC0E9E8
:10E87000001393604FF000405360506170470000F8
:10E880004812002018010020154E164CA6F29C4795
:10E890004FF08058DFF8509012E000BF02F000FF08
:10E8A000F068C568281D02F09EFEA068401EA060AA
:10E8B0006068401E606002F013FF2846FFF7A3FF68
:10E8C00060680028EAD13868012805D9C9F80080B5
:10E8D000BFF34F8FBFF36F8F02F0AEFEF0E7000083
:10E8E000500A0020AC00002004ED00E070B51D4689
:10E8F000049C51B1C4F80020C4E90F010121204655
:10E9000003F040FA84F84C5070BD2460F4E7000036
:10E910002DE9F05F8846DDE90B94154683469100AA
:10E920009A460A9EA522206BE1F7E0FE6FF00301F4
:10E93000206B01EB8501084420F00707780707D01A
:10E94000502080F31188BFF34F8FBFF36F8FFEE726
:10E950000025B8F1000F0FD05FF00000221818F862
:10E96000001082F8341018F8001011B1401C102863
:10E97000F4D384F8435001E084F83450382E00D3A7
:10E980003726E662C4E91365201D02F062FE04F139
:10E99000180002F05EFE2461C6F138006462A061D6
:10E9A000656584F8585052465946384600F0A8FA32
:10E9B0002060B9F1000F01D0C9F80040BDE8F09F18
:10E9C00030B5114900E011460A688242FBD34B681A
:10E9D0005C18844203D14068184448600846436884
:10E9E0001C18944209D1084C183C2468A24209D052
:10E9F00052681A4442600A6812680260814200D07C
:10EA0000086030BD0460F9E71801002070B50024EB
:10EA100041600B4D0061914206D8D11A8269914242
:10EA200006D2011D286907E09A4203D2994201D318
:10EA3000012403E0011DE86802F00EFE204670BDCF
:10EA4000E800002010B5044602F02AFEA06B28B1B1
:10EA50005FF0000402F044FE204610BD0124F9E7F7
:10EA600030B589B03C4D6EE00498002806DADDE947
:10EA70000601059A90470498002864DB069C6069AB
:10EA800010B1201D02F0AFFD03A800F0D7F8024638
:10EA900004980A2857D2DFE800F00505052D334A0F
:10EAA00005052D3394F8280040F0010084F8280073
:10EAB0000599A069059B01442046FFF7A7FF68B3AD
:10EAC000216A2046884794F8280040073BD500205B
:10EAD00000900598A169002342181946204603F0CA
:10EAE0005DFDD8B9502080F31188BFF34F8FBFF37D
:10EAF0006F8FFEE714F8280F20F00100207022E04D
:10EB000094F8280040F0010084F828000598A061DE
:10EB100028B1811813462046FFF778FF13E05020F4
:10EB200080F31188BFF34F8FBFF36F8FFEE794F828
:10EB30002800810703D4204602F0E6FD03E020F020
:10EB4000010084F82800002204A9286803F06EFA66
:10EB5000002889D109B030BDE80000202DE9FC4132
:10EB60000F46054602F068FF01A800F067F804466A
:10EB7000019818B103F080FCBDE8FC81254EAFB1CF
:10EB800030690068D0B30027291B3A46306802F08C
:10EB90003DFE03F071FC0028EED11F494FF080507C
:10EBA0000860BFF34F8FBFF36F8FE5E7A542EBD847
:10EBB00003F062FCF0682746C068C468201D02F0BC
:10EBC00012FD94F82800410719D5A0692B46411978
:10EBD0003A462046FFF71AFFA8B100200346014637
:10EBE00000902A46204603F0D9FC60B9502080F3FB
:10EBF0001188BFF34F8FBFF36F8FFEE707E020F060
:10EC0000010084F82800216A20468847B4E70127DC
:10EC1000BAE70000E800002004ED00E00648416B80
:10EC2000096829B1416BC968C96849688162704740
:10EC30004FF0FF31FAE70000AC00002070B5054648
:10EC400003F030FB064E0446B068844203D200F065
:10EC500009F8012000E0002028602046B46070BD63
:10EC6000E8000020F8B5194D20E0C068C4680668C7
:10EC7000201D02F0B8FC216A2046884794F828003D
:10EC8000400713D5A0693044B04206D924616060C2
:10EC9000211DE86802F0E0FC08E000200346014680
:10ECA00000903246204603F079FC38B1E8680168EC
:10ECB0000029DAD12969C5E90310F8BD502080F395
:10ECC0001188BFF34F8FBFF36F8FFEE7E80000207E
:10ECD00008484068401C4FF0500080F3118804D071
:10ECE000BFF34F8FBFF36F8FFEE7BFF34F8FBFF3BD
:10ECF0006F8FFEE720010020074CE068016841B1FA
:10ED0000C0680021D0F80000FFF728FFFFF7A8FE39
:10ED1000F3E701210020F7E7E80000202DE9F041AA
:10ED2000044602F0BDFC94F9455004F1240609E0C4
:10ED3000606A48B1304603F067FB08B102F0FEFD9F
:10ED40006D1E6DB2002DF3DC4FF0FF3684F8456088
:10ED500002F0C6FC02F0A4FC94F9445004F1100740
:10ED600009E0206948B1384603F04EFB08B102F0D3
:10ED7000E5FD6D1E6DB2002DF3DC84F84460BDE846
:10ED8000F04102F0ADBC00002DE9F041054600273E
:10ED900002F052FE324E306808B9FFF74FFD70693D
:10EDA00005424ED1C5B3083568070ED005F00700FF
:10EDB000C0F108000544680707D0502080F311888F
:10EDC000BFF34F8FBFF36F8FFEE72DB3706885429F
:10EDD00037D82348183001460C6801E020460C461D
:10EDE0006168A94202D221680029F7D131688C42BA
:10EDF00027D007682168016060680837411B102927
:10EE00000FD96019420708D0502080F31188BFF352
:10EE10004F8FBFF36F8FFEE713E041606560FFF730
:10EE2000CFFD61687068401A7060B268904200D28D
:10EE3000B060706901430020C4E90001F068401C23
:10EE4000F06003F019FB780707D0502080F3118899
:10EE5000BFF34F8FBFF36F8FFEE73846BDE8F081F9
:10EE6000000100202DE9FF47064690F85C004007AE
:10EE700039D5706AF7F7AEFB1C490968884704006A
:10EE800031D000213046FAF786FB002342F22202FD
:10EE90006946F5F7F4FD08B115A000E015A081461C
:10EEA000E1F78EFB074604FB07F0401CF8F73EF83D
:10EEB0008046002507E000BF05FB07803A4649462B
:10EEC000F8F7FEF86D1CA542F6DB7D43002108F83B
:10EED00005104146706AF7F74FFF4046F8F772F8A1
:10EEE000304600F023F8BDE8FF87000070020020E4
:10EEF000E280A2002A00000070470068FFF7B2BF5E
:10EF000010B5031F4FF080741C601B1F21F001011E
:10EF10001960191F044B0B6014390A60091F6FF048
:10EF2000020244380A6010BDD1EC01082DE9F04F0F
:10EF300091B004460021FAF72EFB099000212046EB
:10EF4000FAF757FB0890206C0590606AF7F742FBD0
:10EF5000784A8246059912689047DFF8DCB1064688
:10EF60000AEB0600DBF800208146002190470700ED
:10EF70000998B0F908807DD00A2FFCD00D2FFAD067
:10EF8000002239460998F5F7EAFD05B203AA606A3E
:10EF90000599F7F739FA606AF7F71CFB024600217A
:10EFA000606AF8F78DFD616ABDF90C20B1F9143083
:10EFB000B1F918101A442A448A4228DD94F85C10EA
:10EFC000090724D4032822D00020ADF80C000899AA
:10EFD000BDF80E2008EB01001044ADF80E00002F24
:10EFE0007ED056494846096888470644DBF8002029
:10EFF0000AEB060000219047010071D00A296FD06A
:10F000000D296DD000220998F5F7A9FD05B24FF43E
:10F01000E02B20465946E664FAF764F8064659465E
:10F020002046FAF708FA00EB060A204641F61102DC
:10F030005946FAF707FA00EB060959462046FAF74F
:10F0400059F98719204641F613025946FAF7FAF999
:10F05000BDF80C203044D11BADF83410BDF80E3093
:10F0600010446D1EA3EB0A012844ADF83610ADF82C
:10F07000380000E057E003EB0901A8F10100084463
:10F08000ADF83A0004F144010D4601A8F1F77AFB0E
:10F09000606ABDF80410828A1144ADF80410BDF80E
:10F0A0000610C08A0844ADF80600606ABDF8081072
:10F0B000808A0844ADF80800606ABDF80A10C08A6A
:10F0C0000844ADF80A0001A92046FAF70EFE0DA982
:10F0D0002846F1F757FB294601A8F1F753FB00E05A
:10F0E00024E0606ABDF80410828A1144ADF804106F
:10F0F000BDF80610C08A0844ADF80600606ABDF885
:10F100000810808A0844ADF80800606ABDF80A104B
:10F11000C08A0844ADF80A0001A92046FAF7E5FDC7
:10F1200011B0BDE8F08F002220212BE70022202122
:10F1300069E70000600200205C0200205802002005
:10F140002DE9F04790B088460646EEF71DFE050013
:10F150006BD0F7F73FFA024600212846F8F7B0FCDB
:10F16000012838D0022802D0032819D10CE03046FB
:10F17000F9F711FA04462846FAF788FA201A00EB44
:10F18000D07040F34F0108E03046F9F704FA044626
:10F190002846FAF77BFA201A01B22846FBF7C1FE8F
:10F1A00000213046FAF7EFF9044600213046FAF71D
:10F1B00012FA8246B4F908703046F9F7D2F981465E
:10F1C000304600216522FAF73DF984B2B8F1000F0C
:10F1D00003D014B104E00021DFE73046EFF7ACFFC5
:10F1E000F18C07EB0A00484309EBD971491007EB92
:10F1F000D772A1EB6201081A06B2B8F1000F17D05E
:10F20000B4B16846F0F7A0FD0F48CDE9005028469C
:10F21000FAF742FACDE9080607900C4803900C482B
:10F2200006900A946846F0F703FE10B0BDE8F08738
:10F2300005492846F0F744FD10B031462846BDE8A0
:10F24000F047FBF785BE0000B5F9010829F5010874
:10F25000AFFD00082DE9F04F0C464FF4A02689B011
:10F2600005463146FAF73FF8079031462846FAF747
:10F2700080F8824631462846FAF7D6F8814631466C
:10F280002846F9F7DCFF804631462846FAF78EF922
:10F29000069031462846FAF7A5F9834631462846B6
:10F2A000FAF775F9059031462846F9F75FFF0746EA
:10F2B00031462846F9F753FF06461FE0079BCDF875
:10F2C00000B0CDE9013ACDE90398DDE90523A1B20B
:10F2D0002846EEF765FFE96AB04221F81400E96AB2
:10F2E00001DA024600E03246BA4201DA384602E06C
:10F2F000B04200DB304621F81400641CE88CA042C8
:10F30000DCD809B02846BDE8F04FFBF717B92DE966
:10F31000F0410746F9F7D3F80546002412E0B86833
:10F32000006850F824603046FAF7ABFC00222A212E
:10F330003046F5F739FB3046FAF7A3FC3046FFF7C5
:10F34000E6FF641CAC42EAD3BDE8F0812DE9FE4F34
:10F350000446EEF719FD060009D0F6F7F7FC8046E3
:10F36000F6F735FD042805D0022803D012E001206D
:10F37000BDE8FE8FE28C2146228504280AD108468A
:10F38000F9F756F90546F5F731FF18B1002128467F
:10F39000F5F7A7FF4046F6F71AFD012804D04046CE
:10F3A000F6F715FD032863D1A06A800331D4002548
:10F3B00069464046F6F7E0FCBDF80200F18A401AC3
:10F3C000ADF80200BDF80000B18A401AADF80000A7
:10F3D00069463046F6F718FF07463046F7F7FAF861
:10F3E0008246002080460646DFF8949001900DE0AA
:10F3F000D9F8002001A9504690470A2803D1B84502
:10F4000001D06D1C2DB2DDF80480761CBE42EFD316
:10F4100027E000212046FAF7B6F8054600212046ED
:10F42000FAF7D9F82989B4F91A200844B4F9161062
:10F4300007B2501A00EBD07001EB600005B20C214E
:10F440004046F6F77EFDF18A084400B2281A90FB88
:10F45000F7F0002800DA0020A18C814200DC481E71
:10F4600005B2002D04DBA9B201222046FCF7B5FA53
:10F47000E08C029002AA1C212046F5F795FA77E766
:10F480005C02002070B5D1E90245D5B1D4B1E56088
:10F49000AC6000EBC21505EB8305EE6B8E420FD11D
:10F4A000EC6384420CD100EB820501216C6901FA06
:10F4B00003F39C436C6103D1036991408B43036167
:10F4C00070BDFEE7FEE72DE9F0410C46498C06468B
:10F4D0000020C1F3C5010EE026B1E26852F83020E9
:10F4E000B24207D14FF6FF724FF470212046FBF76E
:10F4F0003DF802E0401C8142EED82046F8F7DFFFDD
:10F500000746002507E0A068006850F8251030463F
:10F51000FFF7D9FF6D1CBD42F5D3BDE8F081002295
:10F5200000680A21F5F740BA10B50068F9F7C6F887
:10F53000BDE81040EFF700BE2DE9FF4F85B09046C3
:10F540000C460846F9F7BAF806461021FAF7CBF848
:10F5500000286FD03046F9F70FF983460025304672
:10F56000F9F7D7F91434CDE9024000B9059C002120
:10F570003046F9F7A2FD824600213046F9F723FF15
:10F58000504407B200213046F9F72FFE504400B234
:10F590000190F08A61883844421AB8F80210501A73
:10F5A0000FFA80F9728B0198101AE288801A081AF3
:10F5B00000B200903046F9F740F8C11B0198081AD4
:10F5C00000B20490B9F1000F0CDB0098002814DAA7
:10F5D000B9F1000006DD05463046F9F7A1F9401BF8
:10F5E0000AD40AE00098002807DD404205B2304600
:10F5F000F9F770F8E84200D500250398012804D0F7
:10F60000022807D003280DD115E0F08A618838441C
:10F61000294421E0718B0198091AE0882844081ACE
:10F62000284405B200243046F9F76CF90090A8B1DF
:10F63000029F14E0BEE00498F18A00EBD07007EB63
:10F6400060000844E2886188521A521C12B202EB30
:10F65000D27205EB62021144401AE1E7059F0021D6
:10F660003046F9F716FE50440FFA80F90021304673
:10F67000F9F755FE5044B18A0FFA80FA01EB090000
:10F680003988338B421AB8F80010501AA3EB0A02DB
:10F69000BB8800B2D21A891A09B200280BDB0029F4
:10F6A00013DA002807DD04463046F9F76DF82044E8
:10F6B000002809DC09E0002907DD484204B2304691
:10F6C000F9F7C2F8E04200D500243046F9F7DEFF32
:10F6D000A0EB0901A1EB0A00009900B2012904D0B6
:10F6E000022907D003290DD122E0B18A01EB0900DC
:10F6F000398803E0318BA1EB0A00B9882144401A14
:10F70000204404B22D493046F0F7DAFA07462C4976
:10F710003046F0F7D5FA384306D000220A213046A9
:10F72000F5F742F9012845D15FEACB7011D013E01B
:10F7300000EBD072B18A09EB62000844B9883A88BC
:10F74000891A491C09B201EBD17104EB6101114422
:10F75000D5E7002C00DA00245FEA8B7002D4002C7D
:10F7600000DD00245FEA4B7002D4002D00DA002592
:10F770005FEA0B7002D4002D00DD00250898B8F96F
:10F780000010002800D020460844A8F80000B8F96E
:10F79000021002D14FF0000000E028460844A8F80B
:10F7A0000200089B09B02A4621463046BDE8F04FCA
:10F7B000FAF7D4BF09B0BDE8F08F000089F801085E
:10F7C00071F8010870B5164605460C4651EA060068
:10F7D0001CD02846F8F77EF8A86801233246018A33
:10F7E00021440182A868418A314441822146284649
:10F7F000FAF7F6FA00220B212846F5F7D5F801288A
:10F8000004D12846BDE87040FAF73BBA70BD30B568
:10F81000AAB1B0F91630B2F900401D19B0F9324062
:10F82000A54201DAE31A1380B0F91640B2F90030AC
:10F83000E518B0F936309D4201DD1B1B138000290D
:10F8400015D0B0F91430B1F900209C18B0F930206F
:10F85000944201DAD21A0A80B0F91420B1F90030CA
:10F86000B0F934001344834201DD801A088030BDB2
:10F8700010B50346F9F75BF8084401B2BDE8104043
:10F8800000221846FFF79EBF10B50346F9F756F859
:10F89000084402B2BDE8104000211846FFF792BFAD
:10F8A000F8B505460C460846F3F732FD4FF48036AE
:10F8B00031462846F9F7E6FBE070022808D92846C9
:10F8C00031462022F9F7BEFD0090BDF80000A0806F
:10F8D000284631463122F9F7B5FDC0B2002784F839
:10F8E0002200022815D92846314641F23202F9F7A2
:10F8F000A9FD00B22084002809DD284631463022C7
:10F90000F9F7A0FD0090BDF80000E08301E084F865
:10F9100022702846314640F64502F9F793FDC0B201
:10F9200084F8360002281CD9284631464FF4046278
:10F93000F9F788FD00B2E085002810DD284640F682
:10F9400043023146F9F77EFDA0862846442231461F
:10F95000F9F778FD0090BDF80000A08501E084F87B
:10F96000367031462846F9F708FCFD280AD2E178BE
:10F9700011FB00F1090AE1704143080A84F82200F2
:10F9800084F83600E07830B994F8220018B994F879
:10F990003600002805D031462846F9F7BBFD208007
:10F9A0000120F8BDA0F84410FAF76BB9A0F8461092
:10F9B000FAF767B909B2FBF7CBBA00002DE9F84FA7
:10F9C00004464F1091460D464FEA610AC80700D120
:10F9D0007F1E60008346F7F7A9FA06464B460020D3
:10F9E00026E000BF03EB4400009030F8021C69439E
:10F9F000601E15D4002200EB0A0C26F81010A44556
:10FA000001DA33F81C208A1AC11B012901D5198893
:10FA100003E003EB410131F8021C401E1144E9D51B
:10FA20005A4631461846F7F74BFB009B08F1010098
:10FA30008046A042D6DB4FF47F51B1FBF5F20020A7
:10FA400093B214FB04FC0CE039F8102042B18A4256
:10FA500002D129F8103003E092FBF5F229F81020CA
:10FA6000401C8445F0D8002039E000BF09EB40027B
:10FA7000934613886B43002123E0002B02DA4FF0FA
:10FA8000000C01E04FEAA31C26F811C0A1EB0A0C00
:10FA9000BCF1000F02DCB2F800C003E00CFB04086C
:10FAA00039F818C0A3EB0C0CCB195B1CA34200DB8C
:10FAB000631E03FB040802EB440239F81830491CAA
:10FAC0006344A142D9DB5A46002105E036F81130E3
:10FAD000138002EB4402491CA142F7DB401CA04208
:10FAE000C4DB3046BDE8F84FF7F76CBA2DE9F047B4
:10FAF0000E468AB01F468046014615469146D419E7
:10FB000007A8F0F748FE05EBD57007EB600145F359
:10FB10000002891A891EADF82010012101EB600056
:10FB2000ADF81E004046F0F777FEBDF82010081A29
:10FB3000ADF81C004046F0F743FEBDF81E10002350
:10FB40000844ADF822003A4607A901A8F3F710FBD4
:10FB50004D46B9F1010F01D04FEA69052046F7F78C
:10FB6000E5F98246B046002734E021465046F7F7D3
:10FB7000B3FB01A80090DDF804C023B23AB2002123
:10FB80005046E04740B19AF80000800190FBF5F143
:10FB9000A8F80010012018E061004046F7F76EFB5E
:10FBA00015E000BF0AEB00021AF8001012F8012C51
:10FBB000914204D108EB400131F8022C02E08901A6
:10FBC00091FBF5F228F81020401CA042EADB08EB7C
:10FBD00044087F1CA742C8DB5046F7F7F3F901A899
:10FBE000F3F73EF8012D14D020B2324629460746DD
:10FBF000FFF7E4FE09F00100284401B2012926DDE7
:10FC00004FF47F5090FBF1F2002093B204FB04F517
:10FC100017E00020644304E036F810108A093254DB
:10FC2000401C8442F8DC0AB0BDE8F08736F81020AA
:10FC300032B1FF2A0ED0920192FBF1F226F8102089
:10FC4000401C8542F2D832463846FFF7B7FE002006
:10FC5000644307E026F81030F2E700BF16F81010F2
:10FC60003154401C8442F9DCDDE7F0B597B007461B
:10FC700014460D4601A8F3F74BFBFF221146104630
:10FC8000F1F7C9FD0090BDF800000090BDF800003C
:10FC9000ADF8080000262A4601A93846F3F724FBF0
:10FCA0000FA8F2F7C1FD23462A460FA93846009651
:10FCB000F2F71EFB17B0F0BD30B591B005464FF41A
:10FCC000E0216522F9F7BEFB040017D06846F0F783
:10FCD0003BF80F480A94CDE9005001200D94002113
:10FCE0000790CDE908010B4806904FF6FF70ADF87C
:10FCF0003C006846F0F79CF811B030BD0449284636
:10FD0000EFF7DEFF15F8500F40F001002870F3E721
:10FD10005773000807FE00082DE9FC47FE4DFF4C15
:10FD200095F82000C00703D0FD48F1F763FD03E01C
:10FD300004211220FBF75AF90090BDF80000608002
:10FD400095F82000C00704D005211220FBF74EF9DA
:10FD500003E004211220FBF731F90090BDF8000008
:10FD6000A08095F82000C00703D0EE48F1F742FDCF
:10FD700001E0F1F78EFE0090BDF80000E08095F8FC
:10FD80002000C00703D0E848F1F734FD03E002216A
:10FD90001220FBF72BF90090BDF80000208100260F
:10FDA0004620CDE90006DC485023E04AE0492838E7
:10FDB000FCF7C0FBD84800965023DC4ADC491438D5
:10FDC0000196FCF7B7FBE068D03000F0F9FDD249AE
:10FDD000E0682839D030FCF7A3FBE068D83000F0A9
:10FDE000EFFDCD49E0681439D830FCF799FBE068A5
:10FDF000083000F0E5FD95F82000C00704D002218E
:10FE00001220FBF7DBF802E01220FBF709F90146AC
:10FE1000E0680830FCF721FAE06847F6FF7A5146BF
:10FE20000830FCF734FB0721E868F1F746FE01468D
:10FE3000E0680830FCF778FA0521E868F1F73DFE44
:10FE40000146E0680830FCF76FFBE0686621083087
:10FE5000FCF70EFAB049E06814390830FCF760FB93
:10FE6000E068103000F0ACFDE068FF211030FCF7D6
:10FE7000FFF9E06800F0A4FDFF21E068FCF7F8F965
:10FE80006088ADF800000099E068FCF7E6F9A0880A
:10FE9000ADF800000099E068FCF727FB60780128C6
:10FEA0007ED00228E8687CD05FF00A01F1F705FEF9
:10FEB0000146E068FCF775FA6078012872D00228E4
:10FEC000E86870D05FF00A01F1F7F7FD0146E068DD
:10FED000FCF742FAE068183000F072FD6078012803
:10FEE000E8687DD05FF00801F1F7E7FD0146E068C2
:10FEF0001830FCF7CCFAE068FF211830FCF7B8F9AD
:10FF0000E088ADF80000E06800991830FCF7A5F92A
:10FF10002089ADF80000E06800991830FCF7ACF9D2
:10FF20000221E868F1F7C9FD0146E0681830FCF7E6
:10FF3000B6F9E06801211830FCF7A9F9A088ADF8FE
:10FF40000000E06800991830FCF7CFFA60780128CB
:10FF50007ED00228E8687CD05FF01001F1F7ADFD9B
:10FF60000146E0681830FCF7DFF96078012871D0AD
:10FF70000228E8686FD00A21F1F79FFD0146E0688A
:10FF80001830FCF70EFA6078012865D00228E8687E
:10FF90007ED00A21F1F791FD0146E068183003E0B8
:10FFA0007FE081E082E084E0FCF7D6F91220FBF7E5
:10FFB00037F80146E0681830FCF787F90121E86856
:10FFC000F1F77BFD0146E0681830FCF789F9E0683D
:10FFD000A03000F0F5FC504EE068283EB16B00E028
:10FFE00069E0A030FCF786F90321E868F1F765FDC8
:10FFF0000146E068A030FCF792F90321E868F1F7C8
:020000040802F0
:100000005CFD0146E068A030FCF784F9E0687F21E0
:10001000A030FCF77AF9E068A83000F0D1FC708FCE
:10002000ADF80000E0680099A830FCF763F90321FF
:10003000E868F1F742FD0146E068A830FCF76FF987
:10004000E0687F21A830FCF760F9E068203004E028
:1000500033E035E036E038E039E000F0B1FC6078BC
:10006000012839D00228E86839D00821F1F725FDA8
:100070000146E0682030FCF70AFAE068FF212030F2
:10008000FCF7F6F82089ADF800000099E06800E080
:1000900020E02030FCF7E1F895F82000C00720D0E0
:1000A00070E00E21E86801E70C21FFE60E21E86808
:1000B0000AE70C2108E70C2116E71821E8684DE74C
:1000C00014214BE70E21E86856E70C2154E70E2176
:1000D000E8685FE70C215DE71021E868C6E70C21BE
:1000E000C4E71220FAF79CFF0146E0682030FCF7D5
:1000F000D2F90020F1F7DCFD00EB40004FF4A079CD
:1001000050304FF0A008484517DB0020F1F7D0FD34
:1001100000EB400050300DE070520020BC01002088
:100120001A171500302B280037322F00E3FD000886
:100130008460020890FBF8F000E0012001B2E06862
:100140002030FCF7BDF9E0687F212030FCF7B3F9DF
:100150000020F1F7ADFD502707EB8000484507DB95
:100160000020F1F7A5FD07EB800191FBF8F000E01E
:10017000012001B2E868F1F7A0FC0146E0682030F8
:10018000FCF794F9A088ADF80000E06800992030F1
:10019000FCF7ABF9607801287ED00228E8687CD0B3
:1001A0005FF01001F1F789FC0146E0682030FCF7B0
:1001B000E3F8E06800F12008607801286ED002289A
:1001C000E8686CD05FF00A01F1F777FC074601465A
:1001D0004046FCF7EBF839464046FCF7B8F80521F5
:1001E000E868F1F76AFC0146E0682030FCF7B4F8F3
:1001F0000521E868F1F761FC0146E0682030FCF772
:10020000D0F8FF49FD4808600831FE480860E06802
:10021000583000F0D5FBE068F9495830FCF748F851
:10022000E06823215830FCF747F8E068603000F0C0
:10023000C7FBF349E06808316030FCF739F8E06843
:100240007F216030FCF738F8E068C03000F0B8FB80
:10025000E0680121C030FCF727F8E0680121C030D8
:10026000FCF715F8E068803000F0AAFB6078012800
:100270007ED00228E8687CD05FF01001F1F71DFC09
:100280000146E0688030FCF74FF86078012871D0B3
:100290000228E8686FD003E09FE2A1E2A2E2A4E2B4
:1002A0005FF01001F1F709FC0146E0688030FCF7CF
:1002B00078F8607801287DD00228E8687BD010218A
:1002C000F1F7FBFB0146E0688030FCF745F8E06899
:1002D000783000F075FB607801286DD00228E8685E
:1002E0006BD00A21F1F7E9FB0146E0687830FCF7B2
:1002F0001BF8607801287CD00228E8687AD00A21AF
:10030000F1F7DBFB0146E0687830FCF72AF8E0689B
:10031000883000F055FB0A21E868F1F7CEFB014672
:10032000E0688830FCF73DF80A21E868F1F7C5FB82
:100330000146E0688830FCF70FF8E068903000F084
:100340003FFB1421E868F1F7B8FB0146E068903004
:10035000FCF7D7F8E068983000F032FBE068022143
:100360009830FCF7BDF8E068683000F029FB03E046
:100370003DE23FE240E242E2E06800216830FBF704
:10038000D3FFE06800216830FCF70BF8E06800213B
:100390006830FBF7E1FFE068703000F011FB607837
:1003A00001287DD00228E8687BD00221F1F785FB87
:1003B000014603E025E227E228E22AE2E068703005
:1003C000FBF7B2FF607801286CD00228E8686AD099
:1003D0005FF00201F1F771FB0146E0687030FBF756
:1003E000E0FF607801287DD00228E8687BD00221F8
:1003F00001E010E212E2F1F760FB0146E0687030C4
:10040000FBF7AAFFE068283000F0DAFAE068B16B89
:100410002830FBF722FFF1F73CFB0146E06828306B
:10042000FCF763F8E068FF212830FBF721FFE06864
:10043000303000F0C5FAE068B16B3030FBF70DFFEB
:10044000E068B16B3030FCF750F8E06833213030B1
:10045000FBF70EFFE068383000F0B2FA708FADF8AD
:100460000000E06800993830FBF7F7FEF1F711FB68
:100470000146E0683830FCF738F8E068FF21383092
:10048000FBF7F6FEE068403000F09AFA708FADF8A6
:100490000000E06800994030FBF7DFFE708F03E05A
:1004A000BEE1C0E1C1E1C3E1ADF80000E068009940
:1004B0004030FCF71AF8E06833214030FBF7D8FEF3
:1004C000E068483000F07CFA2089ADF80000E06870
:1004D00000994830FBF7C1FEE068FF214830FBF788
:1004E000C7FE01E0A6E1A8E1A088ADF80000E06841
:1004F00000994830FBF7F9FFE068503000F060FAEF
:10050000E088ADF80000E06800995030FBF7A5FEE8
:10051000E068FF215030FBF7ABFEA088ADF800008B
:10052000E06800995030FBF7E0FFE068B03000F081
:1005300047FAE06857465146B030FBF7A8FFE0683D
:10054000B83000F03DFAE0680021B830FBF79FFFBB
:10055000E068C83000F034FA0321E868F1F7ADFA3A
:100560000146E068C830FBF7D6FF0321E868F1F7E1
:10057000A4FA0146E068C830FBF7C8FFE068F03035
:1005800000F01EFAE068B16BF030FBF766FEE06841
:10059000FF21F030FBF76CFE0621E868F1F78DFAD9
:1005A0000146E068F030FBF7BFFEE0683946F03006
:1005B000FBF76DFFE068E03000F002FAE068C82168
:1005C000E030FBF732FEE068E83000F0F9F9E0686F
:1005D0007821E830FBF729FEE06800F5807000F034
:1005E000EFF92089ADF80000E068009900F580700F
:1005F000FBF71FFE0F21E86806E00000C573000846
:10060000CC01002021E40008F1F757FA0146E06828
:1006100000F58070FBF71CFEE068012100F580709A
:10062000FBF712FEE06800F5847000F0C9F9E0689D
:10063000B16B00F58470FBF7FCFDE06800F5887095
:1006400000F0BEF9E0684FF4827100F58870FBF7A6
:100650004CFEE06800F58C7000F0B2F90421E86807
:10066000F1F72BFA404201B2E06800F58C70FBF71D
:100670005BFEF1F70EFA0146E06800F58C70FBF7BF
:10068000ECFDE06800F5947000F09AF90521E86847
:10069000F1F713FA0146E06800F59470FBF720FECD
:1006A000A088ADF80000E068009900F59470FBF7B1
:1006B0000CFE1421E868F1F700FA0146E06800F545
:1006C0009470FBF702FF0F21E868F1F7F6F9014695
:1006D000E06800F59470FBF75AFEE06800F598704A
:1006E00000F06EF9E068394600F59870FBF7CFFE30
:1006F000A088ADF80000E068009900F59870FBF75D
:10070000ACFDE068FF2100F59870FBF7B1FD0F210B
:10071000E868F1F7D2F90146E06800F59870FBF758
:10072000D4FEE06800F5907000F04AF90121E86815
:10073000F1F7C3F90146E06800F59070FBF7AFFDF3
:100740002089ADF80000E068009900F59070FBF793
:1007500093FDE068032100F59070FBF79CFDE068D5
:1007600000F59C7000F02CF9A088ADF80000E0685E
:10077000009900F59C70FBF77FFD0221E868F1F716
:100780009CF90146E06800F59C70FBF788FD0121AB
:10079000E868F1F792F9404201B2E06800F59C7018
:1007A000FBF7F5FDE068042100F59C70FBF773FD95
:1007B000E0684FF4C87100F59C70FBF736FDE06807
:1007C00000F5A07000F0FCF895F82000C00736D0C6
:1007D00002211220FAF7F2FB35E01821E868E1E483
:1007E0001421DFE40E21E868EEE40C21ECE418218A
:1007F000E86843E5142141E51821E86852E5142131
:1008000050E51821E8685BE5142159E50E21E868F8
:1008100068E50C2166E50E21E86871E50C216FE5BD
:100820000821E868C2E50621C0E50821E868D1E5AD
:100830000621CFE50821E868DAE50621D8E501219F
:100840001220FAF7D3FB0146E06800F5A070FBF731
:100850004CFEE06800F5A47000F0B2F86078012862
:100860007ED00228E8687CD05FF00A01F1F725F914
:100870000146E06800F5A470FBF756FD607801289A
:1008800070D00228E8686ED05FF00A01F1F715F920
:1008900000EBD0704110E06800F5A470FBF761FD3B
:1008A000E06800F5A87000F08BF80121E868F1F726
:1008B00004F90146E06800F5A870FBF7F0FC208918
:1008C000ADF80000E068009900F5A870FBF7D4FCD3
:1008D000E088ADF80000E068009900F5A870FBF72B
:1008E000BCFCE068332100F5A870FBF7C1FCE068B0
:1008F00000F5AC7000F064F8607801284CD0022854
:10090000E8684CD05FF00A01F1F7D7F80146E068DB
:1009100000F5AC70FBF730FD6078012841D002286B
:10092000E86841D05FF00A01F1F7C7F80146E068D6
:1009300000F5AC70FBF73AFD6078012836D002284C
:10094000E86836D05FF00201F1F7B7F80146E068D9
:1009500000F5AC70FBF7FBFC607801282BD003E0BE
:1009600010E012E013E015E00228E86826D00A2122
:10097000F1F7A3F80146E068BDE8FC4700F5AC706C
:10098000FBF7EFBC0E21E86870E70C216EE70E2143
:10099000E8687BE70C2179E70E21E868B4E70C21D1
:1009A000B2E70E21E868BFE70C21BDE70821E8683F
:1009B000CAE70621C8E70E21E868D9E70C21D7E786
:1009C0000349097809B1FBF71EBCFBF730BB0000F7
:1009D000BC0100202DE9F35F0198F7F76FFEF84C9A
:1009E000DFF8E0934FF48038E8B1F7490198F7F762
:1009F00079F8E0B10198F7F761FEF449F7F772F87A
:100A000000287CD1E168002218310198F6F792FDA8
:100A1000E168424608310198F6F78CFDE1684A46E4
:100A20001031019828E30022E1680198EEE7E849D7
:100A30000198F7F757F8A0B3E16800222031019838
:100A4000F6F778FDE168002228310198F6F772FD8B
:100A5000E1680022D0310198F6F76CFDE1682022B0
:100A600058310198F6F766FDE1682022D8310198E7
:100A7000F6F760FDE1680422A0310198F6F75AFD0F
:100A8000E1682022C8310198F6F754FDE16801229F
:100A900038310198F6F74EFDE16880226031019807
:100AA000EAE2FFE7CB490198F7F71CF84FF4A027DB
:100AB000DFF824A307F1040B002865D00198F7F7AD
:100AC000FDFDC249F7F70EF8C34DE1686035002817
:100AD00001984FF0000223D001F5A471F6F72AFD2A
:100AE000E1680422A0310198F6F724FDE1680822AC
:100AF000A8310198F6F71EFD3A46E16800E0C0E231
:100B000001F5A8710198F6F715FDE16852465831D4
:100B10000198F6F70FFDE1682A466031019825E05B
:100B20001831F6F707FDE1680422A0310198F6F7C5
:100B300001FDE1680822A8310198F6F7FBFCE168A5
:100B40003A4620310198F6F7F5FCE1682A46603113
:100B50000198F6F7EFFCE168524658310198F6F734
:100B6000E9FC9D4AE1681F3A28310198F6F7E2FC5A
:100B7000E1685A46A0310198F6F7DCFC964AE16834
:100B8000183AA831019877E294490198F6F7AAFF3C
:100B90004FF4003510B3E168002230310198F6F7C8
:100BA000C9FCE1680022B0310198F6F7C3FCE168A6
:100BB0000422A0310198F6F7BDFCE1680822A831B3
:100BC0000198F6F7B7FCE1682A4628310198F6F754
:100BD000B1FCE1682A46B03101984DE280490198A4
:100BE000F6F780FF4FF44036A8B3E16800223031B9
:100BF0000198F6F79FFCE1680022B0310198F6F702
:100C000099FCE1680422A0310198F6F793FCE168B1
:100C10000822A8310198F6F78DFCE1682A462831B0
:100C20000198F6F787FCE1682A46B0310198F6F79B
:100C300081FCE1683246F0310198F6F77BFC694DA2
:100C4000E1682A46C8310198F6F774FCE16832463B
:100C5000D0310198ACE0FFE763490198F6F742FF15
:100C6000F0B3E168002218310198F6F763FCE168FF
:100C7000002268310198F6F75DFCE1680022B83186
:100C80000198F6F757FCE1680422A0310198F6F7C5
:100C900051FCE1680822A8310198F6F74BFCE168A5
:100CA000424608310198F6F745FCE1684A461031A2
:100CB0000198F6F73FFCE1683A4650310198F6F7A3
:100CC00039FCE1683A4601F590710198F6F732FC7B
:100CD000E1683A4680310198F6F72CFC524600E074
:100CE00010E0E16801985831F6F724FCE1685A46B3
:100CF00028310198F6F71EFC374AE168183A383176
:100D00000198B9E139490198F6F7ECFE002871D055
:100D1000E168002248310198F6F70CFCE1680022F6
:100D2000B0310198F6F706FCE1680022E83101983D
:100D3000F6F700FCE168802260310198F6F7FAFBD3
:100D4000E1680422A0310198F6F7F4FB284FE1682E
:100D50003A4628310198F6F7EDFBE1682A46B031B2
:100D60000198F6F7E7FB224AE1687F32603101988B
:100D7000F6F7E0FBE1683246F0310198F6F7DAFB6E
:100D8000E168324650310198F6F7D4FBE16832460B
:100D900001F58C710198F6F7CDFB124AE1686032DB
:100DA00060310198F6F7C6FBE1683A46D831019800
:100DB000F6F7C0FBE1682A46D83101985CE119E0FA
:100DC000BC01002040000100F05F0208146002082E
:100DD000189602083496020820000500FC950208C7
:100DE000DC9602082000030048990208F8960208E1
:100DF00001000200A4490198F6F774FE4FF4802721
:100E000040B3E168002218310198F6F793FBE168DE
:100E10000022E0310198F6F78DFBE1680022903165
:100E20000198F6F787FBE168002298310198F6F700
:100E300081FBE1680422A0310198F6F77BFBE168B1
:100E40000822A8310198F6F775FBE1683A46283187
:100E5000019811E18D490198F6F744FE40B3E1682D
:100E6000002218310198F6F765FBE168002278311D
:100E70000198F6F75FFBE1680022D0310198F6F7A0
:100E800059FBE1682022D8310198F6F753FBE1685D
:100E9000202258310198F6F74DFBE1680422A03179
:100EA0000198F6F747FBE1680822A83101987FE72F
:100EB00077490198F6F716FEB0B3E16800221831C1
:100EC0000198F6F737FBE1680022C0310198F6F788
:100ED00031FBE168002290310198F6F72BFBE168C5
:100EE000002201F588710198F6F724FBE16842467B
:100EF00008310198F6F71EFBE1684A461031019867
:100F0000F6F718FBE1683A4650310198F6F712FB04
:100F1000E168604A28310198F6F70CFB5D4AE16808
:100F20001F3258310198A7E0FFE75B490198F6F7B7
:100F3000D9FDC8B1E168002201F580710198F6F78A
:100F4000F9FAE1682A4601F580710198F6F7F2FA9C
:100F5000E1682A4601F584710198F6F7EBFAE16839
:100F60003246F031019887E04C490198F6F7BAFD16
:100F700098B1E168002201F580710198F6F7DAFA7C
:100F8000E1682A4601F580710198F6F7D3FAE16825
:100F90002A4601F5847101986EE041490198F6F7FF
:100FA000A1FD88B1E168002218310198F6F7C2FA74
:100FB000E1680022B0310198F6F7BCFAE1682A46F0
:100FC00001F59871019857E036490198F6F78AFDC6
:100FD00088B3E168002218310198F6F7ABFAE168AE
:100FE000002278310198F6F7A5FAE1680422A031D1
:100FF0000198F6F79FFAE1680822A8310198F6F700
:1010000099FAE168424608310198F6F793FAE168E7
:101010004A4610310198F6F78DFAE168224A01F547
:101020009C710198F6F786FAE1684FF4002201F509
:10103000A071019820E0FFE71C490198F6F752FDE6
:1010400050B1E168002218310198F6F773FAE168AF
:101050000022683101980FE015490198F6F742FD2A
:1010600028B914490198F6F73DFD002809D0E16838
:101070000198002201F5AC7102B0BDE8F05FF6F70F
:1010800059BABDE8FC9F0000A496020850960208D9
:101090006C96020801000400E095020868600208EE
:1010A000649902088099020802000700146002088F
:1010B000306002084C600208C143491C0840B0FA85
:1010C00080F0C0F11F00704718B1B0FA80F0C0F195
:1010D0002000401E704700002DE9F0410C46DFF76C
:1010E000E0FC78B1DFF7DDFCFF280BD00A4E0127CA
:1010F000B51CDFF7D9FC0948018831808088288039
:10110000A77301E00020A073034801882180408874
:101110006080BDE8F0810000B4020020980000204B
:10112000FEB5066804460025728C0420C2F3C50291
:101130000CE000BFF36800EBC507DB599F0104D545
:10114000A76823F07F43BB4203D06D1CAA42F1D8AD
:10115000FEBDA388472B60D00EDC342B50D006DCBC
:10116000202B5AD0302B58D0332B16D148E03B2BB4
:1011700053D0442B11D150E0682B41D004DC632BB9
:1011800041D0672B09D13BE0A3F58060573844D0AC
:1011900000F6FE70B0F5005F32D069B3FF292DD0A4
:1011A000D4E90302121A4A4300EB22200090F068AF
:1011B000012701AA50F835001946FAF707FF60B178
:1011C000DDE90010814208D1BDF80020BDF80430EF
:1011D0009A4202D1814200D10027F068A188009A8A
:1011E00050F83500FBF7E8F8002FB1D0A288A168CD
:1011F0002068F9F7BBF9FEBDE068D7E72069D5E7BD
:10120000FF29FBDAF8E7E0680028F7D02269002A16
:10121000CCD08029CADB0092C9E7002901DCA08973
:1012200020E0FF2901DB208A1CE0C8B2228AB4F842
:101230000CC0001DC7080D491FFA8CF092B240EA9D
:10124000004042EA024208400A40121A7A4300EB88
:101250005210084040EA1040ADF8080080B20290F9
:10126000BDF80800ADF80000A1E700001FF8E00796
:101270002DE9F04104682648A6882568E3F7D9FEE1
:1012800010E0A1420BD008682268904207D188681C
:10129000A268904203D18888A288904236D01C4828
:1012A000E3F7D9FE0100ECD1698C00270420C1F3DB
:1012B000C50129E0EA6800EBC703D258930122D5A3
:1012C000A36822F07F429A421DD121461048E3F7DD
:1012D0001AFF2046F5F788FEE868314600EBC704A0
:1012E0002068FAF72DFFE86850F83700FAF7A2FEF9
:1012F00000280BD06068216820F07F422846BDE8B6
:10130000F041F9F791B97F1CB942D3D8BDE8F0811B
:10131000E852002070B50468A068A28800F47F0637
:1013200031462068F8F78EF8E060A5880020A0809C
:1013300023462A463146206800F00CF8A580A168B3
:101340002068EDF717F8A1880068E268BDE87040F2
:10135000FBF732B82DE9FF4F064681B09B46894620
:1013600000272648E3F77EFE04464FF4702A4FF02C
:1013700004083DE05C453DD021462048E3F76FFE80
:1013800000902068B04232D1A168494501D0D145D2
:101390002DD1A1880398814203D0A0F57F41FF3968
:1013A00025D100251EE000BFF06808EBC5014158BB
:1013B0008A0116D5D14503D021F07F424A4510D18C
:1013C00050F83500A188FAF7BBFE00212046EEF761
:1013D00077FC21460948E3F796FE2046F5F704FE20
:1013E00001276D1C708CC0F3C500A842DCD8009C9E
:1013F000002CBFD105B03846BDE8F08FE852002080
:1014000038B5F0F74FFC05460020F9F709FE044611
:101410000520F9F705FE01460F48009001232246FA
:101420002846FBF7EBFD01462846F0F7F3FC0020C9
:10143000F6F79CFC04461021F6F706FC2046EFF771
:10144000EFFB2046F0F7BEFCBDE8384000224FF429
:101450007A710248FBF754BEC495020839DA0108D4
:1014600000880988401A70472DE9F04186B004468B
:10147000F4F76CFC050072D02046F3F752FA0646EA
:101480002046F3F78CFA044690F85000800766D5A2
:101490002846F4F79CFC022861D02846F4F797FC14
:1014A00004285CD06946606AF7F78FF803A92846DC
:1014B000F4F762FC04A92846F4F78EFCBDF90C1081
:1014C00000294CDBBDF90E00002848DBBDF80020E8
:1014D000891AADF80810BDF80210401AADF80A00DC
:1014E000606AF8F7D3F80146606ABDF9082005463E
:1014F000002A01DA002703E08A4203DB47F6FF7780
:10150000012009E002A9F4F77FFE87B202A9606A10
:10151000F5F79AF880F0010094F85C104FF6FF7828
:101520008A0723D550EAC1724FF4407001D1012ED1
:1015300008D0C9071ED0022E12D0032E12D0082EBA
:1015400010D019E0C4E9157894F85C1041F001025C
:10155000014684F85C202046F6F776FB06E03FE083
:10156000A76503E001462046F5F7AAFF94F85C0062
:10157000C00701D1012E33D139462046FBF7B0FC1C
:1015800094F85C00C0072BD0D4E91501884208D933
:10159000EA6B8A4202D12A6C824218D0E963606DFC
:1015A00011E008D2EA6B824202D12A6C8A420ED044
:1015B000E863A06D07E0E96B4046814202D1296CE7
:1015C000814204D0E86328642046F8F75AFB032ED2
:1015D00001D0082E04D114F85C0F20F00100207017
:1015E00006B0BDE8F081D0E9013201699A60D0E926
:1015F00001235A604A68824201D182684A6000220F
:1016000002610868401E086008687047034B036069
:1016100003F15C000860802010607047900B002090
:10162000044B036003F15C0008604FF480701060AD
:1016300070470000EC0D00207047704700F1080172
:101640004FF0FF32C0E90112C16001610021016069
:10165000704700210161704730B50B685A1C02D0F9
:1016600000F1080202E0026904E02246546825689D
:101670009D42FAD953684B6099608A605160086155
:101680000168491C016030BD42684A6093688B6004
:1016900093685960916008610168491C0160704756
:1016A000502080F31188BFF34F8FBFF36F8F0A492B
:1016B0004868401C486001280CD10848006810F0B8
:1016C000FF0F07D0502080F31188BFF34F8FBFF377
:1016D0006F8FFEE7704700002001002004ED00E05E
:1016E0000849486828B1401E486001D180F311883C
:1016F0007047502080F31188BFF34F8FBFF36F8F77
:10170000FEE700002001002070B500282AD0164D09
:10171000A0F1080460686969084207D1502080F38D
:101720001188BFF34F8FBFF36F8FFEE722683AB186
:10173000502080F31188BFF34F8FBFF36F8FFEE708
:101740008843606000F078F9606869680844686000
:101750002046FDF735F92869401C2861BDE8704036
:1017600000F08ABE70BD0000000100204FF0E020B4
:1017700000210161816105494FF47A720968B1FB6A
:10178000F2F1491E41610721016170479400002078
:1017900010B5DEF7D1FD114910280ED300F1E0207D
:1017A00090F8F0030A78904207D2502080F3118815
:1017B000BFF34F8FBFF36F8FFEE70948006889685A
:1017C00000F4E060884207D9502080F31188BFF30D
:1017D0004F8FBFF36F8FFEE710BD00002001002088
:1017E0000CED00E010B5084B002200BF53F832406A
:1017F0001CB1521C082AF9D310BD43F8321003EB78
:10180000C201486010BD00007405002070B5154687
:101810000E460446FFF744FF94F944100020491C8B
:1018200001D184F8440094F94510491C01D184F891
:101830004500FFF755FFA06B28B92A46314604F151
:10184000240000F099F82046BDE87040FDF766BA24
:1018500010B5020014D00F48006B38B1502080F34F
:101860001188BFF34F8FBFF36F8FFEE700F0E4F8EE
:1018700000211046FCF7BCFE00F0FEFD002807D159
:1018800005494FF080500860BFF34F8FBFF36F8F53
:1018900010BD0000AC00002004ED00E070B505466E
:1018A000FFF7FEFE1E4C05B92568281DFFF79BFEBD
:1018B000A86A18B105F11800FFF795FE606A401C90
:1018C00060622068854207D1291D1648FFF7DCFEBB
:1018D0006068401C606007E0A068401EA060284669
:1018E000FCF791FFFDF79AF9FFF7FAFE606900280F
:1018F00014D02068854211D1206B38B1502080F37C
:101900001188BFF34F8FBFF36F8FFEE706494FF08B
:1019100080500860BFF34F8FBFF36F8F70BD000022
:10192000AC000020500A002004ED00E002490A6AE1
:101930000260C96841607047AC0000200149012085
:10194000C8617047AC00002010B50C4650B1094981
:1019500009681831FFF780FE2046BDE810400121DC
:10196000FCF746BE502080F31188BFF34F8FBFF3C2
:101970006F8FFEE7AC00002070B514460D4668B1CD
:101980000A4909681831FFF77FFE0CB14FF0FF35A7
:1019900021462846BDE87040FCF72ABE502080F35F
:1019A0001188BFF34F8FBFF36F8FFEE7AC000020AD
:1019B00030B587B00024039405AA04A903A80494B1
:1019C000FFF724FEDDE903010094CDE901100023B7
:1019D00015A11748059A00F02CFC164D0028E86266
:1019E0001FD000F0ABFD012809D0401C19D15020B8
:1019F00080F31188BFF34F8FBFF36F8FFEE7502046
:101A000080F31188BFF34F8FBFF36F8F4FF0FF301C
:101A1000A86201206861EC6007B0BDE8304000F0CA
:101A2000EDB807B030BD000049444C45000000004F
:101A300089E80108AC0000200248016B491C0163E1
:101A400070470000AC000020164810B5016B11B1C2
:101A50000121C16110BD0021C1610169124A01E08B
:101A6000B9B1491E01EB810352F82330002BF7D0A6
:101A700001EB810302EB830202F1080453685B6807
:101A80005360A34201D15B685360DA680260016170
:101A900010BD502080F31188BFF34F8FBFF36F8FBD
:101AA000FEE70000AC000020B405002070B5F2F79E
:101AB00076FF0546F6F702FEEFF73AFD04460121F0
:101AC0002846F6F7EAFC054694F902000549228803
:101AD00001EB800004A150F8043C2846BDE87040AA
:101AE000F5F781B97C0100202564202573000000F2
:101AF00070B5F2F754FF0546F6F7E0FDEFF718FD75
:101B0000044600212846F6F7C8FC02462088A0F2C9
:101B1000E770404281B21046F2F7DAFE0121284612
:101B2000F6F7BBFC024694F90200BDE87040401E87
:101B300081B21046F2F7CCBEF8B50446B0F92E00DB
:101B400010F5004F59D0B4F92C30678D99B2B942D5
:101B500002D201F5B4710BB294F83410C1F3410113
:101B6000D9B301290ED0022947D10093B4F932200C
:101B7000B4F930103B46F5F79BF905B22046A28D2B
:101B8000A9B237E0F91801EBD171B4F93050B4F9CA
:101B9000322041F34F06A91801EBD17141F34F01F7
:101BA00088420CDA0A463B4629460096F5F780F94A
:101BB00005B2A9B22046EEF750FDB1B209E000939C
:101BC0003346F5F775F905B2B1B22046EEF745FD9B
:101BD000A9B22046EEF705FD0EE0FFE70093B4F949
:101BE0003220B4F930103B46F5F762F905B2AAB2DB
:101BF0002046618DEEF771FCA587F8BD1CB537480E
:101C00000168374A914207D1502080F31188BFF311
:101C10004F8FBFF36F8FFEE700683149491E88423E
:101C200007D1502080F31188BFF34F8FBFF36F8F20
:101C3000FEE72C4908780190FF20087008788DF89D
:101C400000009DF800009DF8002000F0F000904298
:101C500007D0502080F31188BFF34F8FBFF36F8FF1
:101C6000FEE79DF80000204C00F050002070072097
:101C7000A06005E09DF8002052008DF80020401E75
:101C80009DF800201206F5D4A060032807D050204C
:101C900080F31188BFF34F8FBFF36F8FFEE74FF4D0
:101CA0004070A060019808700C482030016841F431
:101CB00070010160016841F070410160FFF756FD5D
:101CC00000206060DEF700FB0848016841F04041F9
:101CD0000160DEF7E5FA00201CBD000000ED00E029
:101CE00071C20F4100E400E02001002034EF00E069
:101CF00010B5502080F31188BFF34F8FBFF36F8F63
:101D000000F0D6FA18B104494FF080500860002066
:101D100080F3118810BD000004ED00E038B5049D8B
:101D200018B153B1CAB181B120E0502080F31188BD
:101D3000BFF34F8FBFF36F8FFEE7502080F3118802
:101D4000BFF34F8FBFF36F8FFEE7502080F31188F2
:101D5000BFF34F8FBFF36F8FFEE739B1502080F391
:101D60001188BFF34F8FBFF36F8FFEE750241C46DF
:101D7000012384F846302B460094FCF7B7FD20463B
:101D800038BD000070B50D46040025D0FFF788FC73
:101D9000D4E90F20216802FB0011A1600021A1639A
:101DA000216861600A46D4E90F01401E00FB012151
:101DB000E16021464FF0FF3001F8440F487004F114
:101DC00010008DB1FFF73AFC04F12400FFF736FC58
:101DD000FFF786FC012070BD502080F31188BFF30F
:101DE0004F8FBFF36F8FFEE721690029F0D000F01D
:101DF0000BFB0028ECD004494FF080500860BFF383
:101E00004F8FBFF36F8FE3E704ED00E02DE9FF474D
:101E100082B01D468A464FF00008040003D0BAF194
:101E2000000F08D011E0502080F31188BFF34F8FCE
:101E3000BFF36F8FFEE7206C38B1502080F311881C
:101E4000BFF34F8FBFF36F8FFEE7022D0AD1E06B18
:101E5000012807D0502080F31188BFF34F8FBFF3C4
:101E60006F8FFEE700F010FA3F4F4FF000094FF080
:101E7000805648B9049838B1502080F31188BFF3D8
:101E80004F8FBFF36F8FFEE7FFF70AFCA06BE16B8C
:101E9000884207D3022D05D00498D0B1B8F1000FC5
:101EA0001AD01EE02A4651462046FCF776FC616AAD
:101EB00019B104F1240000F0A7FA20B13E60BFF38D
:101EC0004F8FBFF36F8FFFF70BFC012006B0BDE80B
:101ED000F087FFF705FC22E06846FFF727FD4FF08B
:101EE0000108FFF7FDFBFFF7A7FDFFF7D9FB94F90A
:101EF0004400401C01D184F8449094F94500401CF2
:101F000001D184F84590FFF7EBFB04A9684600F087
:101F100029F930B12046FCF701FF00F0ADFA0020AE
:101F2000D4E7FFF7BDFBA06BE16B884213D1FFF74D
:101F3000D7FB04F110000499FFF706FD2046FCF7DB
:101F4000EDFE00F099FA00289ED13E60BFF34F8F5E
:101F5000BFF36F8F98E7FFF7C3FB2046FCF7DEFE69
:101F600000F08AFA90E7000004ED00E02DE9F04768
:101F70001F4690468946040003D0B9F1000F08D0EF
:101F800011E0502080F31188BFF34F8FBFF36F8FA4
:101F9000FEE7206C38B1502080F31188BFF34F8FDB
:101FA000BFF36F8FFEE7022F0AD1E06B012807D045
:101FB000502080F31188BFF34F8FBFF36F8FFEE780
:101FC000FFF7E6FB5020EFF3118680F31188BFF393
:101FD0004F8FBFF36F8FA06BE16B884206D3022F48
:101FE00004D0002086F31188BDE8F08794F94550AD
:101FF000A06B3A4649462046FCF7CFFB681C04D04C
:102000006D1C84F845500120ECE7606A0028FAD086
:1020100004F1240000F0F8F90028F4D0B8F1000F22
:10202000F1D00121C8F80010EDE700002DE9F747D5
:10203000002683B08A46040003D0BAF1000F08D00E
:1020400011E0502080F31188BFF34F8FBFF36F8FE3
:10205000FEE7206C38B1502080F31188BFF34F8F1A
:10206000BFF36F8FFEE700F00FF9DFF8F4804FF059
:1020700000094FF0805748B9059838B1502080F3D7
:102080001188BFF34F8FBFF36F8FFEE7FFF708FB99
:10209000A56BC5B151462046FCF76CFB6D1EA563D0
:1020A000206950B104F1100000F0AEF928B1C8F871
:1020B0000070BFF34F8FBFF36F8FFFF711FB01204D
:1020C00006B0BDE8F087059808B11EB106E0FFF73D
:1020D00007FB27E06846FFF729FC0126FFF700FB16
:1020E000FFF7AAFCFFF7DCFA94F94400401C01D189
:1020F00084F8449094F94500401C01D184F845903F
:10210000FFF7EEFA05A9684600F02CF800282046F3
:102110000AD0FCF703FE00F0AFF92046FCF792FC72
:102120000028B3D00020CBE7FCF78CFC90B104F181
:1021300024000599FFF708FC2046FCF7EFFD00F0AE
:102140009BF90028A2D1C8F80070BFF34F8FBFF3EE
:102150006F8F9BE72046FCF7E1FD00F08DF995E7D6
:1021600004ED00E02DE9F0410C46050011D0C4B1AA
:10217000FFF796FA174BDA686E682068911B471CC8
:1021800017D02F681B6A9F4219D0964217D8012496
:1021900010E0502080F31188BFF34F8FBFF36F8F93
:1021A000FEE7502080F31188BFF34F8FBFF36F8F8E
:1021B000FEE70024FFF794FA2046BDE8F08188424C
:1021C00005D9401A20602846FFF7B0FBF1E7002050
:1021D0002060DCE7AC0000202DE9FF5F8346DDE9ED
:1021E0000E87994616468A469000FCF7CDFD0500FD
:1021F0001CD05C20FCF7C8FD040014D0002025632F
:1022000084F85900CDE90240CDE900874B463246BB
:1022100051465846FCF77CFB2046FCF717FA012094
:1022200004B0BDE8F09F2846FFF76EFA4FF0FF308C
:10223000F6E7F0B585B0DDE90B640A9DA6B1DCB127
:102240005C2700972663022684F85960002604AFB5
:10225000CDE90246CDE90057FCF75AFB2046FCF7D2
:10226000F5F9049805B0F0BD502080F31188BFF354
:102270004F8FBFF36F8FFEE7502080F31188BFF3BD
:102280004F8FBFF36F8FFEE70548416919B1006BAF
:1022900018B10020704701207047022070470000ED
:1022A000AC0000200148C06870470000AC0000206E
:1022B0002DE9F041324C0027206B38B1A069401C59
:1022C000A061FFF7BAF93846BDE8F081E668761CF0
:1022D000E66013D1606B006838B1502080F311883C
:1022E000BFF34F8FBFF36F8FFEE7606BA16B61632E
:1022F000A063206A401C2062FCF790FCA06ADFF813
:102300008480864209D3606B006890B1606BC068BE
:10231000C568686886420FD2A0622068C06A00EB78
:10232000800158F82100012800D90127A069F8B1DF
:1023300020E04FF0FF30EFE7281DFFF754F9A86ABF
:1023400018B105F11800FFF74EF9E86A21698842D3
:1023500000D9206100EB800108EB8100291DFFF707
:1023600093F9E86A2168C96A8842CCD30127CAE791
:10237000FFF763F9E0690028A5D00127A3E7000073
:10238000AC000020B405002070B504004FF000013F
:1023900033D01B4D2868844207D0502080F3118829
:1023A000BFF34F8FBFF36F8FFEE7206D38B1401E34
:1023B0002065E36CE26A9A421FD040B11DE05020D4
:1023C00080F31188BFF34F8FBFF36F8FFEE7201D9F
:1023D000FFF709F9E06CE062C0F13800A061E06A43
:1023E0002969884200D92861064900EB800001EB89
:1023F0008000211DFFF748F90121084670BD00004B
:10240000AC000020B405002070B5C068C46854B1A9
:1024100004F118000646FFF7E6F8144D286B50B19A
:102420003146134815E0502080F31188BFF34F8FD9
:10243000BFF36F8FFEE7201DFFF7D5F8E06A29692B
:10244000884200D928610B4900EB800001EB800035
:10245000211DFFF719F9E06A2968C96A884202D983
:102460000120E86170BD002070BD0000AC000020BC
:102470003C0A0020B40500202DE9F0472C4D002433
:102480002746286B38B1FFF70BF9286B401E2863ED
:10249000286B40B146E0502080F31188BFF34F8F86
:1024A000BFF36F8FFEE7A968224E0120D1B3A6F5D6
:1024B000916980463068E0B1F068C46804F11800A2
:1024C000FFF791F8201DFFF78EF8E06A296988422E
:1024D00000D9286100EB800109EB8100211DFFF785
:1024E000D3F8E06A2968C96A8842E3D3C5F81C803A
:1024F000E0E70CB1FCF792FBAC694CB14FEA08067F
:10250000FFF7D6FE00B1EE61641EF9D10020A8618C
:10251000E86938B10849012738070860BFF34F8FD1
:10252000BFF36F8FFFF7DCF83846BDE8F087000097
:10253000AC0000203C0A002004ED00E010B586B09D
:10254000FCF7ECF8114C2068B8B10020039004901F
:1025500005AA04A903A8FFF763F8DDE90321022017
:102560008DE8070000230AA10B48059AFFF761FEDA
:10257000606010B106B0012010BD502080F31188BA
:10258000BFF34F8FBFF36F8FFEE70000E80000201E
:10259000546D722053766300F9EC01082DE9FF4178
:1025A0001E46134602000A9D4FF0000016D0144C40
:1025B0002768002F0FD0CDE900130292062917DA01
:1025C000FFF762FE02284FF000030FD00022694699
:1025D0002068FFF71BFC04B0BDE8F081502080F3B9
:1025E0001188BFF34F8FBFF36F8FFEE72A46EEE7E8
:1025F0000023324669463846FFF7B8FCEBE7000097
:10260000E800002070B50546F2F7C9F904462846EF
:10261000F2F7C7F905462046F1F75AFF0446284667
:10262000EEF786FF0068A4F2E774614240F30742C8
:102630002846BDE8704089B2EEF77CBF4FF040708D
:10264000E1EE100A70470000DC9A0208000000006A
:102650000000000000000000000000000002000078
:10266000180000000000000000000000F89A0208B6
:10267000000000000000000000000000000000005A
:10268000000500002B00000000000000000000001A
:10269000E89A0208000000000000000000000000AE
:1026A00000000000000C0000080000000000000016
:1026B00000000000000610160006101600000000C2
:1026C00000000000010203040607080900000000E2
:1026D00001020304000000000000000000000000F0
:1026E00000000404040404000004000014140A00A0
:1026F000000000000000000000000A0A1F0A0A1F74
:102700000A0A000000040E1505060C14150E04003C
:10271000000012150D152E2C2A1200000000040ACC
:102720000A361515291600000202010000000000FB
:102730000000000010080804040404040808100045
:102740000204040808080808040402000000000449
:10275000150E0E150400000000000008083E0808D1
:102760000000000000000000000000000202010064
:1027700000000000003F000000000000000000001A
:1027800000000000000200000020101008080404EF
:102790000202010000000E1111111111110E0000B2
:1027A0000000040604040404040E000000000E11DE
:1027B00011080402011F000000000E11100C10107F
:1027C000110E00000000080C0C0A091F081C000074
:1027D00000001F01010F1110110E000000000C126B
:1027E000010D1311110E000000001E100808040452
:1027F0000404000000000E11110E1111110E000052
:1028000000000E111119161009060000000000004A
:1028100004000000000400000000000000040000AC
:102820000004040000001008040202040810000064
:10283000000000003F003F00000000000000020414
:10284000081010080402000000000E111108040412
:102850000004000000001C22292D2D1D221C000058
:10286000000004040C0A0A1E1233000000000F12BC
:10287000120E1212120F000000001E1101010101C0
:10288000110E000000000F1212121212120F00009F
:1028900000001F120A0E0A02121F000000001F1281
:1028A0000A0E0A020207000000001C120101391181
:1028B000120C000000003312121E1212123300001C
:1028C00000001F0404040404041F000000003E086C
:1028D0000808080808080907000037120A060A1243
:1028E000123700000000070202020202223F00002D
:1028F00000003B1B1B1B15151535000000003B128B
:1029000016161A1A1217000000000E1111111111DB
:10291000110E000000000F12120E0202020700004A
:1029200000000E1111111117190E180000000F12DE
:10293000120E0A121237000000001E1101060810C4
:10294000110F000000001F1504040404040E000011
:102950000000331212121212120C00000000331287
:10296000120A0A0C040400000000151515150E0AC1
:102970000A0A000000001B0A0A04040A0A1B0000DD
:1029800000001B0A0A0A0404040E000000001F09CC
:1029900008040402121F00001C04040404040404BC
:1029A00004041C00000202040404080808101000BB
:1029B0000E0808080808080808080E00040A0000A5
:1029C0000000000000000000000000000000000007
:1029D0000000003F020400000000000000000000B2
:1029E00000000000000C121C123C00000003020258
:1029F000020E1212120E000000000000001C120253
:102A0000120C000000181010101C1212123C0000D2
:102A100000000000000C121E021C0000001824041C
:102A2000041E0404041E000000000000003C120C00
:102A3000021C221C00030202020E121212370000B6
:102A40000004040000060404040E0000000808004E
:102A5000000C08080808080700030202021A0A0608
:102A60000A1300000007040404040404041F000007
:102A700000000000000F15151515000000000000F3
:102A8000000F12121237000000000000000C12129A
:102A9000120C000000000000000F1212120E0207BC
:102AA00000000000001C1212121C10380000000070
:102AB000001B06020207000000000000001E020CBE
:102AC000101E000000000004041E0404041C00008A
:102AD00000000000001B1212123C00000000000069
:102AE000001B0A0A04040000000000000015150E77
:102AF0000A0A000000000000001B0A040A1B000074
:102B000000000000003312120C0804030000000053
:102B1000001E0804041E000018080808080C080815
:102B2000080818000808080808080808080808081D
:102B30000604040404080404040406001609000042
:102B40000000000000000000000000000000000085
:102B5000000000000000000000000008080808084D
:102B6000080800001818000000486C24120000003B
:102B700000000000000000000000002424247F1258
:102B800012127F12121200000000081C2A2A0A0CDE
:102B90001828282A2A1C08080000002225151515C7
:102BA0002A585454542200000000000C1212120A39
:102BB00076252911916E000000060604030000002E
:102BC000000000000000000000402010100808086D
:102BD0000808081010204000000204080810101017
:102BE00010101008080402000000000008086B1C08
:102BF0001C6B08080000000000000000080808081E
:102C00007F08080808000000000000000000000025
:102C100000000000060604030000000000000000A1
:102C2000FE000000000000000000000000000000A6
:102C30000000000006060000000080404020201038
:102C40001008080404020200000000182442424256
:102C50004242424224180000000000080E08080802
:102C600008080808083E00000000003C42424220DC
:102C700020100804427E00000000003C4242201860
:102C800020404042221C0000000000203028242464
:102C900022227E20207800000000007E0202021A1C
:102CA00026404042221C0000000000382402021A84
:102CB00026424242241800000000007E222210100A
:102CC00008080808080800000000003C42424224AE
:102CD00018244242423C00000000001824424242B4
:102CE00064584040241C0000000000000000181838
:102CF000000000001818000000000000000000089C
:102D00000000000000080804000000402010080433
:102D100002040810204000000000000000007F00B6
:102D200000007F00000000000000000204081020E6
:102D300040201008040200000000003C42424640CF
:102D400020101000181800000000001C225A5555D1
:102D500055552D42221C00000000000808181414CC
:102D6000243C224242E700000000001F2222221ED3
:102D700022424242221F00000000007C4242010128
:102D800001010142221C00000000001F22424242B9
:102D900042424242221F00000000003F4212121E27
:102DA00012120242423F00000000003F4212121E77
:102DB00012120202020700000000003C2222010160
:102DC00001712122221C0000000000E74242424221
:102DD0007E42424242E700000000003E0808080828
:102DE00008080808083E00000000007C10101010C1
:102DF000101010101010110F0000007722120A0E90
:102E00000A121222227700000000000702020202CA
:102E100002020202427F000000000077363636369A
:102E20002A2A2A2A2A6B0000000000E346464A4A62
:102E300052525262624700000000001C2241414190
:102E400041414141221C00000000003F42424242F9
:102E50003E020202020700000000001C2241414124
:102E600041414D53321C60000000003F4242423E4F
:102E70001212222242C700000000007C42420204DB
:102E800018204042423E00000000007F4908080828
:102E900008080808081C0000000000E742424242FF
:102EA00042424242423C0000000000E742422224EB
:102EB00024141418080800000000006B494949490F
:102EC0005555362222220000000000E74224241833
:102ED0001818242442E7000000000077222214146E
:102EE00008080808081C00000000007E21201010BF
:102EF00008040442423F0000007808080808080857
:102F000008080808080878000000020204040808FD
:102F10000810102020204040001E1010101010102B
:102F20001010101010101E000038440000000000A7
:102F30000000000000000000000000000000000091
:102F400000000000000000FF000608000000000074
:102F50000000000000000000000000000000003C35
:102F60004278444242FC0000000000030202021AC0
:102F700026424242261A00000000000000000038ED
:102F800044020202443800000000006040404078E3
:102F90004442424264D80000000000000000003CAF
:102FA000427E0202423C0000000000F08808087ED9
:102FB00008080808083E0000000000000000007C2F
:102FC00022221C023C42423C000000030202023A60
:102FD0004642424242E700000000000C0C00000E96
:102FE00008080808083E00000000003030000038E3
:102FF000202020202020221E000000030202027256
:10300000120A1612227700000000000E08080808B5
:1030100008080808083E0000000000000000007FCB
:103020009292929292B70000000000000000003BD4
:103030004642424242E70000000000000000003C1F
:1030400042424242423C0000000000000000001BDF
:1030500026424242221E02070000000000000078C3
:1030600044424242447840E0000000000000007703
:103070004C040404041F0000000000000000007C59
:1030800042023C40423E0000000000000008083EB2
:103090000808080808300000000000000000006375
:1030A0004242424262DC000000000000000000E7F3
:1030B000422424140808000000000000000000EB77
:1030C000494955552222000000000000000000760A
:1030D00024181818246E000000000000000000E70B
:1030E0004224241418080807000000000000007E95
:1030F00022100808447E000000C02020202020105C
:10310000202020202020C0001010101010101010BF
:1031100010101010101010100006080808080810F1
:1031200008080808080806000C32C2000000000069
:10313000000000000000000000000000000000008F
:10314000000000000000000000000000000000007F
:10315000000000000000000000000000000000006F
:10316000000000000000000000000000000000005F
:10317000600060006000600060006000600040006F
:10318000200020002000000000000000600060001F
:103190006000000000000000000000006006600603
:1031A0003003980188004400000000000000000087
:1031B000000000000000000000000000000000000F
:1031C00000000000000000000000000000000000FF
:1031D0001002100210021002FE07FE07080208018A
:1031E000080108010801FE07FE07040104010401AB
:1031F000040100000000000000000000000040008A
:103200004000F00158034C03CC034C005800700000
:10321000E000C001C00140034C035C034C034801C3
:10322000F00040004000000000000000000000002E
:103230000E010A01910091009100510051003A00E5
:10324000AE03A00250045004480448044804840219
:1032500084030000000000000000000000000000E7
:1032600038006C006C006C006C006C002C0098073F
:103270001C011A01330133016301E300C308C609CD
:103280003C07000000000000000000000C001C00D3
:103290001000100008000400000000000000000002
:1032A000000000000000000000000000000000001E
:1032B0000000000000000000000000000004000208
:1032C000000180008000400040002000200020001D
:1032D00020002000200020004000400080008000EE
:1032E00000010002000400000000000002000400D1
:1032F00008001000100020002000400040004000A6
:10330000400040004000400020002000100010005D
:10331000080004000200000000000000000000009F
:10332000000000004000C0004000460C4E0FD001DD
:10333000F0015E0F460C400040004000000000001D
:10334000000000000000000000000000000000007D
:10335000000000000000400040004000400040002D
:10336000FE0F400040004000400040000000000010
:10337000000000000000000000000000000000004D
:10338000000000000000000000000000000000003D
:103390000000000000000000000000000C001C0005
:1033A00010001000080004000000000000000000F1
:1033B000000000000000000000000000000000000D
:1033C000FE070000000000000000000000000000F8
:1033D00000000000000000000000000000000000ED
:1033E00000000000000000000000000000000000DD
:1033F0000000000000000000000000001C001C0095
:103400001C00000000000000000000000004000696
:103410000002000300010001800080004000400025
:1034200060002000200010001000080008000C00C0
:103430000400060002000000000000000000000080
:103440000000F00098010C030C03060606060606B1
:10345000060606060606060606060C030C03980179
:10346000F00000000000000000000000000000006C
:10347000000040007C0060006000600060006000B0
:10348000600060006000600060006000600060003C
:10349000FC0300000000000000000000000000002D
:1034A0000000F80084010203060306030003000184
:1034B0008001C00060002000100008020402060223
:1034C000FE030000000000000000000000000000FB
:1034D00000007800C6008601860180018001C000DE
:1034E000700080010001000300030603060386014B
:1034F000F8000000000000000000000000000000D4
:10350000000080018001C001A001A001900188019C
:10351000880184018201FE0F800180018001800109
:10352000E0070000000000000000000000000000B4
:103530000000FC0304000400040004000400F40084
:103540008C010403000300030603060382018401C7
:10355000F800000000000000000000000000000073
:103560000000E00118030C030C0004000600E60153
:1035700016030E0606060606060604060C021803C7
:10358000F00000000000000000000000000000004B
:103590000000F8070C06040204010001000180008D
:1035A000800040004000400060006000600060005B
:1035B00060000000000000000000000000000000AB
:1035C0000000F8010C030606060606060C021C03A2
:1035D000F000C8010C0306060606060606060C03E4
:1035E000F0010000000000000000000000000000EA
:1035F0000000F0000C010C03060206060606060693
:1036000006078C0678060006000300030C018C01F7
:103610007800000000000000000000000000000032
:10362000000000000000000000000000E000E000DA
:10363000E00000000000000000000000E000E000EA
:10364000E00000000000000000000000000000009A
:1036500000000000000000000000000060006000AA
:1036600000000000000000000000000000006000FA
:10367000600040002000200000000000000000006A
:10368000000400020001800040002000100008003B
:10369000040008001000200040008000000100022B
:1036A0000004000000000000000000000000000016
:1036B000000000000000000000000000FE07000005
:1036C00000000000FE0700000000000000000000F5
:1036D00000000000000000000000000000000000EA
:1036E00004000800100020004000800000010002DB
:1036F00000040002000180004000200010000800CB
:1037000004000000000000000000000000000000B5
:103710000000E0031806040C040C0C0C0C0C000751
:10372000800140004000400000000000E000E00098
:10373000E0000000000000000000000000000000A9
:10374000E00018030C02CC0564056605A605B60466
:10375000B604B604B604B602E4010C040C02180365
:10376000F000000000000000000000000000000069
:103770000000600060005000D000900090008800C1
:1037800088010801F801040304030402020202068E
:103790000F0F00000000000000000000000000000B
:1037A0000000FE008C030C030C030C030C038C01C3
:1037B000FC000C030C020C060C060C060C060C0399
:1037C000FE010000000000000000000000000000FA
:1037D0000000E00318030C060C04040406000600B5
:1037E000060006000600060006040C040C0218037E
:1037F000F0000000000000000000000000000000D9
:1038000000007F008C010C030C030C060C060C0658
:103810000C060C060C060C060C060C030C038C01A3
:103820007F00000000000000000000000000000019
:103830000000FF0306030604060406008600860057
:10384000FE008600860086000600060406040602C6
:10385000FF03000000000000000000000000000066
:103860000000FF0306030604060406008600860027
:10387000FE008600860086000600060006000600A0
:103880001F00000000000000000000000000000019
:103890000000F00018010C020C02040206000600F1
:1038A00006000600C60F060306030C030C031803EC
:1038B000F000000000000000000000000000000018
:1038C00000000F0F06060606060606060606060692
:1038D000FE0706060606060606060606060606068F
:1038E0000F0F0000000000000000000000000000BA
:1038F0000000FC0360006000600060006000600089
:1039000060006000600060006000600060006000B7
:10391000FC030000000000000000000000000000A8
:103920000000F807C000C000C000C000C000C00018
:10393000C000C000C000C000C000C000C000C00087
:10394000C000C60066003C0000000000000000004F
:103950000000CF038601C600460026001600360090
:103960002E006E004600C600860086010601060392
:103970008F070000000000000000000000000000B1
:1039800000001F00060006000600060006000600F4
:1039900006000600060006000600060406040602ED
:1039A000FF03000000000000000000000000000015
:1039B00000000707860386038E038E034E034E0323
:1039C0004A035A035A033A033203320332031203FF
:1039D0008707000000000000000000000000000059
:1039E00000008E0F0C021C021C023402340264021E
:1039F00064024402C40284028403840304030403B3
:103A00001F02000000000000000000000000000095
:103A10000000F00098010C030C02060606060606DC
:103A2000060606060606060606060C020C039801A4
:103A3000F000000000000000000000000000000096
:103A40000000FF0006030606060606060606060632
:103A50008603FE00060006000600060006000600BB
:103A60001F00000000000000000000000000000037
:103A70000000F00098010C030C020606060606067C
:103A8000060606060606060676064C02CC039801D4
:103A9000F0008007000300000000000000000000AC
:103AA0000000FF01060306060606060606060603D4
:103AB000FE004600C60086008601060306030606D1
:103AC0000F0E0000000000000000000000000000D9
:103AD0000000F8020C030602060206000E003C007D
:103AE000F800E003800300070206020606060C0346
:103AF000F0010000000000000000000000000000D5
:103B00000000FE0762046108610860006000600058
:103B100060006000600060006000600060006000A5
:103B2000F80100000000000000000000000000009C
:103B300000001E070C020C020C020C020C020C020C
:103B40000C020C020C020C020C020C020C021801FA
:103B5000F000000000000000000000000000000075
:103B600000000F070602040104010C010C0188008B
:103B7000880098009800500050007000300020002D
:103B80002000000000000000000000000000000015
:103B90000000F70E62044204460446046402640214
:103BA000E402E4029C029C019801980188018800CB
:103BB000880000000000000000000000000000007D
:103BC00000009E070C01080118019000B000600081
:103BD000200060006000D00090008801080104030C
:103BE0008E07000000000000000000000000000040
:103BF00000000F0F060404020C0208011801B800AF
:103C0000B000700060006000600060006000600054
:103C1000F8010000000000000000000000000000AB
:103C20000000FC070C020603020180018000400036
:103C30004000200020001000180008040C040402BA
:103C4000FE0300000000000000000000E003200070
:103C50002000200020002000200020002000200064
:103C60002000200020002000200020002000200054
:103C700020002000E0030000000000000000000021
:103C800004000400080008001000100010002000CC
:103C9000200040004000C0008000800000010001C2
:103CA0000002000200020004000000007C0040004E
:103CB0004000400040004000400040004000400004
:103CC00040004000400040004000400040004000F4
:103CD000400040007C0000000000600090000801EF
:103CE00000000000000000000000000000000000D4
:103CF00000000000000000000000000000000000C4
:103D000000000000000000000000000000000000B3
:103D100000000000000000000000000000000000A3
:103D20000000000000000000000000000000000093
:103D3000000000000000FF0F0000000018006000FD
:103D40000000000000000000000000000000000073
:103D50000000000000000000000000000000000063
:103D60000000000000000000000000000000000053
:103D7000000000000000000000000000F0010C0343
:103D80000C030003E0031C030E03060306038E0B63
:103D90007C0E000000000000000000000000000099
:103DA00008000E000C000C000C000C00CC013C03C1
:103DB0001C060C060C060C060C060C060C021C035A
:103DC000E40100000000000000000000000000000E
:103DD000000000000000000000000000F0008C0166
:103DE0008C01860106000600060006020C020C018A
:103DF000F0000000000000000000000000000000D3
:103E00000002C003000300030003000378038C03D7
:103E10000C030603060306030603060304038C07CC
:103E20007801000000000000000000000000000019
:103E3000000000000000000000000000E001180386
:103E400008020C060C06FC070C000C0018041802F3
:103E5000E001000000000000000000000000000081
:103E60000000C0036006300630003000FE01300064
:103E700030003000300030003000300030003000C2
:103E8000FC01000000000000000000000000000035
:103E9000000000000000000000000000F007D8064D
:103EA0008C018C018C019801F8000C00FC00CC0303
:103EB000060306038E03F800000000000000000067
:103EC00008000E000C000C000C000C00EC011C03A0
:103ED0000C030C030C030C030C030C030C030C036A
:103EE0009E0700000000000000000000000000002D
:103EF0000000600060000000000040007C006000E6
:103F000060006000600060006000600060006000B1
:103F1000FC030000000000000000000000000000A2
:103F20000000C001C001000000000001F00180019C
:103F30008001800180018001800180018001800179
:103F400080018001CC007C00000000000000000027
:103F500008000E000C000C000C000C008C038C0000
:103F60008C004C006C005C008C008C010C010C037C
:103F70009E0700000000000000000000000000009C
:103F800040007C0060006000600060006000600035
:103F90006000600060006000600060006000600021
:103FA000FC03000000000000000000000000000012
:103FB0000000000000000000000000003707EE06CF
:103FC0006606660666066606660666066606660691
:103FD000FF0F0000000000000000000000000000D3
:103FE000000000000000000000000000EE011C03C3
:103FF0000C030C030C030C030C030C030C030C0349
:104000009E0700000000000000000000000000000B
:10401000000000000000000000000000F000980117
:104020000C03060606060606060606060C030C0327
:10403000F000000000000000000000000000000090
:10404000000000000000000000000000EE011C0362
:104050000C060C060C060C060C060C060C031C03C6
:10406000EC010C000C003E0000000000000000000D
:1040700000000000000000000000000078028C0337
:104080000C030603060306030603060304038C035E
:10409000780300030003C0070000000000000000D8
:1040A0000000000000000000000000009F03580610
:1040B000380618001800180018001800180018001A
:1040C000FF000000000000000000000000000000F1
:1040D000000000000000000000000000F0031C03CE
:1040E0000C020C023800F000C003040304038C032C
:1040F000FC010000000000000000000000000000C3
:10410000000000002000200030003000FE013000E0
:10411000300030003000300030003000300230021B
:10412000E0010000000000000000000000000000AE
:104130000000000000000000000008028E030C03D5
:104140000C030C030C030C030C030C030C039C0763
:1041500078010000000000000000000000000000E6
:104160000000000000000000000000001E070C021C
:104170000801080118019000B000B0006000600064
:10418000200000000000000000000000000000000F
:10419000000000000000000000000000F70E6204B4
:1041A000460464026402EC029C01980198019801A3
:1041B00008000000000000000000000000000000F7
:1041C000000000000000000000000000BC07180113
:1041D0001001B00060006000E000900008010803DA
:1041E0009E0700000000000000000000000000002A
:1041F0000000000000000000000000009E07080111
:104200000801080190009000B000600060006000AC
:104210002000200024001C0000000000000000001E
:10422000000000000000000000000000FC0184010C
:10423000C4004400600020003000180208020C0393
:10424000FC010000000000000000000000038000EE
:10425000800080008000800080008000800040009E
:1042600020004000800080008000800080008000EE
:10427000800080000003000040004000400040003B
:10428000400040004000400040004000400040002E
:10429000400040004000400040004000400040001E
:1042A0004000400040004000000000000C001000F2
:1042B000100010001000100010001000100020006E
:1042C000400020001000100010001000100010002E
:1042D000100010000C00000000001C002204C204AA
:1042E000800300000000000000000000000000004B
:1042F00000000000000000000000000000000000BE
:1043000000000000000000000000000000000000AD
:10431000000000000000000000000000000000009D
:10432000000000000000000000000000000000008D
:10433000000000000000000000000000000000007D
:10434000000000000000000000000000000000006D
:104350000000C001C001C001C001C001C001C00116
:1043600080008000800080008000800080000000CD
:104370000000000000008001C003C00380010000B5
:104380000000000000000000000000000000E01C31
:10439000E01CF01E700E38071803080184000000AE
:1043A000000000000000000000000000000000000D
:1043B00000000000000000000000000000000000FD
:1043C00000000000000000000000000000000000ED
:1043D0000000000020102010201020102010FE7F70
:1043E000FE7F1008100810081008100810081008A8
:1043F000FE7FFE7F08040804080408040804000087
:1044000000000000000000000000000000000000AC
:1044100000010001C007601910311831183918392E
:1044200038017001E001C0038007000F001D003952
:1044300000311C311C310C310C11180DE00700014A
:10444000000100010000000000000000000000006A
:10445000000000001C1036186308630C630463043A
:10446000630263026301361D9C37802280634063D0
:10447000406320632063306310221836081C00005C
:10448000000000000000000000000000000000002C
:1044900000000000F00098018C018C018C018C015F
:1044A0008C00CC007800183E1C08360832086304E3
:1044B0006304C304C303834306438E26781C0000B1
:1044C00000000000000000000000000000001C00D0
:1044D0003C003C003000300010000C0006000000E2
:1044E00000000000000000000000000000000000CC
:1044F00000000000000000000000000000000000BC
:10450000000000000000000000000000000000406B
:10451000002000100008000C000400060003000347
:104520000003800180018001800180018001800101
:10453000800100030003000300060006000C0008D1
:1045400000100020004000000000000000000200F9
:10455000040008001000300020006000C000C0000F
:10456000C000800180018001800180018001800104
:104570008001C000C000C00060006000300010007A
:10458000080004000200000000000000000000001D
:104590000000000000000000000180038003000113
:1045A0001C713C79783DC0070001C007783D3C791B
:1045B0001C710001800380038001000000000000E6
:1045C00000000000000000000000000000000000EB
:1045D00000000000000000000000000100010001D8
:1045E0000001000100010001FC7F00010001000149
:1045F00000010001000100010000000000000000B7
:1046000000000000000000000000000000000000AA
:10461000000000000000000000000000000000009A
:10462000000000000000000000000000000000008A
:1046300000000000000000001C003C003C003000B6
:10464000300010000C000600000000000000000018
:10465000000000000000000000000000000000005A
:104660000000000000000000FE7F000000000000CD
:10467000000000000000000000000000000000003A
:10468000000000000000000000000000000000002A
:10469000000000000000000000000000000000001A
:1046A000000000000000000000000000000000000A
:1046B00000000000000018003C003C001800000052
:1046C00000000000000000000000000000000040AA
:1046D000006000200030001000180008000C0004EA
:1046E000000600020003000180018000C0004000BD
:1046F0006000200030001000180008000C000400CA
:1047000006000200000000000000000000000000A1
:1047100000000000C007600C301818301830182056
:104720000C600C600C600C600C600C600C600C6029
:104730000C601820183018303018600CC0070000CA
:104740000000000000000000000000000000000069
:104750000000000000018001F8018001800180015B
:104760008001800180018001800180018001800141
:1047700080018001800180018001C003F81F0000DA
:104780000000000000000000000000000000000029
:1047900000000000E007101C0818043004300C3042
:1047A0000C300030001800080004000200018000F6
:1047B00040002020102008200430FC1FFC1F0000B7
:1047C00000000000000000000000000000000000E9
:1047D00000000000E003180E0C0C0C180C180C184C
:1047E0000018000C0006C003000E00180010003076
:1047F00000300C300C300C100C18180CE0030000CA
:1048000000000000000000000000000000000000A8
:1048100000000000000C000E000E000F800E800E45
:10482000400E600E200E100E100E080E040E040E28
:10483000FE7F000E000E000E000E000E000EC07F68
:104840000000000000000000000000000000000068
:1048500000000000F03FF03F1000100010000800C2
:104860000800C807280C1818081000300030003065
:1048700000300C300C3004180418080CF003000051
:104880000000000000000000000000000000000028
:1048900000000000800FC0102030103018001800F9
:1048A00008000C008C0F6C183C301C600C600C6015
:1048B0000C600C601860182030306018C0070000D1
:1048C00000000000000000000000000000000000E8
:1048D00000000000F83FF83F1C100C080408040416
:1048E00000040002000200010001000180008000BD
:1048F0008000C000C000C000C000C000C0000000B8
:1049000000000000000000000000000000000000A7
:1049100000000000E007300C18180C300C300C3090
:104920001C3038187008E007B007180E0C1C063849
:1049300006300630063006300C18180CE003000074
:104940000000000000000000000000000000000067
:1049500000000000E00318040C080C1806100630D4
:1049600006300630063006380C3C1836F031003080
:104970000018001800180C0C0C060C03F0010000C5
:104980000000000000000000000000000000000027
:104990000000000000000000000000000000000017
:1049A00000008001C003C00380010000000000007F
:1049B0000000000000008001C003C003800100006F
:1049C00000000000000000000000000000000000E7
:1049D00000000000000000000000000000000000D7
:1049E0000000C000C0000000000000000000000047
:1049F00000000000000000000000C000C0008000B7
:104A000080004000400000000000000000000000A6
:104A100000000020001000080004000600038001D0
:104A2000C0006000300018000C001800300060006A
:104A3000C0008001000300060004000800100020F0
:104A40000000000000000000000000000000000066
:104A50000000000000000000000000000000000056
:104A60000000FE7F00000000000000000000FE7F4C
:104A70000000000000000000000000000000000036
:104A80000000000000000000000000000000000026
:104A9000000004000800100020006000C000800139
:104AA00000030006000C001800300018000C00067F
:104AB00000038001C0006000200010000800040016
:104AC00000000000000000000000000000000000E6
:104AD0000000C0073018083008600C601C601C60C3
:104AE0001C600030001C0006000180008000800077
:104AF0008000000000008001C003C00380010000AE
:104B000000000000000000000000000000000000A5
:104B100000000000C0076018103018200C2F8C4DCA
:104B2000864CC64CC64C664C664466446626662671
:104B30006615CC1C0C40082018303018C007000047
:104B40000000000000000000000000000000000065
:104B500000000001C001C001C0014001600320034A
:104B6000200320033006100610061006F80F080C6C
:104B7000080C080C0C0C0418041806181F7C000004
:104B80000000000000000000000000000000000025
:104B900000000000FE07181C1838183018301830B4
:104BA00018301818180CF807181818301820186042
:104BB000186018601860186018301818FE0F000090
:104BC00000000000000000000000000000000000E5
:104BD00000000000C0276038103018200C400C4046
:104BE0000400060006000600060006000600060097
:104BF00006000C400C400C2018303018C007000094
:104C000000000000000000000000000000000000A4
:104C100000000000FE03180E181818301830183065
:104C200018601860186018601860186018601860C4
:104C300018601830183018101818180EFE030000ED
:104C40000000000000000000000000000000000064
:104C500000000000FE3F18301820186018401800AF
:104C600018081808180CF80F180C1808180818005D
:104C7000180018001840184018201830FE3F000097
:104C80000000000000000000000000000000000024
:104C900000000000FE7F1870184018C0188018002F
:104CA000181018101818F81F1818181018101800D5
:104CB0001800180018001800180018007E000000E6
:104CC00000000000000000000000000000000000E4
:104CD00000000000C013701C101018100C200C20D5
:104CE00004000600060006000600060006FC06306A
:104CF00006300C300C30183018303008C007000077
:104D000000000000000000000000000000000000A3
:104D1000000000003F7E0C180C180C180C180C1822
:104D20000C180C180C180C18FC1F0C180C180C186C
:104D30000C180C180C180C180C180C183F7E0000DE
:104D40000000000000000000000000000000000063
:104D500000000000F81F80018001800180018001B7
:104D6000800180018001800180018001800180013B
:104D7000800180018001800180018001F81F000016
:104D80000000000000000000000000000000000023
:104D900000000000E07F0006000600060006000696
:104DA00000060006000600060006000600060006D3
:104DB00000060006000600060006000600060006C3
:104DC0000E060E038E01FC00000000000000000033
:104DD000000000007E7C1818180818041806180235
:104DE000180198019801D801B8033803180718066C
:104DF000180E180C181C1818183018307EFC0000FB
:104E000000000000000000000000000000000000A2
:104E1000000000007E00180018001800180018009C
:104E200018001800180018001800180018001800C2
:104E3000180018001840184018201830FE3F0000D5
:104E40000000000000000000000000000000000062
:104E5000000000001FF81C381C381C381C3C34347F
:104E6000343434343436743264326432643264310B
:104E7000C431C431C431C430C43084309FFC00001C
:104E80000000000000000000000000000000000022
:104E9000000000001F7C1C103C10341034107410F3
:104EA0006410E410C410C411841184130413041793
:104EB0000416041E041C041C041C04181F18000003
:104EC00000000000000000000000000000000000E2
:104ED00000000000C003300C181808100C300C3013
:104EE0000660066006600660066006600660066092
:104EF00006600C200C3008101818300CC00300009D
:104F000000000000000000000000000000000000A1
:104F100000000000FE0F18181830186018601860A4
:104F20001860186018301818F80F180018001800CA
:104F30001800180018001800180018007E00000063
:104F40000000000000000000000000000000000061
:104F500000000000C003300C18180C100C300C209E
:104F60000660066006600660066006600660066011
:104F70000660E4612C331C321816300EC007004C5A
:104F8000007C00380000000000000000000000006D
:104F900000000000FE07181C1838183018301830B0
:104FA00018301818180CF807980318031807180673
:104FB0001806180E180C180C181C18187E7800000B
:104FC00000000000000000000000000000000000E1
:104FD00000000000E027303818300C200C200C00B6
:104FE0000C0018007800E003800F001E00380070ED
:104FF000006004600460086018303818C80F0000B2
:1050000000000000000000000000000000000000A0
:1050100000000000FC3F8C218461824182418001BC
:105020008001800180018001800180018001800178
:10503000800180018001800180018001E007000083
:105040000000000000000000000000000000000060
:10505000000000003F7C0C100C100C100C100C1009
:105060000C100C100C100C100C100C100C100C1060
:105070000C100C100C100C1008083804E003000091
:105080000000000000000000000000000000000020
:10509000000000003EF818201820182030103010B2
:1050A00030103010600860086008E00CC004C004D4
:1050B000C00480038003800380030001000100001E
:1050C00000000000000000000000000000000000E0
:1050D00000000000DFF38661862186218C210C21EF
:1050E0008C238C138C138C134C1358125816580E97
:1050F000380E380E380E300C100410041004000066
:10510000000000000000000000000000000000009F
:10511000000000007E3E1808380830043004700299
:105120006002E001C001C00180018003400340072C
:1051300020062006100C100C081808183E7C0000F1
:10514000000000000000000000000000000000005F
:10515000000000007E7C1C10181018083008300C6D
:10516000700460046002C002C002C00180018001BE
:10517000800180018001800180018001E007000042
:10518000000000000000000000000000000000001F
:1051900000000000F83F18180818040C040E000660
:1051A0000007000380038001C001C000E000600030
:1051B00070003000382018201C100C18FE1F000052
:1051C0000000000000000000000000000000C03FE0
:1051D00040004000400040004000400040004000CF
:1051E00040004000400040004000400040004000BF
:1051F00040004000400040004000400040004000AF
:105200004000C03F0000000000000000000000005F
:105210000000080018001800100030002000600096
:1052200060004000C0008000800180010001000398
:105230000002000600060004000C00080018001818
:105240000010003000200000000000000000FC03FF
:10525000000200020002000200020002000200023E
:10526000000200020002000200020002000200022E
:10527000000200020002000200020002000200021E
:105280000002FC0300000000000000000000800796
:10529000C006200810100000000000000000000000
:1052A00000000000000000000000000000000000FE
:1052B00000000000000000000000000000000000EE
:1052C00000000000000000000000000000000000DE
:1052D00000000000000000000000000000000000CE
:1052E00000000000000000000000000000000000BE
:1052F00000000000000000000000000000000000AE
:10530000000000000000FFFF000000000000780027
:10531000C0000001000000000000000000000000CC
:10532000000000000000000000000000000000007D
:10533000000000000000000000000000000000006D
:10534000000000000000000000000000000000005D
:10535000000000000000000000000000000000004D
:105360000000F00318060C0C0C0C000C800F700CE5
:105370001C0C0C0C060C060C064C0C4FF8380000EC
:10538000000000000000000000000000000000001D
:10539000000010001E001800180018001800180067
:1053A0001800180FD8183830386018601860186066
:1053B000186018601860182038307818C807000086
:1053C00000000000000000000000000000000000DD
:1053D00000000000000000000000000000000000CD
:1053E0000000C007700C181818180C180C000C00DE
:1053F0000C000C000C20182018103008C00700000A
:10540000000000000000000000000000000000009C
:1054100000000010001E00180018001800180018E6
:105420000018E01B301C181818180C180C180C1851
:105430000C180C180C180818181C307AE009000019
:10544000000000000000000000000000000000005C
:10545000000000000000000000000000000000004C
:105460000000C007300C181808100C300C30FC3F3E
:105470000C000C000C00182018107018C007000059
:10548000000000000000000000000000000000001C
:1054900000000000003E80C380C0C0C0C000C0004B
:1054A000C000FC1FC000C000C000C000C000C000A1
:1054B000C000C000C000C000C000C000F80F000065
:1054C00000000000000000000000000000000000DC
:1054D00000000000000000000000000000000000CC
:1054E0000000C077306C1018181818181818101809
:1054F000300CF00718001800F00FF03F08700C6037
:105500000C600C603838E00F000000000000000064
:10551000000010001E0018001800180018001800E5
:105520001800980FD8183830183018301830183044
:105530001830183018301830183018307EFC000041
:10554000000000000000000000000000000000005B
:1055500000000000800380038003000000000000C2
:105560000001F8018001800180018001800180013B
:10557000800180018001800180018001F81F00000E
:10558000000000000000000000000000000000001B
:105590000000000000380038003800000000000063
:1055A0000010801F001800180018001800180018BC
:1055B000001800180018001800180018001800182B
:1055C0000018180C1806F00300000000000000008E
:1055D000000010001E001800180018001800180025
:1055E0001800183E180C1806180318019801D80165
:1055F000380318071806180C181C18187E7C0000B1
:10560000000000000000000000000000000000009A
:1056100000000001F801800180018001800180010B
:105620008001800180018001800180018001800172
:10563000800180018001800180018001F81F00004D
:10564000000000000000000000000000000000005A
:10565000000000000000000000000000000000004A
:105660000800EE1C9C338C318C318C318C318C31A8
:105670008C318C318C318C318C318C31DE7B000063
:10568000000000000000000000000000000000001A
:10569000000000000000000000000000000000000A
:1056A00010001E0FD8183830183018301830183045
:1056B0001830183018301830183018307EFC0000C0
:1056C00000000000000000000000000000000000DA
:1056D00000000000000000000000000000000000CA
:1056E0000000C007701C103018300C600C600C609B
:1056F0000C600C600C60183018303018C0070000C7
:105700000000000000000000000000000000000099
:105710000000000000000000000000000000000089
:1057200010009E0F58183830182018601860186044
:10573000186018601860183038307818980718000A
:105740001800180018007E00000000000000000093
:105750000000000000000000000000000000000049
:105760000000C023303C183818300C300C300C309E
:105770000C300C300C3008301838303CE03300303E
:1057800000300030003000FC00000000000000008D
:105790000000000000000000000000000000000009
:1057A00060007E3C60666061E000E00060006000D8
:1057B000600060006000600060006000FE070000A4
:1057C00000000000000000000000000000000000D9
:1057D00000000000000000000000000000000000C9
:1057E0000000E02730381830182018007000E0035F
:1057F000800F001C043004300C301C18EC0F00002B
:105800000000000000000000000000000000000098
:105810000000000000000000800080008000C00048
:10582000E000FC1FC000C000C000C000C000C000FD
:10583000C000C000C000C020C0208011000F0000C8
:105840000000000000000000000000000000000058
:105850000000000000000000000000000000000048
:1058600010201E3C183018301830183018301830FE
:105870001830183018301830183830F4E0130000A1
:105880000000000000000000000000000000000018
:105890000000000000000000000000000000000008
:1058A00000007E3C181818083808300430047002D4
:1058B00060026002E001C001C001C0008000000081
:1058C00000000000000000000000000000000000D8
:1058D00000000000000000000000000000000000C8
:1058E0000000DFF78E630C238C238C23981398130E
:1058F00058165816700E700E700E2004200400000A
:105900000000000000000000000000000000000097
:105910000000000000000000000000000000000087
:105920000000FC3E70087004E004C002C001800367
:10593000800340076006200C100C18183E7E000003
:105940000000000000000000000000000000000057
:105950000000000000000000000000000000000047
:1059600000007E7C181818083008300830046004E5
:105970006004C002C002C00280018001800180007A
:10598000800080004C003C0000000000000000008F
:105990000000000000000000000000000000000007
:1059A0000000FC1F0C0C040E0406000380038001A1
:1059B000C000E0007020302038301C18FC1F0000B0
:1059C00000000000000000000000000000000030A7
:1059D00000080004000400040004000400040004A3
:1059E000000400040004000280010002000400041E
:1059F0000004000400040004000400040004000487
:105A00000004000800300000000100010001000156
:105A1000000100010001000100010001000100017E
:105A2000000100010001000100010001000100016E
:105A3000000100010001000100010001000100015E
:105A400000010001000100010000000000000C0046
:105A50001000200020002000200020002000200056
:105A60002000200020004000800140002000200095
:105A70002000200020002000200020002000200026
:105A8000200010000C00000000003800C400864018
:105A900002610022001C0000000000000000000065
:105AA00000000000000000000000000000000000F6
:105AB00000000000000000000000000000000000E6
:105AC0000000000000000000D6D0200020002000D0
:105AD000FE03220222022202FE03220220002000F4
:105AE0002000BEB0FC010401FC010401FC01200007
:105AF000FF070401FC01200024013202D4B0FE079C
:105B00000204FA0402040204FE05520452044A0587
:105B100086050204FE07B5E710001000FF01110121
:105B20001101FF0111011101FF0111041004E0072F
:105B3000D7D30000FC018000400020002000FF07B8
:105B400020002000200020003800D6D080008000F7
:105B500080008000FC1F8410841084108410841046
:105B6000FC1F84108000800080008000BEB0F80F11
:105B70000808F80F0808F80F8000FF7F0000F80FF2
:105B800008080808F80F80008410A2204000D4B054
:105B90000000FE3F0220F22702200220FA2F2221DD
:105BA00022212221122912290A2E0220FE3F022040
:105BB000B5E7800080008000FC1F841084108410F2
:105BC000FC1F841084108410FC1F8450804080408F
:105BD000007FD7D30000FE1F0008000400028001F0
:105BE0008000FF7F800080008000800080008000B7
:105BF000A0004000D6D00000000000000018000007
:105C00000800000800000800080818F8FF1F18081E
:105C10001818081818081818081818081818081854
:105C2000F8FF1F080808000800000800000800002E
:105C30000800001800001800001800000000BEB0A6
:105C4000000000000000400006C0FF07400006C042
:105C5000FF07400006C0FF07400802003000FEFFBB
:105C60003F000000C0FF07C00002C00002C00002E9
:105C7000C0FF0380100080110160100E3010180C5E
:105C80001E30001C00000000D4B000000000000026
:105C9000080030F8FF1F08001008C010083F100867
:105CA0000010080010080013C8FF10082210082276
:105CB00010082210082210082112082114886016EA
:105CC00048C013280010080010F8FF1F080010003B
:105CD0000000B5E700000000000000180000080008
:105CE000000800000800F0FF0F100804100804105E
:105CF0000804100804F0FF07100804100804100836
:105D000004100804F0FF0710080000081000081035
:105D100000082000183000F01F000000D7D300005A
:105D200000000000000004F0FF0F0000060000016A
:105D300000C000002800001800001800001830FE05
:105D4000FF7F00180000180000180000180000185D
:105D500000001800001800001800001800001F00C4
:105D6000000C00000000D6D0000000000000000081
:105D70000080000000800100008001000080010020
:105D800000800100008001001080010CF0FFFF0F77
:105D9000308001043080010430800104308001042F
:105DA000308001043080010430800104308001041F
:105DB000F0FFFF0730800104308001040080010003
:105DC00000800100008001000080010000800100CF
:105DD00000800100008001000080010000800100BF
:105DE0000080000000000000BEB0000000000000C5
:105DF0000000000000000001800100FFFF0100031F
:105E000080010003800100FFFF0100038001000307
:105E1000800100FFFF0100818100000003000000FD
:105E2000031CFCFFFF3F000040000003C00100FF17
:105E3000FF010003C0000003C0000003C00000FF1A
:105E4000FF000001410000040100000E7100000786
:105E50008101800101076000010E1898011C04E017
:105E6000011800C0000000000000D4B000000000D5
:105E70000000000000000008F0FFFF1F3000000CD1
:105E80003000000C3000100C30FE3F0C3004000CD1
:105E90003000000C3000000C3000000C3000C00C52
:105EA000F0FFFF0D3030060E3030060C3010060CBF
:105EB0003010060C3010060C3018860C3018860C8A
:105EC0003008060D300C860D3006EE0F3002FC0D4A
:105ED0003001000CF000000C3000000CF0FFFF0F50
:105EE0003000000C1000000400000000B5E70000C6
:105EF00000000000000000C0000000C0010000C061
:105F0000000000C0000000C0000000C00000E0FF72
:105F1000FF0360C0000360C0000360C0000360C0F6
:105F2000000360C0000360C00003E0FFFF0360C027
:105F3000000360C0000360C0000360C0000360C0D5
:105F40000003E0FFFF0360C0000160C0000000C06C
:105F5000000800C0001000C0001000C0001800C001
:105F600001380080FF1F0000000000000000D7D3B0
:105F7000000000000000000000000000000000031E
:105F8000C0FFFF07000080070000C00000006000A5
:105F90000000180000000C000080030000800300D7
:105FA00000800100008001080080011CFCFFFF3F11
:105FB00000800100008001000080010000800100DD
:105FC00000800100008001000080010000800100CD
:105FD00000800100008001000080010000800100BD
:105FE00000FC010000E00000004000000000000094
:105FF00000000000F57C0108ED7D010800000000B4
:1060000035810108820082004A020000000001E0A0
:1060100001E00000F05F02083514010800000000F4
:106020000000000000000000C300C300041C0000CA
:10603000F05F020855E001080000000000000000C9
:106040000000000064202B0000000000F05F020848
:1060500031E1010800000000000000000000000025
:106060006420D12700000000E095020851BF01081C
:106070000000000000000000000000000000000020
:1060800000000000210020000A080B080D300C3031
:106090000E380F386400630000000EA0D90D90C8C0
:1060A0000C80B70A60110B80D91F0991F0881F0876
:1060B00080F088000000000D203C00000F00690007
:1060C0002FFFFFFFF7015C11A610006900C300005D
:1060D0008800D2009FFFFFFFF012C523E22000D20C
:1060E00003C00000F004B0000000700000000E00CB
:1060F000000000E0000019EFEA300CD6E6A702F439
:106100000E00001F80E000006FEF50000016FFE55A
:1061100000000E0AF00100E05F13F85E6EB005CFDC
:10612000FE9100000E0000000070000008DD30004D
:10613000A7004B02D004C0007700D01D20004B0305
:10614000D0A7000007DC34C4CC3000001D2D22D0C5
:106150000000A63B00B30005C03A00A3001D200DBF
:1061600000D000A60004CC40004DFC300000F71821
:10617000C00001F205D00000BB6E4000005FF300DC
:106180000007E6DB03802F301DBAA05F0001DF406F
:106190001FB448FEC003BFFC40B200000000001F57
:1061A00001F01F00F0000003F10B900F404F007D45
:1061B000009B00AA00AA009B007D004F000F400B2F
:1061C0009003F15E000E6008C004F001F300F500DA
:1061D000E600E600F501F304F008C00E605E000082
:1061E000930088A6C209FE404DDDB1429350005293
:1061F00000000450000008A0000008A0001FFFFFDE
:10620000F30339B3300008A0000008A0000103F632
:106210001E60E12C00000003FFF90333100003F5BA
:106220002E4000000E400004E000009A00000E40E6
:106230000004F000009A00000E400003F000009AF5
:1062400000000E500003F000009A00000E50000302
:10625000F00000004CFE70004FB68F900DB0005F54
:1062600032F40000E74F20000CA4F20000CA2F40D7
:10627000000E70DB0005F204FB68F90004CFE700B4
:10628000EFFB44CB00AB00AB00AB00AB00AB00AB13
:1062900000AB00AB07DFEA108E857EC0010006F17F
:1062A000000006F000000D900000CC00001CC000B3
:1062B00001DB00001DE544427FFFFFF97FFFFFF097
:1062C00024445F900000BC000009E100003FD810AA
:1062D00000046DD0000002F4100002F4BD757DD002
:1062E00019DFEA1000000DA0000000AC000000075C
:1062F000E10000004F40100002F600F5001DA00074
:10630000F5007FFFFFFFF3133333F730000000F594
:1063100000000000F50009FFFFF00AB444400C80C3
:1063200000000E7000000FFFFC4003345CF2000020
:1063300000F7100000F78E856CF108DFFB30002AB3
:10634000EFD5003FD657400CC0000002F40000001B
:106350004F5BFFA104FE845DD03F80003F30E8002A
:1063600003F206F845DC0005DFE9109FFFFFFD9D05
:106370004444E99C0004F200000BB000002F4000F0
:1063800000AD000001F6000008E000000E800000F3
:106390006F1000019EFE9100BE636EC00F60006F23
:1063A00000CC202BC002EFFFE200DC424CD05F208B
:1063B000001F55F20002F50ED535DE001AEFEA1087
:1063C00003BFEA202FA44BE18E0000E99D0000DD11
:1063D0004F7129FF07FFFC9E000210AC000002F67F
:1063E00007658FB00AEFD7002E53F50000000000BC
:1063F000003F52E42E53F50000000000002E52F63C
:106400000D21D001000000003100006CF2018ED699
:10641000000FC300000AFB40000017EE70000005EB
:10642000C3000000001FFFFFF30333333000000000
:1064300000000000001FFFFFF303333330040000AF
:10644000000ED71000005CF92000002AF20003AF14
:10645000B106DE82001C6000000000000007DFEAD9
:10646000109E746EC0010006F0000009C000008E8E
:10647000200006F2000008700000000000000B8001
:1064800000000C900000006CEFDA4000003DA4100A
:1064900016D90001E509EE98CA900A80BD43AFC045
:1064A000D30F13F2000CC0693C06D00007C03B4B71
:1064B00006D00007C02C3C03F2000CC04A0F10BDF0
:1064C000439EE3C50A8009EE91CF9001E5000000EC
:1064D0000000003DA41028000000007CEFD910004F
:1064E00000000CF1000000003FD700000000B96E72
:1064F00000000002F20E50000009A007D000001FAB
:106500003000F400007FFFFFFB0000E733334F2033
:1065100005F000000C900C90000006F18FFFFEC407
:1065200008E3334BF28E00001F58E00018F18FFF94
:10653000FFF808E33337F68E000009C8E000009D3D
:106540008E33347F78FFFFFD700007CFFB4000CF14
:10655000966AF50AE20000301F600000004F20003C
:1065600000004F200000001F600000000AE2000051
:106570003001CF966AF50007DFFB408FFFFEA400D5
:106580008E4446CF708E000007F38E000000DA8E36
:106590000000009D8E0000009D8E000000DA8E003D
:1065A0000007F38E4446BF708FFFFEA4008FFFFFED
:1065B000F68E4444418E0000008E0000008FFFFFE5
:1065C000C08E3333208E0000008E0000008E4444C5
:1065D000428FFFFFF98FFFFFF68E4444418E00008B
:1065E000008E0000008E0000008FFFFFC08E33334E
:1065F000208E0000008E0000008E0000000007CFFB
:10660000FC5000CF966AF60AE20000201F600000EE
:10661000004F200000004F200000B91F600000B9AB
:106620000AE30000B900CF966AF80007DFFC608E2D
:10663000000008E8E000008E8E000008E8E000009E
:106640008E8FFFFFFFE8E333339E8E000008E8E003
:1066500000008E8E000008E8E000008E8E8E8E8E88
:106660008E8E8E8E8E8E02FFFFC00444BC00000909
:10667000C000009C000009C000009C000009C02070
:1066800000BA0EB58F603CFE808E00004F508E0029
:1066900004F6008E003F70008E03F800008E2EC0BE
:1066A00000008EECF600008FB07F30008E000AE113
:1066B000008E0000CC008E00001EA08E0000008E18
:1066C0000000008E0000008E0000008E0000008E92
:1066D0000000008E0000008E0000008E4444408FB9
:1066E000FFFFF28E00000008E8F7000002FE8FF1C5
:1066F0000000BFE8DCA0004F9E8D2F300D87E8D052
:106700009C06E07E8D01E7E507E8D006FC007E8D63
:10671000000A2007E8D00000007E8E100008E8FC88
:1067200000008E8FF90008E8E6F6008E8E09F30867
:10673000E8E00CE18E8E001EB8E8E0003FEE8E002F
:10674000006FE8E00000AE0007CFEB500000CF96EE
:106750006BF9000AE200005F601F6000000AD04F82
:1067600020000006F04F20000006F01F6000000A25
:10677000D00AE200005F6000CF966BFA000007DFEE
:10678000EB50008FFFFD7008E4458FB08E00005F76
:1067900038E00001F58E00003F48E0014DD08FFF4A
:1067A000FFB208E33310008E00000008E000000094
:1067B0000007CFEB500000CF966BF9000AE2000013
:1067C0005F601F6000000AD04F20000006F04F20DD
:1067D000000005F01F6000000AD00AE200005F60C0
:1067E00001DF855AFA000008DFFC5000000001ECD0
:1067F00021940000001BFFC10000000012008FFF69
:10680000FD7008E4458FB08E00005F38E00001F5B0
:106810008E00003F38E0014DD08FFFFFC208E33308
:10682000DA008E0002F608E00005F3019EFDA200EA
:10683000CE646B702F40000001F800000006FD954B
:106840000000016AEE500000009F00200005F13FAB
:10685000A547EB004BEFE910FFFFFFFF2444BD44C9
:10686000400009C00000009C00000009C0000000BA
:106870009C00000009C00000009C00000009C0004E
:1068800000009C00009C00000BA9C00000BA9C0006
:10689000000BA9C00000BA9C00000BA9C00000BA00
:1068A0008E00000D94F40003F50CF868FD0009EF6C
:1068B000E9100CB000000AC05F200001F500E900FB
:1068C000008E0008F0000E70001F6005F10000ADA2
:1068D00000C9000003F43F3000000CBAC000000003
:1068E0005FF500000000EE00006F10000DB0000228
:1068F000F21F60003FF10008D00BB0008BE6000DE6
:106900007006F000E69B002F2001F503F14F108D7B
:106910000000CA09B00E60D800006F0E6009B2F323
:1069200000001F9F1004F9D000000CFB0000EF8056
:10693000000007F600009F30003F50000DA008F255
:10694000009D0000CC04F300002F9E70000006FCA8
:1069500000000009FE1000004F4DB00001E802F7F2
:10696000000BD0007F207F20000BD00CB000009CDB
:10697000002F50002F30009E000C900000E805F121
:10698000000005F3E60000000CFD000000003F40A1
:1069900000000002F3000000002F3000000002F3AE
:1069A00000004FFFFFFF9144444AF3000003F6004C
:1069B0000001EA000000CC0000009E1000006F40C3
:1069C00000003F7000001ED4444436FFFFFFFC8FE0
:1069D000F68D318D008D008D008D008D008D008D28
:1069E000008D008D008D008D318FF65D000000F26E
:1069F00000000B8000006D000001F200000B800021
:106A0000006D000001F200000B7000006D0000013D
:106A1000F200000B7000006D000001F2BFF325F3DF
:106A200002F302F302F302F302F302F302F302F3BE
:106A300002F302F325F3BFF300AD00001EC400080B
:106A400085A000E20E105B00970B5002E0EEEEEE28
:106A5000E00BC00009B004CFEA100B745DB0000079
:106A600004F004CEEEF21F8214F24F1004F21F70F5
:106A70003DF204DFD7F2BA000000BA000000BA000D
:106A80000000BA8EFC30BFD54BF3BE1000CABA006E
:106A9000007EBA00007EBE1000CABFD55BF3B98E7F
:106AA000FC30007DFD6009F748F42F5000205F00A6
:106AB00000005F0000002F50002009F748F4007D1F
:106AC000FD600000001F40000001F40000001F40B6
:106AD00008EFC4F40AF748FF42F50007F45F00002E
:106AE0002F45F00001F42F50006F40AE637EF4009C
:106AF0008EFC4F40008EFC400AD538F42F20008CCD
:106B00005FEEEEFF5F2111112F70001009F846E4CF
:106B1000007DFE80009EE305F44108C000CFFFF039
:106B200029D32008D00008D00008D00008D00008E1
:106B3000D00008D000007EFC4E60AF747FF62F506E
:106B4000005F65F00000F65F00000F62F60006F6D9
:106B500009F747FF5007EFC4F50000003F20CB6462
:106B60006EB003AEFD8000BA000000BA000000BAAB
:106B7000000000BA8EFB20BFC56DD0BE0003F2BA84
:106B80000000F4BA0000F5BA0000F5BA0000F5BA4A
:106B90000000F5BAA800BABABABABABABABA000AC4
:106BA000B0009900000000AB000AB000AB000AB0D2
:106BB00000AB000AB000AB000AB000AA064E71DFBD
:106BC000A0BA000000BA000000BA000000BA001C21
:106BD000C0BA01CC00BA1CD100BBCF6000BFDBE162
:106BE00000BD11DC00BA003F70BA0007F3BABABAB0
:106BF000BABABABABABABABAB99EFA15DFD40BFBA6
:106C000045EDE64AF2BE0006F6000E7BA0004F20DE
:106C100000C9BA0003F1000C9BA0003F1000C9BAE4
:106C20000003F1000C9BA0003F1000C9B99EFB209F
:106C3000BFB45DD0BE0003F2BA0000F4BA0000F5A4
:106C4000BA0000F5BA0000F5BA0000F5007DFD605D
:106C5000009F748F702F50007F05F00001F35F00DC
:106C6000002F32F50007F009F748F70007DFD600DC
:106C7000B98EFC30BFC43AF3BE1000CABA00007E21
:106C8000BA00007EBE1000CABFD55BF3BA7EFC30EE
:106C9000BA000000BA000000BA000000008EFC3FFD
:106CA00040AF748EF42F50007F45F00001F45F0078
:106CB000002F42F50007F40AF748FF4008EFC4F43C
:106CC0000000001F40000001F40000001F40B98ECA
:106CD0004BFD71BE100BB000BA000BA000BA000B48
:106CE000A00005DFEA13F735A06F000001EE961053
:106CF000016AEF300000D96C646F62AEFD7008D09D
:106D00000008D000CFFFF029D32008D00008D00021
:106D100008D00008D00005F551009FE3C80002F339
:106D2000C80002F3C80002F3C80002F3C90003F36D
:106D3000AB0007F35F837EF306DFC5F30D90000A17
:106D4000A06E0001F300F5007D0009C00E60003F59
:106D500024F00000C8B9000006FF3000000FC0009A
:106D6000C80006F1000D56D000CF6003F01F302F91
:106D70009C009A00B807B2F10E4005E0D60C74E012
:106D8000000F6F007C990000AFA001FF400005F4E8
:106D9000000BE0004F3007E109D02F4000D9D900A7
:106DA000003FD000004FE10001E7BB000BB01E70B8
:106DB0007E1005F30D90000AA06F0001F300F600AD
:106DC0007D0009C00D60002F34F00000C9A900004B
:106DD00005FF2000000EC0000000E5000094AD009B
:106DE000001BFC2000005FFFFFA13337F40001E728
:106DF0000000CB00008E10004F40001EA33326FF82
:106E0000FFFC006EA00F9201F4001F4001F4003F50
:106E1000303FC0006F3001F4001F4001F4001F40FC
:106E200000FA2005EA8B8B8B8B8B8B8B8B8B8B8B60
:106E30008B8B8BBE5002AE0005F0005F0005F000AA
:106E40004F1000DF104F5005F0005F0005F0005FAD
:106E5000002AE00BE40007EC40B41E25DFC001006F
:106E6000000004CC302B01C05700932B01C005CC8F
:106E70003006A10FF60BE200000000000000000049
:106E8000000000027BFB000000049DFFFFD0000318
:106E9000AFFFFFFFFD0000AFFFFFFFDFD0000AFFE5
:106EA000FFB610ED0000AF9400000ED0000AF10014
:106EB0000000ED0000AF1000000ED0000AF100004D
:106EC00045FD0000AF1001EFFFD0179DF1005FFFFF
:106ED000FC0EFFFF1000AFFD31FFFFE000000100DE
:106EE00003BDA3000000000050188888888405FABC
:106EF000BFDDDDDDFDAFE47F100000CA4EE04F10C6
:106F00000000C80EFEEF100000CFEFE03FEEEEEE07
:106F1000F80EF68F766666EB6FF8AF100000CC8F38
:106F2000E03F100000C80EFCDF655555EECFC25F94
:106F3000FFFFFFF92C57750577777775FFFF1FFF68
:106F4000FFFFFFFFFF2FFFFFFFFFEFFF0EFFFFFF22
:106F5000FE01100011111110EFFE0EFFFFFFFEFFEA
:106F6000FF2FFFFFFFFFFFFF1FFFFFFFFF688707E8
:106F70008888888668870788888886FFFF1FFFFFC4
:106F8000FFFFFFFF2FFFFFFFFFDFFD0DFFFFFFFDF7
:106F90000000000000015000000000001DF800008B
:106FA000000001DFFD000000001DFFE22D60000178
:106FB000DFFE20DFF7001DFFE2008FFF71DFFE2004
:106FC0000008FFFEFFE20000008FFFFE200000002F
:106FD00008FFE200000000007D200000000000002B
:106FE00000007F60000BE2EFF600BFF84FFF6BFF81
:106FF000D104FFFFFD10005FFFE10000BFFFF600BE
:107000000BFFDFFF60BFFD14FFF5CFD1004FF61778
:107010001000036000000011000000000000FF00ED
:107020000000006F21FF12F70006FF61FF16FF60EE
:107030001FF901FF109FF16FE001FF100EF6AF8006
:1070400001FF1008FACF6001FF1006FCAF8000AA14
:107050000008FB7FD00000000DF71FF80000008F34
:10706000F107FF91002AFF70009FFFEEFFF900007B
:1070700005CFFFFD5000000002442000000000008A
:107080000000000000000AFFA0000000000CFFC08C
:10709000000003D6DFFFFD6D300EFFFFFFFFFFE0B6
:1070A0005FFFFFAAFFFFF51AFFF4004FFFA103FFE8
:1070B000D0000DFF3004FFF0000FFF404FFFFB2218
:1070C000BFFFF42FFFFFFFFFFFF209FEFFFFFFEFFF
:1070D0009000505EFFE5050000000CFFC0000000BE
:1070E000000477400000000000031003410000008E
:1070F000009FF50DF50000001BFDFF8DF50000025F
:10710000DFB12DFFF500004FF83EC2BFF50007FFCD
:1071100055FFFE39FE409FE38FFFFFF56FF6AC2A67
:10712000FFFFFFFF73E6005FFFFFFFFFF100006F4F
:10713000FFD77FFFF200006FFF900DFFF200006F9E
:10714000FF900DFFF200004FFF700BFFE100000009
:10715000003300000000000BFFB0000000000CFF37
:10716000C0000000000CFFC0000000000CFFC000C9
:107170000000000CFFC00000008FFFFFFFF80000C0
:107180002EFFFFFFE2000002EFFFFE200000002DB7
:10719000FFE20000799982DE289997FFFFFB22BF6A
:1071A000FFFFFFFFFFFFFFFFFFFFFFFFFFFAB3CF70
:1071B000ACCCCCCCCCCCCA0006BBBBBBBA3000003C
:1071C0004FFFFFFFFFE10000EF30000006FB00096A
:1071D000F800000000CF504FD0000000002FE1DF8A
:1071E00084420000344BF9FFFFFD0001FFFFFBFF6D
:1071F000FFFF988BFFFFFCFFFFFFFFFFFFFFFCFF80
:10720000FFFFFFFFFFFFFB9FFFFFFFFFFFFFF600FA
:1072100000000000003300018DFFC600EF004EFFAC
:10722000FFFFE4DF04FFB3004CFFFF0EF900000096
:107230008FFF6FC00001FFFFFF8E500001DEEEEDFB
:107240000000000000000022222200000021FFFFB9
:10725000FF100008F8FFFBBC10001EF4FFFC10003C
:1072600001DFC0FEEFE8448EFE10FE1AFFFFFFC1F3
:1072700000FD0028BB940000000002700002EF0037
:1072800002EFFDFFFFFFFFFFFFFFFFFFFFFFFFFF1D
:10729000FFFFFFFF3447FFF00005FF000005C000BF
:1072A00000000000027000000002EF00000002EF8A
:1072B000F0000DFFFFFF0220FFFFFFF08E1FFFFF1A
:1072C000FF00E7FFFFFFF03F5FFFFFFF089034473D
:1072D000FFF000000005FF0000000005C0000000F6
:1072E00000000000000000000007700000000270B5
:1072F0000005FA0000002EF000814F600002EFF060
:1073000001DD07F0DFFFFFF0321E80F6FFFFFFF028
:107310008E27E0B9FFFFFFF00E73F19BFFFFFFF038
:107320003F54F09AFFFFFFF0890AC0D83447FFF0BE
:10733000007F43F300005FF002F60CB0000005C0D0
:107340000000BF10000000000009E3000000000082
:107350000002100037888888888873EFFFFFFFFFDE
:10736000FFFEFE32DFFFFFFFFFF9007FFFFDFFFFA3
:10737000FD10CFFFA07FFFFFFFFFFA0007FFFFF325
:107380005FA00000CFFF3003000000CFFC00000032
:107390000000CFFFCCCCCCCCCCFFAFFFFFFFFFFF7A
:1073A000F900002000000001FA00000006FF1000B4
:1073B000000DFF7000006FFFF10001EFFFFA000BFE
:1073C000FFFFFF605FFFFFFFE0CFFFFFFFF6FEBFA5
:1073D000FFFFF9FD4FFFFFF9BF49FFFFF53FE52E26
:1073E000FFD006FFFFFD200028BA60000430000037
:1073F000311FE00006F91FE0007FFA1FE009FFFAE5
:107400001FE0AFFFFA1FEBFFFFFA1FFFFFFFFA1F9E
:10741000FFFFFFFA1FE6FFFFFA1FE05FFFFA1FE022
:1074200004FFFA1FE0003EFA0FD00002D700000070
:1074300000000200000000000CFB2000000000FF24
:10744000FF900000000FFFFFE6000000FFFFFFFCC1
:1074500030000FFFFFFFFF9100FFFFFFFFFFE60F70
:10746000FFFFFFFFFFF2FFFFFFFFFFFD0FFFFFFF2B
:10747000FFF800FFFFFFFFB2000FFFFFFD4000001D
:10748000FFFFF70000000FFFA1000000006A4000AE
:10749000000000001444200144420DFFFF10DFFFF4
:1074A000F1FFFFF30FFFFF3FFFFF40FFFFF4FFFF80
:1074B000F40FFFFF4FFFFF40FFFFF4FFFFF40FFF4C
:1074C000FF4FFFFF40FFFFF4FFFFF40FFFFF4FFFF1
:1074D000FF40FFFFF4FFFFF40FFFFF4FFFFF30FF00
:1074E000FFF39FFFC009FFFC001444444444420DD5
:1074F000FFFFFFFFFFF1FFFFFFFFFFFF3FFFFFFF6A
:10750000FFFFF4FFFFFFFFFFFF4FFFFFFFFFFFF451
:10751000FFFFFFFFFFFF4FFFFFFFFFFFF4FFFFFF36
:10752000FFFFFF4FFFFFFFFFFFF4FFFFFFFFFFFF26
:107530004FFFFFFFFFFFF39FFFFFFFFFFC00021065
:107540000000420FE20003FB0FFE3004FB0FFFF4CC
:1075500004FB0FFFFF54FB0FFFFFFAFB0FFFFFFFC2
:10756000FB0FFFFFFFFB0FFFFFD6FB0FFFFD14FB21
:107570000FFFC104FB0FFB0004FB0CA00003FA008B
:107580000000000000000012000000000003FF6087
:10759000000000002EFFF500000001EFFFFF40009B
:1075A000001DFFFFFFF30000CFFFFFFFFE200AFFDB
:1075B000FFFFFFFFE00EFFFFFFFFFFF20399999926
:1075C000999950058888888888700FFFFFFFFFFF12
:1075D000F30FFFFFFFFFFFF40BFFFFFFFFFFD100E3
:1075E0000000000000003F9000003FFC00003FFD55
:1075F00010003FFD10003FFD10001FFD100000CFE8
:10760000F4000000CFF4000000CFF4000000CFF43D
:10761000000000CFE0000000A4000000000000CD4A
:107620001000001FFD1000003FFD1000003FFD1086
:1076300000003FFD1000003FFD000008FF90000823
:10764000FF900008FF900008FF900002FF900000EC
:107650000780000000000004500000000002FF60EE
:10766000000000003FF70000000003FF7000000072
:10767000003FF7000006999AFFC99980FFFFFFFFBE
:10768000FFFF3DFFFFFFFFFFF201113FF711100069
:107690000003FF70000000003FF70000000003FF40
:1076A00070000000000CD300000069999999999826
:1076B0000FFFFFFFFFFFF3DFFFFFFFFFFF200000D3
:1076C0000000000000000156640000000003BFFE3F
:1076D000EFF91000007FFA1003DFE40008FFA009B3
:1076E000B41EFF504FFF200BFF26FFE1EFFF09CF35
:1076F000FF63FFFABFFF09FFFF54FFF61EFF51DFD4
:10770000FB09FFB003EFE204305FFC10002CFF9593
:107710006AFF9000000049DFFD92000000000000B9
:107720000000000000CD20000000000000008FF5E8
:107730000014664000000004EFACFFEFFF91000072
:10774000001CFFA1004DFE300000009FF5AB31EFA3
:10775000F40007B105FFFFE17FFE100FFE302DFFA3
:10776000F54FFF900CFFE000AFF65FFF6002FFF403
:107770000006FFEFFB00004FFD10003EFFC00000C1
:1077800002DFE85401BFE300000005AEFF6007FF21
:1077900060000000000000004EF600000000000045
:1077A0000001A10000000000000000000000003EF9
:1077B000D00000000000000CFF8000000000000668
:1077C000FFFF200000000000EFFFFB0000000000B2
:1077D0008FFCCFF4000000002FFB00FFD000000062
:1077E0000BFFC00FFF70000004FFFD01FFFF100042
:1077F00000DFFFE02FFFFA00007FFFFF9BFFFFF39A
:10780000001FFFFFB00EFFFFC00AFFFFFE24FFFFB7
:10781000FF60FFFFFFFFFFFFFFFA06CCCCCCCCCC14
:10782000CCCB300000000000360000000000007FDC
:1078300080DDDB00008DEFF8FFFFB007FFFFFD5597
:107840006FF46FF8AFE2000574FF907E2000003FF8
:10785000FA0000000002EFB2504A00012EFD1DF4B4
:107860008FB0FFFFD10BFFFFFBFFFE2000CFFFFB20
:1078700012210000029FC000000000005B00000019
:1078800007A00000000008FFB000000008FFFFB0E4
:10789000000008FF95FFB00008FF9005FFB007FF4C
:1078A000900005FFB09F90000005FD004000000023
:1078B00003104C20000000B60BFE200000CFF02E7D
:1078C000FE2000CFF4002EFE20CFF400002EFECFCD
:1078D000F40000002EFFF4000000002EF400000071
:1078E000000013000000000830000000000000004D
:1078F000BFF308BBBBBB90000BFFFF39FFFFFFF1DD
:10790000008FCFCFF000000AF100382F94800000E4
:107910000AF100002F900000000AF100002F9000F3
:1079200000030AF130002F9000001FCBF8F8002F61
:10793000EBBBBB39FFFFE2001FFFFFFFB09FFD2045
:1079400000000000000008D1003788870000000018
:10795000EFFFFFA0000000FFFFFFFDCCCCB6FFFF54
:10796000FFFFFFFFFFFFFFFFFFFFFFFFFFFFFFFF27
:10797000FFFFFFFFFFFFFFFFFFFFFFFFFFFFFFFF17
:10798000FFFFFFFFFFFFFFFFFFFFFFFFFFFFFFAF57
:10799000FFFFFFFFFFF900000000000000000001F2
:1079A000DD10000000001DFFD100000001DFFFFD21
:1079B0001000001DFFFFFFD100009FFFFFFFF90037
:1079C00000011CFFC1100000000CFFC000000000FF
:1079D0000CFFC0000000000CFFC0000079993BFFC5
:1079E000B39997FFFFB2442BFFFFFFFFFEDDEFFFD0
:1079F000FFFFFFFFFFFAB3CFACCCCCCCCCCCCA009E
:107A0000000000000200000000000004FFC70000AA
:107A1000000000AFFFF0000000001FFFFD000000AD
:107A20000006FFFFC00000000008FFF70000000094
:107A3000000CFF300000000004FFC0000000000147
:107A4000EFF300004A3002DFF80005DFFE15EFFB20
:107A50000000EFFFFFFFFA00000BFFFFFFF7000041
:107A6000007FFFFFA200000002BA850000000000B6
:107A700004860000001006FFFA0002DFD1EF3CF19F
:107A800001DFFA0EE0AF21DFFA009FEFF6DFFA0028
:107A9000008DFFFFFB00000006FFFD00000048EF27
:107AA000FFF600006FFFFBFFF6000EF3CF23FFF69B
:107AB00000EE0AF204FFF609FEFC0004FFF108DA0A
:107AC000100002620000000000000000006FFFF9DB
:107AD00087000008FFFF98F708A68FFFF95990FF6D
:107AE000A8FFFFFCCC0FFA8FFFFFFFF1FFA8FFFFFD
:107AF000FFFF1FFA8FFFFFFFF1FFA8FFFFFFFF1F30
:107B0000FA8FFFFFFFF1FFA8FFFFFFFF1FFA7FFFC4
:107B1000FFFFF0FFE3122222210FFFFFFFF9000019
:107B2000ACCCCCCB5000004999999995000EFFFF41
:107B3000FFFFF600FD2222224FF60FC0000001FFDA
:107B4000F3FC0000001FFF6FC0000002FFF6FFFF04
:107B5000FFFFFFFF6FFFFFDCFFFFF6FFFFB005FF3A
:107B6000FF6FFFF6000FFFF6FFFFC006FFFF6FFF7E
:107B7000FFEDFFFFF69FFFFFFFFFFD10CDDDDDDD19
:107B8000DDDD2FFFFFFFFFFFF31222222222220062
:107B90000000000000000000000000000FFFFFFFD9
:107BA000FFFFF3DEEEEEEEEEEE2000000000000040
:107BB0000000000000000DEEEEEEEEEEE2FFFFFF33
:107BC000FFFFFF30000000000000378888888888A9
:107BD00073EFFFFFFFFFFFFEEFFFFFFFFFFFFE1C46
:107BE000FFFFFFFFFFC1D28FFFFFFFF82DFF64EF04
:107BF000FFFE45FFFFFA2BFFB2AFFFFFFFD3553D5E
:107C0000FFFFFFFFFFBBFFFFFFFFFFFFFFFFFFFFC8
:107C1000AFFFFFFFFFFFF9000000000001FFFFF0D2
:107C20000004FFFFD00006FFFF800008FFFF3000C8
:107C30000AFFFFAAA60CFFFFFFF80EFFFFFFE10BF4
:107C4000DDDFFF6000004FFD0000007FF30000005B
:107C5000BFA0000000FF10000003F800000003C0F8
:107C600000000000200000000455EFB5520000FFA6
:107C7000FD1FFFB0000FFFFFFFFC0000FFFF5333AD
:107C800020000FFF97FFFB5700FFF8AFFFC6F80F6C
:107C9000FF8AFFFC4AA1FFF8AFFFE3220FFF8AFF34
:107CA000FFFFF4FFF8AFFFFFFF4FFF8AFFFFFFF476
:107CB0003552AFFFFFFF40000AFFFFFFF400007FD7
:107CC000FFFFFE20000001100000000000AF0000D8
:107CD0000000018FFA30000002EFFFFF500000BFEC
:107CE000FFFFFF10001FFFFFFFF50003FFFFFFFF77
:107CF00070005FFFFFFFF90008FFFFFFFFC000DF1C
:107D0000FFFFFFFF209FFFFFFFFFFD0EFFFFFFFFB5
:107D1000FFF2022222222221000008FFC000000000
:107D20000009A20000005BBBBBBBBBBBBBA3FFFF4A
:107D3000FFFFFFFFFFFBFC0C30E11D0D11FCFC0BF6
:107D400030E01D0D10FCFFFEFFEFFEFEEFFCFFF12B
:107D50005A0870A05FFCFFF37B2992C27FFCFFBF33
:107D6000CBBBBBBFCBFCFC0B2000000D00FCFFCF4E
:107D7000CCCCCCCFCCFB9FFFFFFFFFFFFFF600007A
:107D8000000000000200000000000005DFB000005D
:107D9000000007EFFFD000000018FFFFFF70000099
:107DA00029FFFFFFFF00003BFFFFFFFFF8000AFF76
:107DB000FFFFFFFFF1000FFFFFFFFFFFA000049A8E
:107DC000AAAFFFFF20000000000EFFFB0000000034
:107DD000000EFFF400000000000EFFC000000000D5
:107DE000000EFF5000000000000DFD00000000002C
:107DF0000004B300000035555502000FFFFFF2F4F8
:107E000000FFFFFF2FF40FFFFFF2FFF3FFFFFF3232
:107E1000221FFFFFFFFFF7FFFFFFFFFF8FFFFFFFA7
:107E2000FFF8FFFFFFFFFF8FFFFFFFFFF8FFFFFFE0
:107E3000FFFF8FFFFFFFFFF8FFFFFFFFFF8FFFFF39
:107E4000FFFFF88AAAAAAAAA300000002455310030
:107E500000000003AFFFFFFFC7000002BFFFFEDE10
:107E6000FFFFF6005FFFB51000038EFFB0DFD30009
:107E7000000000008FF5180005AEFEC81004600079
:107E800002DFFFFFFFF80000000CFF95347DFF408C
:107E9000000002A20000007700000000000296002F
:107EA0000000000000000DFF500000000000000E68
:107EB000FF6000000000000005DA000000005BBB6E
:107EC000BBBBBBBBBBBA20FFFFFFFFFFFFFFFF90A9
:107ED000FC1222222222220FF7FC5FFFFFFFFFFF8E
:107EE0002CFAFC5FFFFFFFFFFF21FAFC5FFFFFFFA3
:107EF000FFFF27FAFC2666666666661FFAFEBBBBB6
:107F0000BBBBBBBBBFB1AFFFFFFFFFFFFFFF50001D
:107F100000000000000000005BBBBBBBBBBBBBBAEA
:107F200020FFFFFFFFFFFFFFFF90FC122222222114
:107F3000000FF7FC5FFFFFFFF8000CFAFC5FFFFF8C
:107F4000FFF80001FAFC5FFFFFFFF80007FAFC26CC
:107F500066666663000FFAFEBBBBBBBBBBBBBFB1B3
:107F6000AFFFFFFFFFFFFFFF500000000000000019
:107F700000005BBBBBBBBBBBBBBA20FFFFFFFFFF6F
:107F8000FFFFFF90FC1222221000000FF7FC5FFFA2
:107F9000FFD000000CFAFC5FFFFFD0000001FAFCEC
:107FA0005FFFFFD0000007FAFC2666665000000F56
:107FB000FAFEBBBBBBBBBBBBBFB1AFFFFFFFFFFF4D
:107FC000FFFF500000000000000000005BBBBBBBD7
:107FD000BBBBBBBA20FFFFFFFFFFFFFFFF90FC1200
:107FE00022000000000FF7FC5FFF300000000CFAD9
:107FF000FC5FFF3000000001FAFC5FFF3000000072
:1080000007FAFC2666100000000FFAFEBBBBBBBBE4
:10801000BBBBBFB1AFFFFFFFFFFFFFFF5000000082
:108020000000000000005BBBBBBBBBBBBBBA20FFBA
:10803000FFFFFFFFFFFFFF90FC0000000000000FAC
:10804000F7FC0000000000000CFAFC00000000003B
:108050000001FAFC00000000000007FAFC0000002C
:108060000000000FFAFEBBBBBBBBBBBBBFB1AFFF89
:10807000FFFFFFFFFFFF50000000000000000000B6
:108080000000000007B20000000000000ADFFA0054
:108090000000000000A93DF5000000044002E000DF
:1080A00010000000AFF80B600000006C30FFFFFF15
:1080B000FFFFFFFFFFF4AFF9000C5000006D40051B
:1080C000500004C00000100000000000C43EE800A2
:1080D00000000000002EEFFA000000000000004F3A
:1080E000FA00000000000000000000000000011085
:1080F00000000007EFFFB30000AFFD8FFF2004FF7B
:10810000FD09FFB00AFEFD12AFF00EF55D2C0EF377
:108110000FFF33129FF50FFFF307FFF60FFFE20685
:10812000FFF60FFE24137FF50DF57D2C0DF30AFFEE
:10813000FD11BFF003FFFE0BFFA0007FFEBFFE108E
:108140000003ACDC810000003443000005667FFFC3
:10815000F96650FFFFFFFFFFFF35666666666650F3
:108160001CCCCCCCCCC402FFFFFFFFFF602FF3FB85
:108170007F6DF602FF2FB7F5DF602FF2FB7F5DF614
:1081800002FF2FB7F5DF602FF2FB7F5DF602FF2FB6
:10819000B7F5DF602FF3FB7F6DF601FFFFFFFFFFF9
:1081A0005007BCCCCCCC90000000000000012000A7
:1081B0000000000004FF500000000002FFFF50001C
:1081C00000000439FFFE00000004FF39FFA000009A
:1081D00004FFFF39B0000004FFFFFF20000004FF90
:1081E000FFFFB0000004FFFFFFB0000004FFFFFF2F
:1081F000B0000004FFFFFFB0000000BFFFFFB000B1
:1082000000000DFFFFB000000000FFFFB000000005
:108210000009A86000000000000000178888888816
:1082200087400002EFFFFFFFFFFFF4003EFFFFCF9C
:10823000FFCFFFF703EFFFF908F809FFF83EFFFF54
:10824000FE20402EFFF8DFFFFFFFE101EFFFF89F68
:10825000FFFFFF80008FFFF809FFFFF902C209FF4F
:10826000F8009FFFFE4EFE4EFFF80009FFFFFFFFE4
:10827000FFFFF700008FFFFFFFFFFFC100000000BE
:10828000000003EFFFFFE203FBFBCEBFA4FF1D03D3
:10829000A1FAFFF1D03A1FAFFFFFFFFFFAFFFFFF88
:1082A000FFFFAFFFFFFFFFFAFFFFFFFFFFAFFFFF83
:1082B000FFFFFAFFFFFFFFFFAFFFFFFFFFFAFFFF28
:1082C000FFFFFFADFFFFFFFFF829AAAAAAA8000041
:1082D00000000000000300000000000004F100089E
:1082E00020000001FF100BF70000002FF10CFF949D
:1082F000444445FF1BFFFFFFFFFFFFF18FFFFFFF20
:10830000FFFFFD007FF70000000000006F6000002D
:10831000000000003000000000000000000000002D
:10832000000000000000C003000000000000C003C7
:10833000030A00000F008005050500051C00D00998
:108340000A0A00004E00B008090F00FE9200D00B90
:108350000C0A0000CE00A0090A0B00FF0501F00284
:10836000030500050D01B004040E01FD2901C00440
:10837000040E00FD4501A005060600055701200872
:108380000807000273013003030500FE7B0160054E
:108390000503000383013003030300008801F00498
:1083A000070EFFFFB9015009090A0000E601300578
:1083B000040A0000FA011008080A0000220200085E
:1083C000080A00004A0260090A0A00007C0210083C
:1083D000080A0000A402A008090A0000D1026008EF
:1083E000080A0000F9020009090A00002603A00893
:1083F000080A00004E033003030800005A0330034C
:10840000030B00FD6B032008080800018B03200804
:1084100008060002A303200808080001C30300089F
:10842000080A0000EB03800E0E0D00FD4604400A12
:108430000C0AFF008204A00A090A0100AF04200A06
:108440000A0A0000E104900B0A0A01001305600902
:10845000080A01003B05E008080A01006305D00A8C
:108460000A0A00009505600B090A0100C2055004C4
:10847000020A0100CC053007070AFF00EF05100AC9
:108480000A0A010021065008080A01004906600D89
:108490000B0A01008006600B090A0100AD06C00B43
:1084A0000C0A0000E906200A090A01001607C00BA1
:1084B0000C0D00FD6407300A090A01009107B0089D
:1084C000090A0000BE073008090A0000EB07100B7C
:1084D000090A01001808F0090B0AFF004F08C00F35
:1084E000100A00009F0870090A0A0000D10810094C
:1084F0000B0AFF0008093009090A00003509B00419
:10850000040E01FD5109F004070EFFFF8209B004BB
:10851000040E00FD9E09300807060102B30900079A
:10852000070100FFB709600805020109BC096008DE
:1085300008080000DC099009080B0100080A00087F
:1085400008080000280A9009090B00005A0A900840
:10855000080800007A0AF004060B00009B0AB00924
:10856000090B00FDCD0A9009080B0100F90AE00390
:10857000020B0100040B0004050EFEFD270BA008F2
:10858000080B0100530BE003020B01005E0BD00E41
:108590000D080100920B900908080100B20BE008D9
:1085A00009080000D60B9009080B01FD020C900988
:1085B000090B00FD340CC00505080100480C00073C
:1085C00007080000640CD005060A0000820C800930
:1085D00008080100A20CD0070908FF00C60C900C87
:1085E0000D080000FA0CC007080800001A0DD0079B
:1085F000090BFFFD4C0D500707080000680DF00443
:10860000050E00FD8B0D3004020E01FD990DF004E6
:10861000050E00FDBC0D200808030003C80DE00591
:1086200006050006D70D600404030003DD0D000EEF
:108630000F0FFFFE4E0E000E0E0B00009B0E000EE5
:108640000E0D00FFF60E000E0E0B0000430FA009EA
:108650000A0B00007A0F000E0E0F00FEE30F000E53
:108660000E0F00FE4C10C00F100D00FFB410000ED6
:108670000E0F00FE1D11C00F100B00007511000E33
:108680000E0F00FEDE110007070C00FF0812800A23
:108690000B0C00FF4A12C00F100E00FEBA12000EA3
:1086A0000E0B00000713A0090A0F00FE5213400C26
:1086B0000A0E01FE9813400C0D0F00FEFA13400C39
:1086C0000D0D00FF4F14400C0D0D00FFA414400CC5
:1086D0000A0E01FEEA14400C0E0DFFFF4515C008FE
:1086E000090D00FF8015C008090D00FFBB15400CE7
:1086F0000D0D00FF1016400C0D0400032A16C00FCC
:10870000100B000082168011120F00FE0917C00F17
:10871000110FFFFE8917000E0E0D00FFE417400C2D
:108720000D0800011818400C0D0800014C188011AC
:10873000120B0000AF18000E0E0B0000FC18000E0C
:108740000E0F00FE6519000E0F0FFFFED619400C2C
:108750000D0D00FF2B1A400C0D0F00FE8D1A400C62
:108760000D0D00FFE21A400C0D0C00FF301B000E37
:108770000E0B00007D1BC0080A0FFFFEC81B400C3B
:108780000D0F00FE2A1C400C0D0F00FE8C1CC00FAC
:10879000100B0000E41C000E100FFFFE5C1D800A91
:1087A0000B0F00FEAF1D8011120D00FF241E801163
:1087B000120A00007E1E8011120A0000D81E8011CD
:1087C000120A0000321F8011120A00008C1F801153
:1087D000120A0000E61F8011120C00FF5220400C0C
:1087E0000C0F00FEAC20400C0D0F00FE0E21000E01
:1087F0000F0FFFFE7F218011120B0000E221800A83
:108800000B0F00FE3522100E0F0A00000000721F31
:1088100051EF58EF5BEF5CEF5DEF61EF63EF65EFFA
:1088200069EF6CEF71EF76EF77EF78EF8EEF93EF04
:1088300098EF9BEF9CEF9DEFA1EFA2EFA3EFA4EFCA
:10884000B7EFB8EFBEEFC0EFC1EFC4EFC7EFC8EFAF
:10885000C9EFCBEFE3EFE5EF14F015F017F019F0E7
:1088600030F037F03AF043F06CF074F0ABF03BF1DD
:1088700090F191F192F193F194F1D7F1E3F13DF29E
:1088800054F2AAF412F7F2F7200000005F00010092
:10889000000000000000000000000200B000000026
:1088A000F3F760000C880208000000003E0003009F
:1088B000000001020003040502060708090A090A6C
:1088C0000B0C000D0E0F101112130C1414000000ED
:1088D0001516171819161A1B1C1D1D1E1F201D1DED
:1088E0001621222303241E2525262728292A2B008A
:1088F0002C002D2E2F303132332D343435302D2DA8
:108900002E2E36373839333A3A3B3A3C29000009A3
:108910003D09000000000000000000000000000011
:108920000000000000000000000000000000000047
:108930000000000000000000000000000000000037
:108940000000000000000000000000000000000027
:1089500001020003040502060708090A090A0B0CB4
:108960000D0E0F10110C1213141515000000161720
:108970001819171919191719191A1919191917196D
:108980001719031B1C1D1D1E1F202122230024005C
:108990002526272727002726282926262A2A272A88
:1089A000272A2B2C2D2E2E2F2E30000023093109A3
:1089B00000000000000000000000000000000000B7
:1089C00000000000000000000000000000000000A7
:1089D0000000000000000000000000000000000097
:1089E0000000000000000000000000000001000086
:1089F0000000000000010000020000000002000072
:108A00000000000000000000000000000000010065
:108A100000000000000000000000000000010A004B
:108A200006FB00000000F4F3020B0504F7020B0143
:108A300009020700000000000000000000000D0215
:108A4000FE0000000000000000000000000400F92B
:108A50000000000000FC04040000FE00FE0200FE16
:108A600000FEFFFC00000000FE0000FDFD0000FE17
:108A700000FC000000000000000000FEFE00FD0001
:108A8000FA00E50000FC0004070000FC02020704F5
:108A9000FC040000F30000000000000000000000E3
:108AA000F80000000000000000000000000000FAD4
:108AB000FDF500F7FE00000000000900F9FEFF01CF
:108AC00000FC0000FEEF00000000000000000000BD
:108AD00000EEFE09000000000000000000000000A1
:108AE000F700000000000000000000070002000086
:108AF000FC0000000000000000000000000000007A
:108B00000000090201000000000000000000000059
:108B10000000000000000000000000000000000055
:108B2000000000000000000000000000F80000004D
:108B30000000000000000000000000000000000035
:108B400000000002040207FE000004FEF9E1020634
:108B50000400FD00080007000700EB00FD07000708
:108B6000FE0402000001FE0000FC120012000700DB
:108B700009030407000000F80000000001FE0002E5
:108B8000FCFDFC0200FE000000F7000000000000F9
:108B90000000000000F100000000000000000000E4
:108BA000000000000001F400F200000000FE0016CA
:108BB000FDFD0202FE00FD020000F40000000000C6
:108BC000000000000000EA000200000000000000B9
:108BD0000000000000F2000D0000F8000700F1EABC
:108BE000F1FC070000F10003FB00FD0000000000A5
:108BF000000000000000000607E500000000000083
:108C00000000000000000B00020000000000020253
:108C1000FDFC00FFFFFE0000FE000000FC00FE0067
:108C2000FBFC00FAF9F9FC00FC00FC00000000FE6F
:108C30000000020002FE000100000002FE00000031
:108C4000FE0202FF000000FC00FF00000000000127
:108C50000003FE00FD00FC0000FE00070000FE0017
:108C600000000000FF01FEFE0000FE00FE0000000C
:108C7000000000000000FFFF00FEFD0000000000FB
:108C8000010000FE00FEFEFE0000000000000000EB
:108C900000FF00000000FEFD00FD00F9FEF90400E9
:108CA00000FC02040600FAFFFD00FFF502FE02F4DC
:108CB00002000001F400F4FEEDFE00F500040600E1
:108CC00003000000000000FCFD00F9000000FE00B1
:108CD0000000FE0000000000FFFF00FFFD0000009C
:108CE00000000000FEFE00FEFDFE0000FE00000091
:108CF0000000000000000000FEFE00FD00FE00FC81
:108D0000020000FD010202000000000000FE000061
:108D1000000000020000FE00FEFEFD00000000005A
:108D200000000200FE00000000FEFD00FC0007FE47
:108D300001F9000006F5F4F7FC0200FEF1FC00FC6E
:108D400000FC03FCF200FA000001FF02FE0002003A
:108D5000F9F700F5FBFBFBF9FDFA00FCFA01000155
:108D600000FE000000020002000000000000000001
:108D7000000000FE00FF00FFFE00FCFBFBFF00F90F
:108D8000000000000000FE0000000001FF000000E5
:108D90000200000000000000000B000000000000C6
:108DA00002000000FE0000000000000000000000C3
:108DB000FC000200000000000000000000000000B5
:108DC000FE000000FC00000000F5F9000000FDF5C9
:108DD0000000FE0200FA0000000000000000000099
:108DE000FC0000FC0000000000000000000000008B
:108DF0000200FC00000000030002FCFC00FEFEFD7F
:108E0000000000000000F900FE00FDFE00FBFAF982
:108E1000FE00FC00F900000000120000010000FD4F
:108E2000000200F60000000000EBFC0707FEF70060
:108E300002FD00F5FFFD02F0FE030003F8FDF8F966
:108E4000F70000F3000D0000FF000000FFFFFEFA36
:108E5000F900EB000000000000000000010000002D
:108E600000000000000000000000000000FE00FF05
:108E7000FEFD0000FC00FE000000000000000000FD
:108E8000000000000000FF00FC000004FF0300FBE6
:108E900002FEFFFAFE00FDFEFE00FDFC0000FEFFEC
:108EA000FEFCFD0000FE0002FE00FB000000FC00D6
:108EB000FC00FCFC020000000000000000FC0200BE
:108EC000FD00FEFDF9FEFEFEFFFEFDFF00000000BE
:108ED00000FEFEFE0000000003FE00FE000000FE9B
:108EE000FDFEFEFDFE000209FF00FA00FE0400FE8A
:108EF000F7FD030000F5FC02FC0200FEFEF900FD98
:108F0000010000FC0000000202FCFC00FCFEFDFE73
:108F1000FE00FC01FCFC0700000000000000000057
:108F2000020000000000000000000000000000003F
:108F30000000000000000000FC0000000000000035
:108F40000000000000000000000000000000000021
:108F50000000000000000000000000000000000011
:108F600000000000FE000000000000000000000003
:108F700000000000000000000000000000000000F1
:108F80000000FEFE000000000000000000000000E5
:108F9000FD0000FD0000FEFE00000000FE000000DD
:108FA00000FF0000000000FE00000000FD00FC00CB
:108FB0000000F90002FB0400FEF50000FBFE00F7D4
:108FC000FAFA0000F6FEF7F7F500FA00020FFD00CE
:108FD000FBFEFFFEFCFAFCF8F7FBFE0000FE0001C2
:108FE0000000F0FE0705FBF80001F900F5FEFE04A5
:108FF000EBFD010000F1FDF4FEF00000F0000D01BA
:1090000000FE00000000FFFEF7FE00F1000000007F
:10901000F900FE00FFFAF50000FFFDF9FE00FE007A
:10902000000000F6FEF9F9FEFCFAFEFC00FCFEF979
:10903000FD00FDFCFEFC000100FEF9000400FC0048
:10904000000000030002FC0900FEFEFD000000001D
:109050000000F900FE00FDFE00FBFAF9FE00FC0234
:109060000900000000120000010000FD00020000E5
:10907000000000000000000000000000FEFC0000F6
:10908000000000FF000000FEFE0000FCFE0000FCEF
:109090000004FF00000000000001000000000304C5
:1090A00002FE00F9FC0007F9F9FCFC090402EDFEE0
:1090B00004FE00FE02FEF800FE02FDFEF9FE0000C6
:1090C000070400FA00F4FD06FDF701FDF9F9FE09B9
:1090D0000200FD00FA000207FBF8F7FA070001F0B2
:1090E000FE02FCFEFB00FBF8FDFDFE0000FBFBFEAC
:1090F000000705FEF400F4FD00F8F3FFF9FCF9FAAF
:10910000060000FD00FCFE00FEFC0004F902000069
:10911000F400FEFBFCFEF9FAF9FB00F9FEFBFCF99A
:10912000FE0000010BFC00F9FE00FEFCFBFAFAF762
:10913000FDFC0400FD00F5FD0104F9F8FCF907FE53
:1091400001EBFC04FBFCF800F9F7FDFEFEFEFBF969
:10915000FF00000706FEF100F3FB05F7F1FCF8F74E
:10916000F5F90400000000FD000002FD0402FC040B
:109170000000F9FF00FF000101FE000000000000F8
:10918000FE0000000002070000FD00000000FEFEDF
:10919000FD0000000102000000000200FE000900C6
:1091A000040101FD000400000002000000000000B6
:1091B00000000000000700060000000000000000A2
:1091C000000000000000F300FE040007000016038A
:1091D000FCFC0202FE01F500000BF30000000000A1
:1091E000000000000000F1091F0000000000000066
:1091F0000000000000F3000000000000000000007C
:10920000000000000000000000000000000000005E
:10921000FC0000FCFE000000000000000000000058
:109220000000000000000000FE00FA000001000045
:10923000021DFCFE0706FA0200000202FD0000000B
:109240000000000000000000E30600000000000035
:109250000000000000000000000000FA000000FA1A
:1092600000000000FBFF000000FB00FD00F5000017
:10927000000000000000000000F1000000000100FC
:109280000000000000FE0000FC00FD00FA000000ED
:10929000FC02FD0000FAFEFB0000FA00FE00F500F3
:1092A000FE0000EEFCF7FEF80000F100FAFF0000FF
:1092B000000000000000FDFCFEFC00000000FB00C0
:1092C000FB03FE0400FEFBFEFCFC00FDFFFE02FAB9
:1092D000FF000000ECFEFD00FB00FEF5FE0000FEBE
:1092E000FE000000000200FEFCFE04000000000082
:1092F000000000000000000000000000000000006E
:10930000000000000000000000000000000000005D
:1093100000000000000003000000000000FB00FE51
:10932000000000FC02000000FAFEFC0000FA00FE53
:1093300000F500000000EA00FCF8F50000F100FE76
:10934000FD0000000000000000FEFDFFFD01000028
:1093500004FD00070BFEFEF9030B0405FA030903E5
:1093600006050600000000000000000000000E0BD3
:10937000FCFE00FE120A12000000020000080000BD
:10938000FC000000000000000000FE0000000000E3
:109390000000000300000000EDFDFEF7F50000F105
:1093A00000000000000000000000000000000000BD
:1093B00000FC000000000000000000FE00000000B3
:1093C000000000000300000000EDFDFEF7F50000C6
:1093D000F700000000000000000000000000000096
:1093E00000000000FE000000FB0200FE020402F983
:1093F0000000FE02000200000000FA00FEFEFC0079
:10940000FEF7000EFE00FBFE00FEFC00FEFAFCFD77
:10941000000000FC000000000000000000FE000052
:109420000000000000000300000000EDFDFEF7F565
:109430000000F10000000000000B00000000000030
:1094400000000000FC00F9FDFE07FEFEF701FF0131
:10945000FEFA000500020102FBF7FD00F7FCFAF737
:10946000F700FCFCFDFDFEFEFDFE00FEFF03000319
:10947000FE0007000000000000000000000000FEE9
:10948000FEFE0000FA00FF00FC00000000000000EB
:1094900000000000F30000000000000000000000D9
:1094A000FEFE00FD00000000FE0000FCFE0200FCCD
:1094B000FCFE00FAFEFBFEFD00FC000000000000C8
:1094C0000000000000F100070000FC00000000FDAB
:1094D00000FE0000FF0000FE00FB000009FDF9F99E
:1094E00002020200FA020302070207FEFA0000F776
:1094F0000000F9FA0000FC00FDFC00FD00FD00FE8C
:109500000300FEF9FE080000FE00FC000003FB0063
:1095100002FE020000F900FEFF00FE02FE00000055
:10952000F7FDFB00F90000F50008FE00FC0001005B
:10953000FE00FEF900FE0200000000FE000002FD39
:10954000010000FDFE00FD00000000000000000022
:109550000000000000000000F200050000FE000016
:1095600000000000FEFE00000004000500000000F6
:1095700000F2F3010A0704F70209000800040000E2
:109580000000000000000000000C000000000000CF
:10959000000000000000000000000000EC8902084C
:1095A000B08802084E8902083D3100009A60020826
:1095B0001C830208888802089C9502081000022873
:1095C000DC010020BD4A0108494A010810000300DF
:1095D00000FF0100AC950208000000000000000040
:1095E000F05F0208ADFE000800000000000000006F
:1095F000CD0001080000000001040000F05F020837
:109600003F0901088D09010800000000A9090108AF
:1096100004010D0000060000F05F0208070C0108BD
:10962000000000000000000000000000D127D1274A
:1096300044020000F05F0208890C0108C50C010813
:1096400000000000DD0C0108040182008503000019
:10965000F05F020805430108A5430108000000006F
:10966000C94301088200D12705040000F05F020809
:10967000E94801081B4901080000000045450108B0
:109680000000000080020000F05F02084160010855
:10969000BD6001080000000001610108D127D12749
:1096A000C0040000F05F0208ADB601080000000031
:1096B0000000000025B70108D1278200C502000084
:1096C0008896020800000000000000000000000072
:1096D0008DB8010800000000C0040000FC950208DD
:1096E00011BA0108000000000000000069BA01087A
:1096F0000000000085070000F05F020877C5010840
:109700009FC5010800000000A9C5010834001E0023
:109710008402000006F2ECE83699D661963ABE243F
:109720005E05FA05B1046A4D098EE7CE47FF00FEDB
:10973000C0FCA4FAA97AF163F39C8AEA8EE3D3EC25
:109740007AFE5DFF0FEA12F376F4DAFD3DFF37AAE9
:1097500059BB9BCCFCE53EF7B87AB993FBB43DD638
:109760003EEF585B397C5B9D5DC65EEF3E45BE6556
:109770005F96FFBE9FE7BE2D1E4EBF863FB7BFE779
:109780003B269C4EFD865EB7BFE73325B54D588618
:10979000FBB69EE7CD653086B4A639CFBDEF6C9E93
:1097A000B0AE14C779DFDDF70AD72EDF73E7B8F75D
:1097B000DCFF6BFF8EFFB3FFD8FFFCFF45FEA9FE69
:1097C00010FF76FFDCFF24FDA9FD70FE16FF9CFF55
:1097D00088FB4CFC52FD77FE5CFF6C8B4FA454BDA4
:1097E00079D65DEF937C3595F8B5DBCE7EEFF7BD8E
:1097F0001CE77DEFBEF7DFFFC6E165D145C1E3B0F1
:10980000CCD8CBC0AAA869883589F478D368B14888
:10981000B65975513441D230553AF331B2290F1946
:109820005C1CBA1B3813340ADC045A04B703B302B5
:109830007805B40411040C034F04CD034B036802F4
:109840000845673CE62BE41A887DE76C45544333B2
:1098500046C6A5ADE49CA283C6FE05FE44FDE2F328
:1098600080FD00FD60FC60FB60FCE0F360EB80E2EB
:1098700083F243E202DAA1B9686A065AA54924399B
:109880006F53CC4229328721AE730C630842042106
:1098900000003C027804B306EE08280B610D990F16
:1098A000D01106143A166C189D1ACB1CF71E2121F4
:1098B00048236C258E27AC29C72BDF2DF32F0332CD
:1098C000103418361C381C3A173C0E3EFF3FEC4152
:1098D000D443B64593476A493C4B084DCD4E8D5015
:1098E0004652F953A5554B57EA58825A135C9C5D72
:1098F0001F5F9A600D627963DD6439668D67D96890
:109900001D6A596B8C6CB76DD96EF36F04710C7254
:109910000B730174EE74D275AD767F774778067954
:10992000BB79677A0A7BA27B327CB77C337DA57DCD
:109930000D7E6C7EC07E0B7F4B7F827FAF7FD27FA0
:10994000EB7FFA7FFF7F0000F05F020805C7010888
:1099500041C70108000000008DC70108D127D127A9
:1099600085030000F05F0208397301085573010890
:10997000000000006D73010800000000C00300003B
:10998000F05F020895CB01089FCD010800000000A0
:10999000BDCD0108040182000406000000FF00554F
:1099A000AAFF00112233445566778899AABBCCDD03
:1099B000EEFF000102030405060708090A0B0C0D5F
:1099C0000E0F101112131415161718191A1B1C1D3F
:1099D0001E1F202122232425262728292A2B2C2D2F
:1099E0002E2F303132333435363738393A3B3C3D1F
:1099F0003E3F404142434445464748494A4B4C4D0F
:109A00004E4F505152535455565758595A5B5C5DFE
:109A10005E5F606162636465666768696A6B6C6DEE
:109A20006E6F707172737475767778797A7B7C7DDE
:109A30007E7F808182838485868788898A8B8C8DCE
:109A40008E8F909192939495969798999A9B9C9DBE
:109A50009E9FA0A1A2A3A4A5A6A7A8A9AAABACADAE
:109A6000AEAFB0B1B2B3B4B5B6B7B8B9BABBBCBD9E
:109A7000BEBFC0C1C2C3C4C5C6C7C8C9CACBCCCD8E
:109A8000CECFD0D1D2D3D4D5D6D7D8D9DADBDCDD7E
:109A9000DEDFE0E1E2E3E4E5E6E7E8E9EAEBECED6E
:109AA000EEEFF0F1F2F3F4F5F6F7F8F9FAFBFCFD5E
:109AB000FEFF808080818182828384858687898A77
:109AC0008C8D8F91939597999B9EA0A2A5A7AAADE7
:109AD000AFB2B500FF1FFF1F01E001E064656661E2
:109AE000756C745461736B004C7648616E646C6580
:109AF000725461736B000000486172647761726533
:109B0000496E69745461736B00000000536100007A
:109B100057650000546800004D6F00004672000059
:109B200053750000547500004A756E650000000012
:109B30004D61726368000000417072696C00000042
:109B4000446563656D626572000000005365707462
:109B5000656D6265720000004E6F76656D626572BC
:109B6000000000004F63746F626572004175677595
:109B7000737400004D6179004A756C790000000033
:109B80004A616E75617279004665627275617279BB
:109B900000000000323032330A323032320A3230C2
:109BA00032310A323032300A323031390A32303111
:109BB000380A323031370A323031360A32303135F4
:109BC0000A323031340A323031330A323031320A1B
:109BD000323031310A323031300A323030390A32E3
:109BE0003030380A323030370A323030360A3230CC
:109BF00030350A323030340A323030330A323030C5
:109C0000320A323030310A323030300A31393939A3
:109C10000A313939380A313939370A313939360A8E
:109C2000313939350A313939340A313939330A3160
:109C30003939320A313939310A313939300A313951
:109C400038390A313938380A313938370A31393830
:109C5000360A313938350A313938340A313938332E
:109C60000A313938320A313938310A313938300A53
:109C7000313937390A313937380A313937370A310A
:109C80003937360A313937350A313937340A3139FB
:109C900037330A313937320A313937310A313937F6
:109CA000300A313936390A313936380A31393637DE
:109CB0000A313936360A313936350A313936340AFD
:109CC000313936330A313936320A313936310A31CF
:109CD0003936300A313935390A313935380A3139AE
:109CE00035370A313935360A313935350A313935A2
:109CF000340A313935330A313935320A313935319F
:109D00000A313935300A313934390A313934380AAF
:109D1000313934370A313934360A313934350A3178
:109D20003934340A313934330A313934320A313969
:109D300034310A313934300A313933390A3139335F
:109D4000380A313933370A313933360A3139333544
:109D50000A313933340A313933330A313933320A6B
:109D6000313933310A313933300A313932390A3134
:109D70003932380A313932370A313932360A313913
:109D800032350A313932340A313932330A31393213
:109D9000320A313932310A313932300A3139313906
:109DA0000A313931380A313931370A313931360A15
:109DB000313931350A313931340A313931330A31E7
:109DC0003931320A313931310A313931300A3139D8
:109DD00030390A313930380A313930370A313930BF
:109DE000360A313930350A313930340A31393033B5
:109DF0000A313930320A31393031000030310A301D
:109E0000320A30330A30340A30350A30360A3037F5
:109E10000A30380A30390A31300A31310A31320019
:109E20000A00000042746E310000000042746E327D
:109E30000000000042746E330000000042746E3473
:109E40000000000042746E35000000006C9E0208A5
:109E500000000020BC020000D4010008149F02088A
:109E6000BC020020BC82010030020008013013B99E
:109E70002B1B08BB041AB504014C32018210A32429
:109E8000F42C0402400412100279401AAA01410A7B
:109E9000292DCC811E209B020818041A24041A10B4
:109EA000041A14041A1C041A0C041A80041A8804D4
:109EB0001A30041A38041A74041A28041A78041A76
:109EC0006C041A4C041A64041A58041A40041EFC48
:109ED0009D0208940801301E249E02082C041A34A6
:109EE000041A20041A3C041A44040A31904C814597
:109EF000D4C3B2A102176F180AADD90108D9D8018D
:109F00000851041ED1D7010865101A890C1AB10432
:049F10000148000004
:040000050800019955
:00000001FF
